{
"type": "FeatureCollection",
"name": "dongtan_iso60",
"crs": { "type": "name", "properties": { "name": "urn:ogc:def:crs:OGC:1.3:CRS84" } },
"features": [
{ "type": "Feature", "properties": { }, "geometry": { "type": "Polygon", "coordinates": [ [ [ 126.895512701930159, 37.253353687427904 ], [ 126.892663975550377, 37.254458165465245 ], [ 126.892592854193595, 37.254487418698382 ], [ 126.890706301840993, 37.255309024102246 ], [ 126.890586353582108, 37.255366524483641 ], [ 126.889501779014736, 37.255936451433818 ], [ 126.889387610943444, 37.256002032996783 ], [ 126.888020704176128, 37.25685824692377 ], [ 126.887990853850241, 37.256877383949757 ], [ 126.882750448484273, 37.260315304592048 ], [ 126.882746765441027, 37.260317972827337 ], [ 126.882742790379766, 37.260320358363302 ], [ 126.876925576631351, 37.264181945180823 ], [ 126.875798644707515, 37.264835119733753 ], [ 126.874888211247793, 37.26509649044548 ], [ 126.865778600584946, 37.267047445703085 ], [ 126.86566561046547, 37.267075052977283 ], [ 126.863500312695493, 37.267670916472632 ], [ 126.863325847624154, 37.267727794331179 ], [ 126.862161963260064, 37.268169149969438 ], [ 126.862022605850555, 37.268228514416826 ], [ 126.86189078147126, 37.268298005196314 ], [ 126.861767638743203, 37.268377016826896 ], [ 126.861002968069968, 37.268916431201689 ], [ 126.860890633222311, 37.269003378011348 ], [ 126.860788823738943, 37.269098243174248 ], [ 126.860698409548561, 37.269200216135971 ], [ 126.855077789223543, 37.276203761104895 ], [ 126.855023538008467, 37.276276238348679 ], [ 126.854091875529221, 37.277614017933708 ], [ 126.854010992908641, 37.27774672463196 ], [ 126.853948695626684, 37.277885686268689 ], [ 126.853580138328866, 37.278874832120053 ], [ 126.85354377725892, 37.278990999949983 ], [ 126.853088347736758, 37.280778990171321 ], [ 126.853062386899254, 37.280917043485459 ], [ 126.852954833326649, 37.281795708128747 ], [ 126.852946962335338, 37.281908428661559 ], [ 126.852950887565086, 37.282021280940917 ], [ 126.852966581700855, 37.282133478130689 ], [ 126.853062368044718, 37.282629580281601 ], [ 126.853063741721101, 37.282636573330251 ], [ 126.85317885111759, 37.283212712992352 ], [ 126.853201951671693, 37.283306778367496 ], [ 126.855335387094698, 37.290612210130682 ], [ 126.855336984769139, 37.290616677268645 ], [ 126.855338065972759, 37.29062124219088 ], [ 126.856844785500428, 37.295624327267184 ], [ 126.857024726805122, 37.296540216702383 ], [ 126.857127497200551, 37.297099149825726 ], [ 126.857176948155086, 37.297775709582439 ], [ 126.857177092276444, 37.297777657204605 ], [ 126.857211556248672, 37.298237757282564 ], [ 126.857387492656116, 37.302829453913937 ], [ 126.85736756660792, 37.302985353687447 ], [ 126.857287532163568, 37.303251177815426 ], [ 126.857004169301007, 37.303751292996822 ], [ 126.856685430917906, 37.304133583552158 ], [ 126.85624552443447, 37.304595539471393 ], [ 126.852181047195742, 37.308652841813839 ], [ 126.852177455603496, 37.30865681144126 ], [ 126.852173427547172, 37.308660504138921 ], [ 126.84785969758579, 37.313030437228733 ], [ 126.846953988935979, 37.313591634463556 ], [ 126.846184470536755, 37.313869231661968 ], [ 126.845621106707497, 37.31403709142824 ], [ 126.843378745385891, 37.314169421177745 ], [ 126.838439501313189, 37.314460751927335 ], [ 126.831999993575806, 37.314796932458314 ], [ 126.831408637817773, 37.307665885994645 ], [ 126.831408587786925, 37.307665540700278 ], [ 126.831408580143929, 37.307665193154563 ], [ 126.831046183193877, 37.303328285424605 ], [ 126.831033019272567, 37.303227621825705 ], [ 126.831010465707479, 37.303128026911835 ], [ 126.830816586931363, 37.302423532136991 ], [ 126.830778058529887, 37.302308108346672 ], [ 126.830726927027129, 37.302195851738652 ], [ 126.830294058938819, 37.301362113566853 ], [ 126.830204202322051, 37.301214926374911 ], [ 126.829136976592508, 37.299706165783576 ], [ 126.829127381255873, 37.299692779206289 ], [ 126.828258893790888, 37.298496989976655 ], [ 126.828141062890253, 37.29829147824757 ], [ 126.82807572427339, 37.29764767739065 ], [ 126.828410743481342, 37.296469203172492 ], [ 126.82843953431852, 37.296338529366821 ], [ 126.828452154160601, 37.296206230280937 ], [ 126.82844848155608, 37.296073580033315 ], [ 126.828428551959533, 37.2959418561177 ], [ 126.828392557387204, 37.295812327100158 ], [ 126.828340844564408, 37.295686240402482 ], [ 126.828273911583452, 37.295564810289164 ], [ 126.828192403104012, 37.295449206174304 ], [ 126.828097104142543, 37.295340541360311 ], [ 126.827988932510294, 37.295239862317331 ], [ 126.827868929973235, 37.295148138606393 ], [ 126.827738252218666, 37.29506625354324 ], [ 126.827598157725433, 37.294994995692846 ], [ 126.827449995644869, 37.294935051276362 ], [ 126.827295192809061, 37.294886997563594 ], [ 126.827135239991591, 37.294851297314707 ], [ 126.826971677552933, 37.294828294324375 ], [ 126.826806080608776, 37.294818210111721 ], [ 126.82664004386389, 37.294821141787224 ], [ 126.826475166257424, 37.294837061117939 ], [ 126.826313035567551, 37.294865814799195 ], [ 126.826155213123556, 37.294907125930841 ], [ 126.826003218772286, 37.294960596683374 ], [ 126.825858516243926, 37.295025712128513 ], [ 126.82572249905769, 37.29510184519733 ], [ 126.825596477103289, 37.295188262718156 ], [ 126.825481664026995, 37.295284132476233 ], [ 126.825379165544206, 37.29538853122709 ], [ 126.825289968790699, 37.295500453586648 ], [ 126.8252149328152, 37.295618821712317 ], [ 126.825154780304885, 37.295742495682013 ], [ 126.825110090623696, 37.295870284471206 ], [ 126.824717555188258, 37.297250864232488 ], [ 126.824688082918399, 37.297385876423967 ], [ 126.824675870625072, 37.297522578594183 ], [ 126.824681043882279, 37.29765956613943 ], [ 126.824791384798473, 37.298747266803773 ], [ 126.824809687414785, 37.298864155224933 ], [ 126.824840656636198, 37.298979327248389 ], [ 126.824884057424811, 37.299091908573658 ], [ 126.82493956036744, 37.299201044563041 ], [ 126.825215416761012, 37.299682207816559 ], [ 126.825290237413043, 37.299797695014114 ], [ 126.82619473863096, 37.301043138318235 ], [ 126.827206658259215, 37.302473792190035 ], [ 126.827542707090174, 37.303121100952382 ], [ 126.827677101680621, 37.303609526573929 ], [ 126.828030824858459, 37.307844896570359 ], [ 126.828621444183028, 37.314970910809471 ], [ 126.823031619546839, 37.315252229355082 ], [ 126.823019484411887, 37.315253319316625 ], [ 126.823007277649836, 37.315253594577747 ], [ 126.818040701293597, 37.315560787899145 ], [ 126.818031410573511, 37.315561382907617 ], [ 126.815368324792956, 37.31573779985257 ], [ 126.814027052114483, 37.31582590943384 ], [ 126.813852338100205, 37.315844742517683 ], [ 126.813681023870217, 37.315877986383754 ], [ 126.811915820172658, 37.316299364616668 ], [ 126.811709270606741, 37.316360621438015 ], [ 126.810564645364821, 37.316769601197755 ], [ 126.810392652505342, 37.316840749345339 ], [ 126.808943750119369, 37.317526773677265 ], [ 126.808648068946766, 37.317658732721462 ], [ 126.807960856845853, 37.316687949548623 ], [ 126.80788854051643, 37.316594815340622 ], [ 126.807807017838712, 37.316506664827166 ], [ 126.806856711977233, 37.315561755228615 ], [ 126.806745050474646, 37.3154613732775 ], [ 126.80662147325468, 37.315370332661686 ], [ 126.804499442313329, 37.313956084709339 ], [ 126.804373098940886, 37.313879601454005 ], [ 126.804238351728188, 37.313812893863236 ], [ 126.804096382495459, 37.313756546995087 ], [ 126.803050360582716, 37.313389103530433 ], [ 126.802868905436171, 37.313335028739559 ], [ 126.795885170209942, 37.311610081344277 ], [ 126.795724256044636, 37.311577145225534 ], [ 126.795560075092183, 37.311556965508665 ], [ 126.795394208423616, 37.311549736524384 ], [ 126.795228253340653, 37.311555527887194 ], [ 126.795063807996144, 37.311574283825216 ], [ 126.794902456006199, 37.311605823717066 ], [ 126.794745751202271, 37.311649843831169 ], [ 126.794595202669854, 37.311705920250176 ], [ 126.794452260217795, 37.311773512952819 ], [ 126.794318300417871, 37.311851971013574 ], [ 126.794194613349433, 37.311940538870331 ], [ 126.794082390176129, 37.312038363599669 ], [ 126.793982711674886, 37.312144503129637 ], [ 126.793896537826981, 37.312257935311202 ], [ 126.793824698572223, 37.31237756776077 ], [ 126.793767885814646, 37.312502248379332 ], [ 126.793726646756937, 37.312630776446738 ], [ 126.793701378628342, 37.312761914184421 ], [ 126.793692324855996, 37.312894398675283 ], [ 126.793699572717614, 37.313026954025808 ], [ 126.793723052497711, 37.313158303653431 ], [ 126.793762538155619, 37.313287182580872 ], [ 126.793817649499275, 37.313412349618766 ], [ 126.793887855843764, 37.313532599319714 ], [ 126.793972481119454, 37.313646773588061 ], [ 126.794070710380851, 37.313753772834033 ], [ 126.794181597653193, 37.313852566564478 ], [ 126.794304075041879, 37.313942203308322 ], [ 126.794436963016366, 37.314021819781011 ], [ 126.794578981769888, 37.31409064919977 ], [ 126.794728763545677, 37.314148028669322 ], [ 126.794884865810673, 37.314193405567146 ], [ 126.801776145279035, 37.315895527539922 ], [ 126.802514198881397, 37.316154791206017 ], [ 126.804322819015695, 37.317360186041221 ], [ 126.805081299801131, 37.318114386027531 ], [ 126.805692426561663, 37.318977734796853 ], [ 126.805143922056516, 37.319222500290358 ], [ 126.805128211486604, 37.319230342614489 ], [ 126.805111905500382, 37.319237159526367 ], [ 126.805111201908773, 37.319237528014114 ], [ 126.805110372587734, 37.3192378756087 ], [ 126.800964698211871, 37.3211882799785 ], [ 126.79967804930358, 37.321590506496513 ], [ 126.796265135862569, 37.32230087367563 ], [ 126.796225035684287, 37.322309640826184 ], [ 126.795001368201909, 37.322590108727134 ], [ 126.794848918326551, 37.322631408958699 ], [ 126.794702069450508, 37.322684086421418 ], [ 126.791165564712216, 37.324117701252113 ], [ 126.791127095058869, 37.324133793889622 ], [ 126.787911178503222, 37.325521272072962 ], [ 126.787892652666244, 37.325530228998119 ], [ 126.787873361993803, 37.325538089065795 ], [ 126.780434196972251, 37.328946105282434 ], [ 126.780432465865999, 37.328946899326048 ], [ 126.775485997458375, 37.331218726901199 ], [ 126.775377019226468, 37.331273274926779 ], [ 126.765907728600396, 37.336422401719588 ], [ 126.765901097935213, 37.33642640063357 ], [ 126.765894051147598, 37.336429916686555 ], [ 126.762869717382046, 37.338109039791917 ], [ 126.760289028729957, 37.339475402354275 ], [ 126.760167320201688, 37.339546257166333 ], [ 126.760053978934863, 37.339625467180412 ], [ 126.759327746629523, 37.340180438512931 ], [ 126.759221582449783, 37.340269284719582 ], [ 126.758554850192837, 37.34088057532869 ], [ 126.758445402993942, 37.340992242117608 ], [ 126.758351205088275, 37.341112446796238 ], [ 126.757670828730042, 37.342091328441192 ], [ 126.757649748474023, 37.342122618978877 ], [ 126.75602387146931, 37.344613818972149 ], [ 126.755170495105688, 37.345838657738121 ], [ 126.754500580981954, 37.346412956903187 ], [ 126.753863225976787, 37.346829219608026 ], [ 126.75326673453759, 37.347100534619997 ], [ 126.751396295370228, 37.34771385085471 ], [ 126.746462679842523, 37.349112499809991 ], [ 126.746436880822344, 37.349120001551235 ], [ 126.74257294574312, 37.350271868588244 ], [ 126.742420287933029, 37.350324322969549 ], [ 126.742274805230537, 37.350388470011005 ], [ 126.742137898666982, 37.35046369196963 ], [ 126.742010886695653, 37.350549264448063 ], [ 126.741894992495716, 37.35064436336971 ], [ 126.741791332192818, 37.350748072913781 ], [ 126.741700904110203, 37.35085939433381 ], [ 126.741624579153651, 37.350977255574918 ], [ 126.741563092422794, 37.351100521597033 ], [ 126.741517036129949, 37.351228005304897 ], [ 126.741486853894301, 37.35135847897952 ], [ 126.741472836466968, 37.351490686101016 ], [ 126.741475118927738, 37.351623353449185 ], [ 126.741493679381009, 37.351755203364931 ], [ 126.741528339163381, 37.351884966054925 ], [ 126.741578764560884, 37.352011391820611 ], [ 126.741644470020091, 37.352133263093982 ], [ 126.741724822821311, 37.352249406164155 ], [ 126.741819049169763, 37.352358702481787 ], [ 126.741926241645984, 37.352460099432371 ], [ 126.742045367943405, 37.352552620474675 ], [ 126.742175280809491, 37.352635374546701 ], [ 126.742314729094446, 37.35270756464832 ], [ 126.742462369801146, 37.352768495518141 ], [ 126.742616781020303, 37.35281758033048 ], [ 126.742776475625959, 37.35285434634784 ], [ 126.742939915599862, 37.352878439474559 ], [ 126.743105526845994, 37.352889627667729 ], [ 126.743271714353227, 37.352887803172322 ], [ 126.743436877559262, 37.352872983559173 ], [ 126.743599425768252, 37.352845311555903 ], [ 126.743757793473335, 37.352805053671887 ], [ 126.747608979826339, 37.351656984123125 ], [ 126.752568483689345, 37.350250991298942 ], [ 126.752645130707037, 37.350227575660966 ], [ 126.754654096529535, 37.349568833316155 ], [ 126.754849009356676, 37.349492935223445 ], [ 126.755663653403815, 37.349122389770983 ], [ 126.755784002906438, 37.349062174884118 ], [ 126.755897608829088, 37.34899412079875 ], [ 126.756733998745318, 37.348447857116057 ], [ 126.756901000100925, 37.34832281975438 ], [ 126.757789556283512, 37.347561063187264 ], [ 126.757919900227122, 37.347434788759521 ], [ 126.75803018198576, 37.347296868085827 ], [ 126.75899491946474, 37.345912120134606 ], [ 126.759016799966403, 37.34587968016266 ], [ 126.760642987285877, 37.34338785573209 ], [ 126.761226012494589, 37.342548991325167 ], [ 126.761725074591055, 37.34209141408688 ], [ 126.762286556117573, 37.341662332430758 ], [ 126.764756921987924, 37.3403543626385 ], [ 126.764787778134362, 37.340337631241347 ], [ 126.76713015150051, 37.339037132571093 ], [ 126.767151642660394, 37.339036227566666 ], [ 126.767206809024074, 37.339029531384504 ], [ 126.767262070782238, 37.339024277440373 ], [ 126.767288799123392, 37.33901957924423 ], [ 126.76731592835327, 37.33901628622494 ], [ 126.767370006546273, 37.339005304901917 ], [ 126.767424357895877, 37.338995751187184 ], [ 126.767450381096197, 37.338988983689092 ], [ 126.767476974850595, 37.338983583429673 ], [ 126.767529443401557, 37.338968422992977 ], [ 126.767582361524163, 37.338954661235384 ], [ 126.767607429250461, 37.338945889449228 ], [ 126.767633231110693, 37.338938434141966 ], [ 126.767683584146397, 37.338919241017251 ], [ 126.767734559935818, 37.338901403322808 ], [ 126.767758431003628, 37.338890711496255 ], [ 126.767783192233779, 37.338881273195078 ], [ 126.767830944386574, 37.338858232778549 ], [ 126.767879487317984, 37.338836490376508 ], [ 126.767901931998807, 37.338823981189279 ], [ 126.767925413957556, 37.338812651105847 ], [ 126.77738991433165, 37.33372295787975 ], [ 126.782212099972355, 37.331519649305839 ], [ 126.789722277617031, 37.328160359746995 ], [ 126.789723840605689, 37.328159577703651 ], [ 126.789725490265923, 37.328158918897252 ], [ 126.792872578936937, 37.326743803926632 ], [ 126.796224392436102, 37.325344564873632 ], [ 126.797209329642314, 37.32510902003817 ], [ 126.800688324712922, 37.324389885293847 ], [ 126.800896910416483, 37.324335015338285 ], [ 126.802442865688803, 37.323837428666614 ], [ 126.802659989470115, 37.323752691007378 ], [ 126.806926262496987, 37.321774580561936 ], [ 126.80748061796659, 37.321524302195435 ], [ 126.807791904968667, 37.321971202959205 ], [ 126.808243327496342, 37.323197808802739 ], [ 126.808725110790164, 37.334450885249055 ], [ 126.808738930432696, 37.334583107064503 ], [ 126.80876891413557, 37.334713610576074 ], [ 126.808814773219837, 37.334841138952413 ], [ 126.808876066110642, 37.334964464008365 ], [ 126.808952202587037, 37.335082398033705 ], [ 126.809042449463732, 37.335193805232272 ], [ 126.809145937650072, 37.335297612661414 ], [ 126.809261670518509, 37.335392820566135 ], [ 126.809388533501945, 37.335478512008493 ], [ 126.809525304827261, 37.335553861699644 ], [ 126.809670667282532, 37.335618143948963 ], [ 126.809823220903255, 37.335670739654219 ], [ 126.8099814964567, 37.335711142264792 ], [ 126.810143969593625, 37.335738962661168 ], [ 126.810309075531208, 37.335753932903096 ], [ 126.810475224125739, 37.335755908810569 ], [ 126.810640815189842, 37.335744871352617 ], [ 126.810804253906369, 37.335720926830774 ], [ 126.81096396619067, 37.335684305855033 ], [ 126.81111841385291, 37.335635361122613 ], [ 126.811266109414618, 37.335574564020575 ], [ 126.81140563043617, 37.335502500085262 ], [ 126.811535633217787, 37.335419863362191 ], [ 126.81165486574136, 37.335327449720921 ], [ 126.811762179728859, 37.335226149189076 ], [ 126.811856541701061, 37.335116937379588 ], [ 126.811937042930055, 37.335000866093743 ], [ 126.812002908189484, 37.334879053190576 ], [ 126.812053503218891, 37.334752671820098 ], [ 126.812088340829646, 37.334622939124287 ], [ 126.812107085594207, 37.334491104514548 ], [ 126.812109557073512, 37.334358437638642 ], [ 126.811619943385381, 37.322934418240081 ], [ 126.811609139863748, 37.322821348457971 ], [ 126.811586510015843, 37.322709399385772 ], [ 126.811552213085847, 37.322599358540337 ], [ 126.810987173524666, 37.321064212850978 ], [ 126.810924359013626, 37.320922998989424 ], [ 126.810842362144541, 37.320788204451297 ], [ 126.810428105393953, 37.32019350933745 ], [ 126.810765898998511, 37.320040987512684 ], [ 126.810839491234972, 37.320005764045568 ], [ 126.812120087358124, 37.31935703915795 ], [ 126.813019274454803, 37.319033861711034 ], [ 126.814475936868504, 37.318690773488179 ], [ 126.815652133247767, 37.318615416783935 ], [ 126.815664006999, 37.318614622395899 ], [ 126.8183364549392, 37.318428230602372 ], [ 126.823227912037964, 37.318167898963125 ], [ 126.823228945743907, 37.318167803053157 ], [ 126.823229986219729, 37.31816778750661 ], [ 126.830112113351163, 37.317794382609286 ], [ 126.830422629535349, 37.317778946756185 ], [ 126.830447507447431, 37.317793352841541 ], [ 126.830584105702059, 37.317864691295306 ], [ 126.830728670892981, 37.317925192014805 ], [ 126.830879859220929, 37.317974292610536 ], [ 126.831036265311596, 37.318011536662631 ], [ 126.831196435280887, 37.318036577964165 ], [ 126.831916270577494, 37.318120575809409 ], [ 126.832104568935478, 37.318134027278084 ], [ 126.832293571066671, 37.318130626056977 ], [ 126.83786730728859, 37.317780789936272 ], [ 126.837878651918402, 37.317784902462158 ], [ 126.837914025195985, 37.317799510937661 ], [ 126.837928495399808, 37.317804114148608 ], [ 126.837942460200622, 37.317809623836247 ], [ 126.837968410234339, 37.317817440569847 ], [ 126.837993664896487, 37.317826595569656 ], [ 126.838031365555779, 37.317836838778085 ], [ 126.838068361370773, 37.317848607705344 ], [ 126.838083326841073, 37.317852055947846 ], [ 126.838097900590597, 37.317856445867534 ], [ 126.838124685002583, 37.317862193458069 ], [ 126.838150941631753, 37.317869327307783 ], [ 126.838189717883978, 37.317876569789284 ], [ 126.838227979931148, 37.317885385821491 ], [ 126.838243296535737, 37.317887645885293 ], [ 126.838258338874596, 37.317890873757598 ], [ 126.838285699704386, 37.317894496849583 ], [ 126.838312705423277, 37.31789954084288 ], [ 126.838352183813967, 37.317903712844434 ], [ 126.838391343591255, 37.317909491074083 ], [ 126.83840686381555, 37.317910541192212 ], [ 126.838422229870716, 37.317912575929398 ], [ 126.838449903605195, 37.31791403962837 ], [ 126.838477398321018, 37.317916945186361 ], [ 126.838517198632218, 37.317918006526881 ], [ 126.838556878990161, 37.317920691303513 ], [ 126.838572453358069, 37.317920521362069 ], [ 126.83858799513834, 37.317921343367495 ], [ 126.838615715250327, 37.317920633576222 ], [ 126.838643434159991, 37.317921372715318 ], [ 126.838683173072482, 37.317919313172538 ], [ 126.838722991847277, 37.317918878638977 ], [ 126.838738470361108, 37.317917490274496 ], [ 126.838754038182643, 37.317917091631379 ], [ 126.838781537697969, 37.317914215185617 ], [ 126.838809213838971, 37.317912780787147 ], [ 126.838848508624835, 37.317907620196259 ], [ 126.8388880823194, 37.31790407053748 ], [ 126.838903315904616, 37.317901477121239 ], [ 126.83891875983285, 37.317899861668955 ], [ 126.838945773902211, 37.317894846271592 ], [ 126.838973140723951, 37.317891252150353 ], [ 126.839011612933191, 37.317883040212884 ], [ 126.839050560411295, 37.317876409615842 ], [ 126.839065402352674, 37.317872636124982 ], [ 126.839080573646399, 37.317869819422057 ], [ 126.839106842096356, 37.317862713376364 ], [ 126.839133636028038, 37.317856994147498 ], [ 126.839170915133948, 37.317845809952601 ], [ 126.839208861291581, 37.317836162276883 ], [ 126.839223168646328, 37.31783124505386 ], [ 126.839237921190573, 37.317827254228092 ], [ 126.839263191029744, 37.317818125972373 ], [ 126.839289154019013, 37.317810336718004 ], [ 126.839324880987363, 37.317796287980634 ], [ 126.839361460365765, 37.317783716143289 ], [ 126.839375095340358, 37.317777702545875 ], [ 126.839389287053891, 37.317772576033001 ], [ 126.839413314909947, 37.317761513481422 ], [ 126.839438196908489, 37.317751729220028 ], [ 126.83947202765566, 37.317734951243409 ], [ 126.839506887961733, 37.317719576323938 ], [ 126.839519719239291, 37.317712524268956 ], [ 126.839533213443019, 37.317706311442485 ], [ 126.839555767906759, 37.317693421138216 ], [ 126.839574849349873, 37.317683957880483 ], [ 126.843531210362357, 37.317482952397398 ], [ 126.844285698544766, 37.327936299462742 ], [ 126.8442887334093, 37.327958933467585 ], [ 126.84428993429897, 37.327981673107772 ], [ 126.844291153688161, 37.327988566968067 ], [ 126.844291610807531, 37.327995521815083 ], [ 126.844298499838288, 37.328031771358575 ], [ 126.844303388058194, 37.328068227583941 ], [ 126.844309186091238, 37.328090513658921 ], [ 126.844313172556824, 37.328113051216469 ], [ 126.84431523255131, 37.328119817450244 ], [ 126.84431654092468, 37.328126701989611 ], [ 126.844327846137247, 37.328162237752601 ], [ 126.84433718554277, 37.328198135812229 ], [ 126.844345690575494, 37.328219859377576 ], [ 126.844352424585793, 37.328241977761373 ], [ 126.844355305601937, 37.328248551161451 ], [ 126.844357452379853, 37.328255299125793 ], [ 126.844373064920177, 37.32828977887565 ], [ 126.844386765589249, 37.328324773047662 ], [ 126.844397895394181, 37.328345724979712 ], [ 126.844407312443892, 37.328367211094623 ], [ 126.844410986979966, 37.328373528281709 ], [ 126.844413951249109, 37.328380074747564 ], [ 126.844433720778795, 37.328413166419978 ], [ 126.844451650785629, 37.328446919685895 ], [ 126.844465297877662, 37.328466898328422 ], [ 126.844477307598666, 37.328487545130336 ], [ 126.844481740492554, 37.328493545165685 ], [ 126.844485493483973, 37.328499827176479 ], [ 126.844509229627391, 37.328531212073813 ], [ 126.844531216312248, 37.328563399364285 ], [ 126.844547248992058, 37.328582212466557 ], [ 126.844561736014512, 37.328601820960714 ], [ 126.844566884776185, 37.328607445936257 ], [ 126.844571390148275, 37.328613403105464 ], [ 126.852714626667506, 37.338273786780142 ], [ 126.860595876972042, 37.350863094268611 ], [ 126.860677393455987, 37.35097872124684 ], [ 126.860772714277161, 37.351087412791124 ], [ 126.860880921474191, 37.35118812211099 ], [ 126.86100097296665, 37.351279879287382 ], [ 126.861131712590364, 37.351361800614725 ], [ 126.861271881231843, 37.351433097112853 ], [ 126.861420128955118, 37.351493082126524 ], [ 126.861575028003728, 37.351541177939566 ], [ 126.861735086552628, 37.351576921339579 ], [ 126.861898763077662, 37.351599968079853 ], [ 126.862064481204229, 37.351610096195401 ], [ 126.862230644891568, 37.351607208140969 ], [ 126.862395653806857, 37.351591331730802 ], [ 126.862557918740478, 37.351562619870649 ], [ 126.862715876914308, 37.351521349084969 ], [ 126.862868007035047, 37.351467916853338 ], [ 126.863012843947786, 37.351402837781706 ], [ 126.863148992748549, 37.351326738645632 ], [ 126.863275142219663, 37.351240352352832 ], [ 126.86339007745876, 37.35114451088382 ], [ 126.86349269157941, 37.35104013727814 ], [ 126.863581996370897, 37.350928236743641 ], [ 126.863657131814634, 37.350809886974666 ], [ 126.863717374365095, 37.350686227771853 ], [ 126.863762143916119, 37.350558450064355 ], [ 126.863791009385253, 37.350427784439574 ], [ 126.863803692862462, 37.350295489291199 ], [ 126.86380007228351, 37.350162838699752 ], [ 126.86378018260227, 37.350031110162263 ], [ 126.863744215450737, 37.349901572289312 ], [ 126.863692517290417, 37.349775472587879 ], [ 126.863625586072516, 37.349654025447656 ], [ 126.855695043236864, 37.336986780990145 ], [ 126.855585044712058, 37.336836189822748 ], [ 126.84763951980942, 37.327410829668764 ], [ 126.846879669825114, 37.316889627406638 ], [ 126.846864627077721, 37.316771644261109 ], [ 126.846864166349079, 37.316769722865786 ], [ 126.847480480322389, 37.316607232401658 ], [ 126.847677129292833, 37.31654423280542 ], [ 126.848697140992755, 37.316156615725255 ], [ 126.848867478760525, 37.316082025300531 ], [ 126.849025995152445, 37.315992339284847 ], [ 126.850310753315398, 37.31517309900326 ], [ 126.850444598808352, 37.31507806740283 ], [ 126.850565125110521, 37.314972273746811 ], [ 126.855089186890126, 37.310552162015227 ], [ 126.855103203879423, 37.310537005108941 ], [ 126.855118519432907, 37.310522672280378 ], [ 126.859056205816728, 37.306448348825754 ], [ 126.860230834433168, 37.305379518745063 ], [ 126.860778890131598, 37.305071456156313 ], [ 126.861552041657689, 37.304780856315048 ], [ 126.862423549505664, 37.304536188190411 ], [ 126.863349081672382, 37.304435905500434 ], [ 126.866819121487893, 37.304206907225122 ], [ 126.86682674558827, 37.304206101506807 ], [ 126.866834352591937, 37.304205843764841 ], [ 126.866850763510143, 37.304203988814578 ], [ 126.866867392598053, 37.304203164008008 ], [ 126.871711332535995, 37.303771391222519 ], [ 126.876492397338779, 37.303808294830326 ], [ 126.877604519221805, 37.303861665794479 ], [ 126.879898964210042, 37.304084426610601 ], [ 126.882148793692934, 37.304371012674906 ], [ 126.885133522843503, 37.304895867504371 ], [ 126.888953568509876, 37.305865547250363 ], [ 126.894047327915075, 37.30729954440379 ], [ 126.897096763286171, 37.308199532682735 ], [ 126.897994667048295, 37.308651508643699 ], [ 126.898638750894079, 37.309002663126634 ], [ 126.899333309892342, 37.309552909124811 ], [ 126.899997807463436, 37.310238888255853 ], [ 126.902569013328971, 37.313276226118973 ], [ 126.909844264352046, 37.322070156513028 ], [ 126.909848965429461, 37.322075807244083 ], [ 126.915325492204403, 37.328622246077998 ], [ 126.915335202202257, 37.328632702063395 ], [ 126.915343849519644, 37.328643736908425 ], [ 126.918690952282674, 37.332482077050436 ], [ 126.919459495279, 37.333638324052124 ], [ 126.920214204209088, 37.334825946870197 ], [ 126.920461801253026, 37.335442424039073 ], [ 126.920954372587815, 37.338732735791417 ], [ 126.920958968303481, 37.338760916867002 ], [ 126.921372013063348, 37.341101269113985 ], [ 126.921387691012683, 37.341175198721118 ], [ 126.92300347089963, 37.347690562849174 ], [ 126.923011444294445, 37.347720883885358 ], [ 126.923770012023382, 37.350449573713512 ], [ 126.92377965103509, 37.350477652241793 ], [ 126.92378733768146, 37.350506112070711 ], [ 126.924738412559563, 37.353343545880143 ], [ 126.924782116388911, 37.353454555309064 ], [ 126.925142927120234, 37.354249645071775 ], [ 126.925199414297111, 37.354358941862181 ], [ 126.92526764716284, 37.354463881198207 ], [ 126.925752271682057, 37.35513563225846 ], [ 126.925835649343938, 37.355239868912236 ], [ 126.925930610141734, 37.355337587553691 ], [ 126.926639346415897, 37.356001793228522 ], [ 126.926780465679656, 37.356118975373711 ], [ 126.927602232533587, 37.356723940441903 ], [ 126.927700531333045, 37.356790948390241 ], [ 126.927804945744739, 37.356851776934469 ], [ 126.932171250807144, 37.359196834818967 ], [ 126.932171521126733, 37.359196965086767 ], [ 126.932171774219043, 37.359197115801983 ], [ 126.938591534962299, 37.362641717274805 ], [ 126.938606285118567, 37.362649541844554 ], [ 126.942516757521574, 37.364700380120809 ], [ 126.943028405237754, 37.365012658147464 ], [ 126.94340604717388, 37.366005181287903 ], [ 126.94246604427866, 37.370367235600014 ], [ 126.941607139601203, 37.372107640649574 ], [ 126.941601207563437, 37.372121639030603 ], [ 126.941593962544189, 37.37213522152657 ], [ 126.941591598650135, 37.37214122886337 ], [ 126.941588570001485, 37.372147056823756 ], [ 126.940308179257698, 37.374998765094077 ], [ 126.939574820612506, 37.376224522406275 ], [ 126.938996210536175, 37.376996090455897 ], [ 126.938098476053241, 37.377845439589976 ], [ 126.938023034672227, 37.377922279128107 ], [ 126.937354235359578, 37.378656598663035 ], [ 126.93621156765235, 37.379824901972292 ], [ 126.936096599104346, 37.379958183185849 ], [ 126.935581337129108, 37.380639489327763 ], [ 126.935525131431419, 37.380719870578758 ], [ 126.935007788266986, 37.381522799298892 ], [ 126.934949607261316, 37.381622951809092 ], [ 126.934901858757712, 37.381726558042821 ], [ 126.93394689278739, 37.384092596475632 ], [ 126.933944460353374, 37.384099820076891 ], [ 126.933941243483829, 37.384106860775852 ], [ 126.933937945080316, 37.384117107168898 ], [ 126.933933604999567, 37.384127088078159 ], [ 126.931819403455464, 37.389887121596573 ], [ 126.93153813654736, 37.390475899564301 ], [ 126.931095058467548, 37.391224708605648 ], [ 126.930529355751474, 37.391947048902431 ], [ 126.929876812742265, 37.392664847152396 ], [ 126.929219324445413, 37.393147266460453 ], [ 126.929132457050613, 37.393215774405533 ], [ 126.925951284639908, 37.395912112319323 ], [ 126.925908360632533, 37.395949895453718 ], [ 126.924570229598643, 37.397173330661019 ], [ 126.924438328716292, 37.397310777260891 ], [ 126.923754355633974, 37.398126878162479 ], [ 126.921441522789777, 37.400749636455856 ], [ 126.921433402274459, 37.400759878151987 ], [ 126.921424273453837, 37.40076957307442 ], [ 126.921420186278255, 37.400774938299556 ], [ 126.921415522555634, 37.400779988068457 ], [ 126.914673473035094, 37.408883674148761 ], [ 126.914583077378794, 37.409005755159207 ], [ 126.912079998249581, 37.412830874846229 ], [ 126.907106023167898, 37.418800660869984 ], [ 126.907076360028768, 37.418840355628383 ], [ 126.907045226602875, 37.418879327539457 ], [ 126.905655066050358, 37.420823828863391 ], [ 126.90560464568081, 37.420899877800679 ], [ 126.904841500489027, 37.422145242677843 ], [ 126.904811385996609, 37.422197139202261 ], [ 126.903638853999439, 37.424335207932046 ], [ 126.903614937784852, 37.42438109585558 ], [ 126.902828554955605, 37.4259717559558 ], [ 126.902796173061418, 37.426043052440498 ], [ 126.902465733590105, 37.426839676714366 ], [ 126.902426111602637, 37.426950951977588 ], [ 126.902090547409045, 37.42807416057142 ], [ 126.90206754250228, 37.428164810807118 ], [ 126.901393302083363, 37.431384345866576 ], [ 126.897230299656428, 37.428908154002315 ], [ 126.897124362506901, 37.428849991283379 ], [ 126.894583991975594, 37.427565662444806 ], [ 126.893886802160026, 37.427015260701559 ], [ 126.888266514160975, 37.416836727220925 ], [ 126.888250616004768, 37.416811381453655 ], [ 126.888236529993634, 37.416785362702107 ], [ 126.888235616018036, 37.416784046481645 ], [ 126.888234864342948, 37.416782666474191 ], [ 126.88821258105078, 37.416750743835685 ], [ 126.888192085237876, 37.416718068129107 ], [ 126.888173148995477, 37.416694087310006 ], [ 126.88815593347033, 37.416669295075202 ], [ 126.888154862150969, 37.416668056646351 ], [ 126.888153944511785, 37.416666742049209 ], [ 126.888127845682305, 37.416636715211737 ], [ 126.888103433182977, 37.41660579918878 ], [ 126.888081641229533, 37.416583414259982 ], [ 126.88806146199461, 37.416560087298421 ], [ 126.888060243649278, 37.416558938587613 ], [ 126.888059168883842, 37.416557702060679 ], [ 126.888029505872353, 37.416529860190714 ], [ 126.888001411802037, 37.416501001580968 ], [ 126.887976974011394, 37.416480428114795 ], [ 126.887954025409826, 37.416458791070973 ], [ 126.887952671772041, 37.416457743140541 ], [ 126.88795145023127, 37.416456596591878 ], [ 126.887918508713753, 37.416431207812856 ], [ 126.88788700363898, 37.416404684531329 ], [ 126.887860155362318, 37.416386120654408 ], [ 126.887834658404216, 37.416366381897596 ], [ 126.887833182510306, 37.416365444839329 ], [ 126.887831825958386, 37.416364399310446 ], [ 126.887795923179965, 37.416341708120946 ], [ 126.887761310512531, 37.416317775591907 ], [ 126.887732310311691, 37.416301400077373 ], [ 126.887704510545689, 37.416283749695296 ], [ 126.88770292660918, 37.416282932533193 ], [ 126.887701448110377, 37.416281998092714 ], [ 126.887662929830086, 37.416262223012232 ], [ 126.887625542904956, 37.416241111709674 ], [ 126.887594670062541, 37.416227082255844 ], [ 126.887564835210924, 37.416211690224181 ], [ 126.887563158485619, 37.416211000827602 ], [ 126.887561572278443, 37.416210186474316 ], [ 126.887520809439494, 37.416193517939071 ], [ 126.887481008304846, 37.416175431167517 ], [ 126.887470349622802, 37.416171637749059 ], [ 126.884405718327699, 37.4101039969295 ], [ 126.884338050043581, 37.409986545200205 ], [ 126.884256630243001, 37.409874784934004 ], [ 126.884162203186207, 37.409769737652098 ], [ 126.884055632012931, 37.409672363512868 ], [ 126.881144237819584, 37.407255717094337 ], [ 126.877705512943066, 37.404043342641579 ], [ 126.864996196463778, 37.385924308058016 ], [ 126.863464098615623, 37.383137865864803 ], [ 126.863190772512652, 37.381631209464608 ], [ 126.863158905711913, 37.381500987771545 ], [ 126.863111197395867, 37.381373885634197 ], [ 126.863048107093917, 37.381251127097684 ], [ 126.86297024246204, 37.381133894370649 ], [ 126.862878353428172, 37.381023316440789 ], [ 126.86277332496833, 37.380920458203178 ], [ 126.862656168582291, 37.380826310205897 ], [ 126.862528012551678, 37.380741779111801 ], [ 126.862390091073962, 37.380667678968187 ], [ 126.862243732376996, 37.380604723368286 ], [ 126.862090345928664, 37.380553518580243 ], [ 126.861931408864734, 37.380514557709532 ], [ 126.861768451765499, 37.380488215950983 ], [ 126.861603043918237, 37.380474746976233 ], [ 126.861436778207022, 37.380474280491256 ], [ 126.861271255775719, 37.380486820987528 ], [ 126.861108070611266, 37.380512247698782 ], [ 126.860948794196105, 37.380550315763884 ], [ 126.860794960376893, 37.380600658584498 ], [ 126.860648050595572, 37.380662791354894 ], [ 126.860509479624568, 37.380736115730087 ], [ 126.860380581943801, 37.380819925587097 ], [ 126.860262598890046, 37.38091341382416 ], [ 126.860156666702991, 37.381015680132279 ], [ 126.860063805582683, 37.38112573966432 ], [ 126.859984909863854, 37.381242532518527 ], [ 126.859920739401744, 37.381364933944532 ], [ 126.859871912252586, 37.381491765174367 ], [ 126.859838898719005, 37.381621804773573 ], [ 126.859822016818043, 37.381753800403651 ], [ 126.859821429215572, 37.381886480882137 ], [ 126.859837141656399, 37.382018568424513 ], [ 126.860143326571745, 37.383706763656846 ], [ 126.860171884803449, 37.383826106554402 ], [ 126.860213754299693, 37.383942921734125 ], [ 126.860268596992881, 37.384056265822664 ], [ 126.861925879219129, 37.387070613610071 ], [ 126.861998836172774, 37.387187590195595 ], [ 126.874829259791966, 37.405480293968665 ], [ 126.874917578516303, 37.405592828989121 ], [ 126.875019308089364, 37.405697910878786 ], [ 126.87779224121347, 37.408288440749999 ], [ 126.877750244034445, 37.408283661856842 ], [ 126.877568673177549, 37.408270898218468 ], [ 126.877386434062856, 37.408273762184344 ], [ 126.861760581424946, 37.409190472789696 ], [ 126.841638227201713, 37.410354583658957 ], [ 126.837942438805356, 37.409937543291662 ], [ 126.834887004502605, 37.409135693464215 ], [ 126.826043750024027, 37.405792187083605 ], [ 126.825890143560315, 37.405741306955697 ], [ 126.825731025298879, 37.405702682319728 ], [ 126.825567927564776, 37.405676685132455 ], [ 126.825402420999325, 37.40566356574724 ], [ 126.825236099437177, 37.405663450503447 ], [ 126.825070564559923, 37.40567634051002 ], [ 126.824907410474381, 37.405702111634881 ], [ 126.824748208363673, 37.405740515700145 ], [ 126.824594491359051, 37.40579118287171 ], [ 126.824447739777611, 37.405853625220317 ], [ 126.824309366868519, 37.405927241419661 ], [ 126.824180705204583, 37.406011322536436 ], [ 126.824062993849964, 37.406105058856554 ], [ 126.823957366428147, 37.406207547681859 ], [ 126.823864840204521, 37.406317802022322 ], [ 126.823786306288994, 37.406434760099991 ], [ 126.823722521052858, 37.4065572955733 ], [ 126.82367409884273, 37.406684228383241 ], [ 126.82364150606179, 37.406814336117002 ], [ 126.823625056675283, 37.406946365779802 ], [ 126.823624909183906, 37.407079045861309 ], [ 126.823641065093994, 37.407211098580682 ], [ 126.823673368899932, 37.407341252192346 ], [ 126.823721509578277, 37.407468253233759 ], [ 126.823785023580157, 37.407590878597382 ], [ 126.823863299292626, 37.407707947310655 ], [ 126.823955582926587, 37.407818331910207 ], [ 126.824060985774224, 37.407920969301067 ], [ 126.82417849276645, 37.408014870996041 ], [ 126.824306972247911, 37.408099132636593 ], [ 126.824445186875366, 37.408172942703686 ], [ 126.82459180553461, 37.408235590334399 ], [ 126.833530901678159, 37.411615354566706 ], [ 126.833727040444089, 37.411677883723094 ], [ 126.837026170465052, 37.412543690899632 ], [ 126.837170775321269, 37.412576050356897 ], [ 126.837318403713454, 37.412598072176095 ], [ 126.841342713376235, 37.413052184546544 ], [ 126.841522288910042, 37.413064722977211 ], [ 126.841702518290603, 37.413061978297904 ], [ 126.862006846967304, 37.411887362732031 ], [ 126.862007541911296, 37.411887294994457 ], [ 126.862008241818785, 37.411887281456544 ], [ 126.877452768189599, 37.410981226031076 ], [ 126.878984677012383, 37.411155531258792 ], [ 126.880298085458122, 37.411800660943605 ], [ 126.882213296861039, 37.413301421984187 ], [ 126.884134595732988, 37.416876755793353 ], [ 126.884121426306919, 37.416887625544902 ], [ 126.884120916276913, 37.416888138900333 ], [ 126.884120346189263, 37.416888610350092 ], [ 126.884107466306233, 37.41690160001248 ], [ 126.884093422327908, 37.416913798049109 ], [ 126.88407943408339, 37.416928638197945 ], [ 126.884064114851569, 37.416942701126366 ], [ 126.884041894905792, 37.416967675378572 ], [ 126.884018111281961, 37.416991613993986 ], [ 126.884017666791834, 37.416992164751008 ], [ 126.884017157383511, 37.416992678499426 ], [ 126.884005935762673, 37.417006612547546 ], [ 126.883993458370099, 37.417019849789263 ], [ 126.883981358222016, 37.417035715870142 ], [ 126.883967844267431, 37.417050904921879 ], [ 126.883948804107206, 37.417077490729739 ], [ 126.883928072438408, 37.417103178760058 ], [ 126.883927697769025, 37.41710376161479 ], [ 126.883927253946027, 37.417104312714315 ], [ 126.88391779866167, 37.417119056959685 ], [ 126.883907008022248, 37.417133205928586 ], [ 126.88389691329165, 37.417149945850362 ], [ 126.8838853339835, 37.417166114010179 ], [ 126.883869655853729, 37.417194054437523 ], [ 126.88385217693434, 37.417221245444622 ], [ 126.883851875694162, 37.417221854783968 ], [ 126.883851501730959, 37.417222437927357 ], [ 126.88384390384843, 37.41723785037847 ], [ 126.883834903887163, 37.417252774815942 ], [ 126.88382691274748, 37.417270227987352 ], [ 126.883817378661803, 37.417287218894309 ], [ 126.883805212224857, 37.417316244082912 ], [ 126.883791155734329, 37.417344677028872 ], [ 126.883790930824787, 37.417345306984686 ], [ 126.883790630323105, 37.41734591655608 ], [ 126.883784963021625, 37.417361848785795 ], [ 126.883777840420024, 37.417377404964519 ], [ 126.883772030927631, 37.417395403816833 ], [ 126.883764632805793, 37.417413053293807 ], [ 126.883756093734263, 37.417442883091958 ], [ 126.883745596568133, 37.417472284822878 ], [ 126.883745450155573, 37.417472929328461 ], [ 126.883745226009708, 37.417473559457484 ], [ 126.883741543877349, 37.417489858032191 ], [ 126.883736367238384, 37.417505896140234 ], [ 126.883732796551499, 37.417524267721234 ], [ 126.883727604455075, 37.417542405375613 ], [ 126.883722773358244, 37.417572752059847 ], [ 126.883715938268011, 37.417602839912334 ], [ 126.883715871762845, 37.417603492760783 ], [ 126.88371572613184, 37.41760413737903 ], [ 126.883714064639349, 37.417620645336349 ], [ 126.883710883826481, 37.417637010919911 ], [ 126.883709587620913, 37.417655578544547 ], [ 126.883706650289966, 37.417674029423857 ], [ 126.883705571982972, 37.41770460048685 ], [ 126.883702466539845, 37.417735084992948 ], [ 126.883702480582954, 37.417735739897061 ], [ 126.883702414869717, 37.417736392796506 ], [ 126.883702790028721, 37.4177529511568 ], [ 126.883701635685256, 37.417769486607483 ], [ 126.88370262777407, 37.417788071550163 ], [ 126.883701972193577, 37.417806657836216 ], [ 126.883704655314602, 37.417837158813384 ], [ 126.883705311208431, 37.417867746478528 ], [ 126.883705405665054, 37.417868397131187 ], [ 126.883705420502849, 37.417869052024137 ], [ 126.883707828711081, 37.417885501321528 ], [ 126.883708711964672, 37.417902047394229 ], [ 126.883711984126919, 37.417920470606404 ], [ 126.883713615304373, 37.417939013331235 ], [ 126.883720032281488, 37.417969150638164 ], [ 126.883724444964116, 37.417999546766062 ], [ 126.883724618924958, 37.418000186901132 ], [ 126.883724714171322, 37.418000837480555 ], [ 126.883729132247012, 37.418017019298681 ], [ 126.883732044602141, 37.418033416645159 ], [ 126.883737566623381, 37.418051500482242 ], [ 126.883741467578162, 37.418069821249205 ], [ 126.883751554944425, 37.418099305002855 ], [ 126.883759683622344, 37.418129216539718 ], [ 126.883759935412456, 37.418129839992304 ], [ 126.883760110150519, 37.418130479992733 ], [ 126.883766495555179, 37.418146238490408 ], [ 126.883771408974468, 37.418162329193926 ], [ 126.883779128900841, 37.418179899134437 ], [ 126.883785260863803, 37.418197821827874 ], [ 126.883798919915549, 37.418226368624481 ], [ 126.883810687894211, 37.418255506995408 ], [ 126.883811015089108, 37.418256107761223 ], [ 126.883811267636432, 37.418256731019035 ], [ 126.883819558884156, 37.418271914431102 ], [ 126.883826426058107, 37.418287543527327 ], [ 126.883836270662073, 37.41830442986754 ], [ 126.883844573482634, 37.418321782335184 ], [ 126.892914808452076, 37.434797402715773 ], [ 126.892921087488403, 37.434808665798499 ], [ 126.896277747520557, 37.440756002385136 ], [ 126.89658211767906, 37.441862555057106 ], [ 126.896758213806763, 37.443820451276189 ], [ 126.896579051342556, 37.445233292620514 ], [ 126.892032747693108, 37.455680829583713 ], [ 126.892030690919896, 37.45568642875304 ], [ 126.89202801424652, 37.45569185884635 ], [ 126.887829661500419, 37.465612343867186 ], [ 126.882020847740606, 37.478824919712395 ], [ 126.874936728266519, 37.476746512367953 ], [ 126.871692945198788, 37.475771866961729 ], [ 126.871684940979733, 37.475769480162938 ], [ 126.868596657012361, 37.474855586281812 ], [ 126.867283754640738, 37.474456503021649 ], [ 126.86714712935381, 37.474420186992141 ], [ 126.86676934255614, 37.474333784836631 ], [ 126.866622320361316, 37.474305744746424 ], [ 126.866472749875371, 37.474288247608939 ], [ 126.866321818856278, 37.474281432370447 ], [ 126.866095740606923, 37.474279265525233 ], [ 126.865903206083743, 37.474286146027772 ], [ 126.865712893273809, 37.474310387264339 ], [ 126.865527258530619, 37.474351676354026 ], [ 126.86526935065541, 37.474421849577467 ], [ 126.865146215111153, 37.474459675596727 ], [ 126.865027141321718, 37.474505015675362 ], [ 126.864186073877534, 37.474857922108626 ], [ 126.862069279338741, 37.475621763838291 ], [ 126.858257932882026, 37.476825623559208 ], [ 126.854339002167634, 37.477966841957588 ], [ 126.85418562217518, 37.47801843504319 ], [ 126.854039325920155, 37.478081760828253 ], [ 126.853901522267662, 37.478156209478904 ], [ 126.853773538309369, 37.478241064045143 ], [ 126.853656606584039, 37.478335507364378 ], [ 126.853551853208245, 37.478438629929755 ], [ 126.853460287031211, 37.478549438647946 ], [ 126.853382789918427, 37.478666866401966 ], [ 126.853320108257549, 37.478789782326729 ], [ 126.853272845768331, 37.478917002698985 ], [ 126.853241457686181, 37.479047302336127 ], [ 126.853226246375286, 37.479179426394765 ], [ 126.853227358413534, 37.479312102454962 ], [ 126.853244783177701, 37.479444052774049 ], [ 126.85327835294234, 37.479574006592088 ], [ 126.853327744491992, 37.479700712370082 ], [ 126.85339248223066, 37.47982294984353 ], [ 126.853471942759498, 37.479939541775032 ], [ 126.853565360877951, 37.480049365292466 ], [ 126.853671836951392, 37.480151362704127 ], [ 126.853790345573756, 37.480244551685914 ], [ 126.853919745442013, 37.480328034743046 ], [ 126.854058790347779, 37.480401007854674 ], [ 126.854206141179418, 37.480462768218338 ], [ 126.85436037881982, 37.480512721019544 ], [ 126.854520017815076, 37.480550385161244 ], [ 126.854683520682542, 37.480575397898001 ], [ 126.854849312720461, 37.480587518330182 ], [ 126.855015797176193, 37.480586629724421 ], [ 126.855181370627136, 37.480572740638138 ], [ 126.855344438425803, 37.480545984837093 ], [ 126.855503430060537, 37.48050662000697 ], [ 126.859443965621594, 37.4793591063899 ], [ 126.859486723598764, 37.479346130540272 ], [ 126.863357136116477, 37.478123609208268 ], [ 126.863431755649387, 37.478098377872769 ], [ 126.865631474388792, 37.477304608755183 ], [ 126.865722031309133, 37.47726930966067 ], [ 126.86626589145888, 37.477041109147734 ], [ 126.867394582009752, 37.477384198207851 ], [ 126.867401700257361, 37.477386048538513 ], [ 126.867408582920461, 37.477388397729243 ], [ 126.870499962015714, 37.478303212665395 ], [ 126.873745978977396, 37.479278534493289 ], [ 126.87375827561705, 37.47928218578889 ], [ 126.880887913041207, 37.481373957520056 ], [ 126.880890802951669, 37.481401260662771 ], [ 126.879424518542123, 37.484817356468575 ], [ 126.878539931181479, 37.486736147865649 ], [ 126.878480429083183, 37.486894523081887 ], [ 126.878445628854422, 37.487057501229003 ], [ 126.878213871459721, 37.488771023213666 ], [ 126.878204296188713, 37.488895451408304 ], [ 126.878158760317845, 37.491294245477832 ], [ 126.877556353773002, 37.498282431812733 ], [ 126.870673521650744, 37.495075820961681 ], [ 126.87065391334697, 37.495067686006628 ], [ 126.870635091884068, 37.495058446203657 ], [ 126.866941802979895, 37.493438836407499 ], [ 126.865967385156239, 37.492997533231325 ], [ 126.865808425704685, 37.492934078034523 ], [ 126.86564200597391, 37.492884224132418 ], [ 126.8648245675585, 37.492677588512798 ], [ 126.864689450630181, 37.492648263195122 ], [ 126.864551759043223, 37.49262791549873 ], [ 126.864412430642005, 37.492616684015154 ], [ 126.863402123596288, 37.492568685072293 ], [ 126.863176285818753, 37.492569951597716 ], [ 126.862295220611045, 37.492621737025338 ], [ 126.86217238029333, 37.49263255256092 ], [ 126.861641002899873, 37.492695017656821 ], [ 126.861525441984995, 37.492711877610695 ], [ 126.86098439003905, 37.492806346300917 ], [ 126.860917262826874, 37.492819212422624 ], [ 126.858177951737474, 37.493391429329712 ], [ 126.858019143610264, 37.493431330882061 ], [ 126.857866008480897, 37.493483442854348 ], [ 126.85772002106394, 37.493547263403812 ], [ 126.857582587250747, 37.493622177931854 ], [ 126.857455030571884, 37.493707465001997 ], [ 126.857338579451906, 37.493802303286444 ], [ 126.857234355379632, 37.493905779474638 ], [ 126.857143362107578, 37.494016897067659 ], [ 126.857066475984539, 37.494134585973732 ], [ 126.85700443751459, 37.494257712812683 ], [ 126.856957844223842, 37.49438509182977 ], [ 126.856927144903409, 37.494515496314357 ], [ 126.856912635284658, 37.494647670413016 ], [ 126.85691445518799, 37.49478034122366 ], [ 126.856932587173119, 37.49491223105386 ], [ 126.856966856703636, 37.495042069725891 ], [ 126.857016933824625, 37.49516860680945 ], [ 126.857082336337413, 37.495290623664403 ], [ 126.857162434440454, 37.495406945177756 ], [ 126.857256456792499, 37.495516451081528 ], [ 126.85736349793909, 37.495618086742631 ], [ 126.857482527031493, 37.495710873320775 ], [ 126.857612397753599, 37.495793917196529 ], [ 126.857751859361613, 37.495866418578601 ], [ 126.857899568730161, 37.495927679207668 ], [ 126.858054103288595, 37.495977109082098 ], [ 126.858213974722915, 37.496014232141086 ], [ 126.858377643311556, 37.496038690850398 ], [ 126.858543532756357, 37.496050249646203 ], [ 126.85871004536645, 37.496048797204303 ], [ 126.858875577448018, 37.496034347512456 ], [ 126.859038534752059, 37.496007039735666 ], [ 126.861744534980616, 37.495441781424539 ], [ 126.862194460205416, 37.49536322373654 ], [ 126.862606532259591, 37.495314783489306 ], [ 126.863313089400449, 37.495273255336471 ], [ 126.863999623771875, 37.495305872581646 ], [ 126.864445593686369, 37.495418607211576 ], [ 126.865274923294777, 37.495794204539038 ], [ 126.865295208271007, 37.495803245445373 ], [ 126.868979401110721, 37.49741888330049 ], [ 126.876001668816997, 37.50069048248232 ], [ 126.878140126161867, 37.501801598339618 ], [ 126.881081461884833, 37.504282022728887 ], [ 126.881083273103897, 37.504283407176395 ], [ 126.881084910896078, 37.504284922542325 ], [ 126.882148491411357, 37.505176488165752 ], [ 126.882242400191359, 37.505249352561556 ], [ 126.882343088578679, 37.505316224942753 ], [ 126.884194131392263, 37.50645197190714 ], [ 126.886446402678104, 37.507863346155631 ], [ 126.886536333439182, 37.5079159803255 ], [ 126.88911358427454, 37.50932278689617 ], [ 126.889124608146162, 37.50936028032632 ], [ 126.889178302696038, 37.509485875233679 ], [ 126.889247192312283, 37.509606672745157 ], [ 126.889330613607839, 37.509721509489566 ], [ 126.889427763233883, 37.509829279497218 ], [ 126.889537705614927, 37.509928944852042 ], [ 126.889659381957813, 37.5100195456886 ], [ 126.88979162044798, 37.510100209437354 ], [ 126.889933147534876, 37.510170159229283 ], [ 126.890082600197701, 37.510228721378866 ], [ 126.890238539073707, 37.510275331873203 ], [ 126.890399462321753, 37.51030954180483 ], [ 126.890563820088573, 37.510331021695819 ], [ 126.890730029437435, 37.510339564671497 ], [ 126.890896489595832, 37.510335088453203 ], [ 126.89105843099216, 37.510324378212097 ], [ 126.89575723316139, 37.512349981143188 ], [ 126.895788364022863, 37.512363069711114 ], [ 126.901860998717595, 37.514852198848352 ], [ 126.905196853492981, 37.516246278898265 ], [ 126.905183802595701, 37.51630629366656 ], [ 126.90517159723592, 37.516438616005885 ], [ 126.905175733339348, 37.516571254105379 ], [ 126.905196171159417, 37.516702930586654 ], [ 126.905232713952842, 37.51683237732567 ], [ 126.905285009871065, 37.516958347665692 ], [ 126.905352555345772, 37.517079628423815 ], [ 126.905434699935796, 37.517195051575307 ], [ 126.905530652589064, 37.517303505503364 ], [ 126.905639489258974, 37.51740394570561 ], [ 126.905760161802519, 37.517495404854444 ], [ 126.905891508073751, 37.517577002114301 ], [ 126.906032263116103, 37.517647951625797 ], [ 126.906181071345415, 37.517707570075331 ], [ 126.906336499606326, 37.51775528327687 ], [ 126.906497050976213, 37.517790631702894 ], [ 126.906661179183928, 37.517813274910573 ], [ 126.906827303504016, 37.517822994821373 ], [ 126.906993823983086, 37.517819697821508 ], [ 126.90715913685149, 37.517803415663842 ], [ 126.907321649971863, 37.517774305162014 ], [ 126.907479798175487, 37.517732646679981 ], [ 126.907632058338748, 37.517678841431341 ], [ 126.907776964054349, 37.517613407614775 ], [ 126.907913119755833, 37.517536975422509 ], [ 126.908026591914378, 37.517458959234268 ], [ 126.90928134487406, 37.517851123973053 ], [ 126.90951216623202, 37.517908525885133 ], [ 126.910804292244649, 37.518150946263198 ], [ 126.910942963671658, 37.518172155653708 ], [ 126.91108336853182, 37.518184110693461 ], [ 126.912616729113282, 37.518263461152067 ], [ 126.912638728118978, 37.518264485260957 ], [ 126.915882992601524, 37.51839864310395 ], [ 126.916019877960849, 37.518399898723032 ], [ 126.917205637729538, 37.518372664075436 ], [ 126.917426104616297, 37.518356088216095 ], [ 126.91844534733815, 37.518225573874474 ], [ 126.918608313073733, 37.518198111346628 ], [ 126.91876711449251, 37.518158057637145 ], [ 126.918920222178784, 37.518105798504116 ], [ 126.919066161561531, 37.518041837255659 ], [ 126.919203527117702, 37.517966789901919 ], [ 126.919330995909903, 37.517881379221357 ], [ 126.919447340328276, 37.517786427798924 ], [ 126.919551439913718, 37.517682850102695 ], [ 126.919642292148282, 37.517571643675858 ], [ 126.919719022109518, 37.517453879528453 ], [ 126.919780890894955, 37.517330691821812 ], [ 126.919827302736365, 37.51720326694489 ], [ 126.919857810734825, 37.517072832087642 ], [ 126.919872121162001, 37.516940643422039 ], [ 126.919870096285678, 37.516807974003697 ], [ 126.919851755692932, 37.516676101511521 ], [ 126.919817276098257, 37.51654629594298 ], [ 126.919766989638433, 37.516419807383549 ], [ 126.919701380670702, 37.516297853968233 ], [ 126.919621081105589, 37.516181610150966 ], [ 126.91952686431884, 37.516072195394919 ], [ 126.919419637701608, 37.515970663392579 ], [ 126.919300433920483, 37.515877991919247 ], [ 126.919170400971893, 37.515795073417884 ], [ 126.919030791126133, 37.51572270640564 ], [ 126.918882948868216, 37.515661587785054 ], [ 126.918728297950821, 37.51561230613364 ], [ 126.918568327684952, 37.515575336036662 ], [ 126.918404578599123, 37.515551033517575 ], [ 126.918238627606229, 37.515539632609993 ], [ 126.918072072820095, 37.515541243104359 ], [ 126.917906518167911, 37.515555849490838 ], [ 126.916996860323096, 37.515672332124531 ], [ 126.915990524990747, 37.515695445868296 ], [ 126.912825788661962, 37.515564576844504 ], [ 126.911444747445543, 37.515493109987929 ], [ 126.910408441226139, 37.515298685397944 ], [ 126.909276335204879, 37.514944854557356 ], [ 126.908301107606761, 37.514491524483674 ], [ 126.908295963493927, 37.514489395567338 ], [ 126.908291148552649, 37.51448693415994 ], [ 126.908286322670051, 37.514484969926507 ], [ 126.90828174314565, 37.514482661585149 ], [ 126.908268137764622, 37.514477210816196 ], [ 126.908255124671726, 37.51447090887492 ], [ 126.908244410577311, 37.514466806498724 ], [ 126.908234095280619, 37.514461967753427 ], [ 126.903432094563726, 37.512455237980852 ], [ 126.903420070809403, 37.512450261595276 ], [ 126.897357203091602, 37.509965158951104 ], [ 126.89306208769149, 37.508113609748357 ], [ 126.89303465392554, 37.508044155756238 ], [ 126.892969332088541, 37.507922107332512 ], [ 126.89288930827918, 37.507805747124273 ], [ 126.89279535321775, 37.507696195715702 ], [ 126.892688371775179, 37.507594508115396 ], [ 126.892569394257279, 37.507501663597175 ], [ 126.892439566481741, 37.507418556270537 ], [ 126.892300138743337, 37.507345986471123 ], [ 126.892152453773591, 37.507284653054334 ], [ 126.892046353203384, 37.507250659701818 ], [ 126.89196767745122, 37.507222650302388 ], [ 126.891809694054047, 37.507180650680077 ], [ 126.891647303983618, 37.507151189131193 ], [ 126.891482071067585, 37.507134549371131 ], [ 126.891315586505812, 37.507130891640699 ], [ 126.891149453549446, 37.507140251163193 ], [ 126.891126054829215, 37.507143427412515 ], [ 126.888500966287978, 37.505710531866256 ], [ 126.886285761041563, 37.504322408552504 ], [ 126.886272035516811, 37.504313897722255 ], [ 126.884518210443076, 37.503237821140921 ], [ 126.883657194932809, 37.502516079580928 ], [ 126.881742590750534, 37.50013025429849 ], [ 126.881352617069894, 37.499552529638635 ], [ 126.881117621642474, 37.499102310308906 ], [ 126.881020182395048, 37.498893052215529 ], [ 126.880947490313602, 37.498406594457556 ], [ 126.88154742582725, 37.491443419674454 ], [ 126.881551216278808, 37.491371229435941 ], [ 126.881596146577564, 37.488998687841395 ], [ 126.881797090833672, 37.487512494581232 ], [ 126.882616241888087, 37.485735476495464 ], [ 126.882628985439254, 37.48570684052244 ], [ 126.883942639529536, 37.482646050827483 ], [ 126.884095181258232, 37.483354403998106 ], [ 126.884105109031111, 37.483396494372016 ], [ 126.884449165657614, 37.484737771675341 ], [ 126.884498594521034, 37.484886661895814 ], [ 126.884706889007148, 37.485394993630173 ], [ 126.884762221090838, 37.485511530557517 ], [ 126.884830781643174, 37.485623513324377 ], [ 126.884911988403545, 37.485729990805908 ], [ 126.885400510088331, 37.486308650512107 ], [ 126.88607884896058, 37.487123913897356 ], [ 126.886096551092905, 37.487143076166127 ], [ 126.886112704345891, 37.487163088405318 ], [ 126.886985573553176, 37.488135987941469 ], [ 126.887121306182721, 37.488268643904213 ], [ 126.887704005238547, 37.488769700360429 ], [ 126.887811758893292, 37.488854437526548 ], [ 126.888883779638974, 37.489625333626208 ], [ 126.88897906846536, 37.489688966138992 ], [ 126.891566184517131, 37.491291716725989 ], [ 126.893577737685703, 37.492581169516271 ], [ 126.893504657343229, 37.492659186421953 ], [ 126.893418616525025, 37.492772781059188 ], [ 126.893346963501074, 37.492892548422802 ], [ 126.893290388382781, 37.49301733511448 ], [ 126.893249436085256, 37.493145939392441 ], [ 126.893224501077, 37.493277122744061 ], [ 126.893215823577947, 37.493409621812724 ], [ 126.893223487242906, 37.493542160564225 ], [ 126.893247418352672, 37.493673462575607 ], [ 126.89328738652064, 37.49380226332778 ], [ 126.893343006908353, 37.493927322383911 ], [ 126.893413743928718, 37.494047435336135 ], [ 126.893498916401498, 37.494161445405446 ], [ 126.893597704111215, 37.494268254583027 ], [ 126.893709155704698, 37.494366834205884 ], [ 126.893832197852106, 37.494456234864685 ], [ 126.893965645583336, 37.494535595548321 ], [ 126.894108213700093, 37.494604151937217 ], [ 126.894258529154087, 37.494661243765499 ], [ 126.89441514427169, 37.494706321180765 ], [ 126.894576550697906, 37.494738950040578 ], [ 126.894741193925128, 37.494758816094333 ], [ 126.894907488266909, 37.494765728010307 ], [ 126.895073832132013, 37.494759619218655 ], [ 126.895238623452045, 37.494740548552777 ], [ 126.895400275113445, 37.49470869968254 ], [ 126.895557230245501, 37.494664379345139 ], [ 126.89641343140795, 37.494384211780798 ], [ 126.900018663962527, 37.496628079134972 ], [ 126.901551601197241, 37.49761190923217 ], [ 126.902199593705149, 37.498067272835421 ], [ 126.902491686797092, 37.498352166809788 ], [ 126.902979709797975, 37.499016554296766 ], [ 126.90298222803041, 37.499019971051673 ], [ 126.904272531942922, 37.500764756170867 ], [ 126.904373283687605, 37.500885650038647 ], [ 126.90443696566696, 37.500953818392105 ], [ 126.904537360626904, 37.501051422274251 ], [ 126.904648740632894, 37.50114114349406 ], [ 126.904770135380105, 37.501222200400157 ], [ 126.904900487304744, 37.501293886822225 ], [ 126.905038660797601, 37.501355578223901 ], [ 126.905183452097972, 37.501406737144436 ], [ 126.905333599781784, 37.501446917881843 ], [ 126.905393132169138, 37.501460421392707 ], [ 126.905545839516179, 37.501489052541864 ], [ 126.90570121307303, 37.501506326097591 ], [ 126.90587561879174, 37.501519202688684 ], [ 126.906053807541696, 37.501524861254708 ], [ 126.907157372824742, 37.501513663372172 ], [ 126.907164349002116, 37.501513581124605 ], [ 126.909800878451122, 37.501478148427196 ], [ 126.90996705185384, 37.501469402027702 ], [ 126.910131348951836, 37.501447720944654 ], [ 126.910292187392159, 37.501413313988984 ], [ 126.910448018137487, 37.501366512534901 ], [ 126.910597340387071, 37.50130776732783 ], [ 126.910738716032739, 37.501237644142769 ], [ 126.910870783510845, 37.501156818334493 ], [ 126.910992270916182, 37.501066068332342 ], [ 126.911102008252172, 37.500966268142321 ], [ 126.911198938698703, 37.500858378928591 ], [ 126.911282128789594, 37.500743439755638 ], [ 126.911350777401267, 37.500622557580321 ], [ 126.911404223466377, 37.50049689659005 ], [ 126.911441952338166, 37.500367666990108 ], [ 126.911463600744014, 37.500236113347832 ], [ 126.911468960281184, 37.500103502606173 ], [ 126.911457979420575, 37.49997111188199 ], [ 126.911430763999562, 37.499840216166596 ], [ 126.911387576199601, 37.499712076047004 ], [ 126.911328832018071, 37.49958792556626 ], [ 126.911255097258959, 37.499468960339449 ], [ 126.911167082081619, 37.499356326040235 ], [ 126.911065634159229, 37.499251107368359 ], [ 126.910951730513858, 37.499154317604464 ], [ 126.910826468106407, 37.499066888853058 ], [ 126.910691053271876, 37.498989663067043 ], [ 126.910546790102131, 37.498923383940571 ], [ 126.910395067887947, 37.498868689748072 ], [ 126.910237347740818, 37.498826107198525 ], [ 126.910075148524001, 37.498796046363921 ], [ 126.909910032227515, 37.498778796730896 ], [ 126.90974358892835, 37.498774524413371 ], [ 126.907110642408654, 37.498809909824963 ], [ 126.906768641758447, 37.498813381307322 ], [ 126.905907533409831, 37.497649017653487 ], [ 126.90535399160018, 37.496895472957313 ], [ 126.905283014191554, 37.496806930392189 ], [ 126.905203622173119, 37.496723046271669 ], [ 126.904740186453537, 37.496271048209032 ], [ 126.904648385009381, 37.496188611527657 ], [ 126.904548461872807, 37.496112405959224 ], [ 126.903768027922652, 37.495563984125205 ], [ 126.903710040081208, 37.49552503541517 ], [ 126.902137676871746, 37.494515920914758 ], [ 126.902117758348979, 37.494503332123173 ], [ 126.897735035960167, 37.491775578369349 ], [ 126.893682309062356, 37.489177812501708 ], [ 126.893660163751562, 37.489163856894635 ], [ 126.89111103784316, 37.487584670726825 ], [ 126.890141453303784, 37.486887452557454 ], [ 126.889683400329304, 37.486493589353181 ], [ 126.888890461557395, 37.48560981594121 ], [ 126.888225449039055, 37.484810604958007 ], [ 126.888219113908391, 37.484803046595502 ], [ 126.887859204297669, 37.484376749566898 ], [ 126.887754239113534, 37.484120614130099 ], [ 126.887434896369953, 37.482875896435893 ], [ 126.887233722713134, 37.481941903065639 ], [ 126.887218966456103, 37.481881635473208 ], [ 126.887003420740314, 37.481096583657248 ], [ 126.886960144208729, 37.480969126952296 ], [ 126.886901473110086, 37.480845642232914 ], [ 126.886827967112097, 37.480727307271316 ], [ 126.886740327365217, 37.480615250716916 ], [ 126.886639389813197, 37.480510541332308 ], [ 126.88652611721848, 37.48041417780054 ], [ 126.886179955001154, 37.480147112854674 ], [ 126.886053213431239, 37.48005861340642 ], [ 126.885916080675159, 37.479980570487236 ], [ 126.885769909642718, 37.479913754027081 ], [ 126.885616142398149, 37.479858823199613 ], [ 126.885216150770802, 37.479734552156138 ], [ 126.891034506364136, 37.466498997571698 ], [ 126.891037306302636, 37.46649146050445 ], [ 126.891040913213359, 37.466484144589998 ], [ 126.895235268448744, 37.456572111824578 ], [ 126.900182600030547, 37.445775900723326 ], [ 126.900186359496743, 37.445767611683749 ], [ 126.901839633823982, 37.442084707385924 ], [ 126.902154401348682, 37.444879616925455 ], [ 126.902150499410794, 37.445369981020896 ], [ 126.902014175743119, 37.446196846954599 ], [ 126.898886913500974, 37.454333595136241 ], [ 126.898886317782214, 37.454335468627825 ], [ 126.898885501101333, 37.454337288415218 ], [ 126.896176323935791, 37.461457216946101 ], [ 126.896147080145397, 37.461544451159192 ], [ 126.895961454769989, 37.462182940898629 ], [ 126.89593807777689, 37.462279048357495 ], [ 126.895812610366107, 37.462917845265423 ], [ 126.895793912441036, 37.463066177624697 ], [ 126.895795815716539, 37.463215249177829 ], [ 126.896320953882395, 37.469612312604994 ], [ 126.896322071481009, 37.469620063118811 ], [ 126.896322343401465, 37.469627861642678 ], [ 126.897234345605895, 37.479064215132503 ], [ 126.897248583701142, 37.479163465420335 ], [ 126.897271978588762, 37.479261606950843 ], [ 126.897584184170327, 37.480350241341633 ], [ 126.897634291834237, 37.480489926485482 ], [ 126.897702917979288, 37.480624520390258 ], [ 126.898138309585121, 37.48136209102168 ], [ 126.898255641947785, 37.481529042949809 ], [ 126.900428944938966, 37.484164579898149 ], [ 126.90041215219361, 37.484173389928806 ], [ 126.900277746585189, 37.484251697882613 ], [ 126.900153619750611, 37.484340126874464 ], [ 126.900040967088586, 37.484437825318466 ], [ 126.899940873512207, 37.484543852359103 ], [ 126.899854303000296, 37.484657186930846 ], [ 126.899782089313078, 37.484776737590302 ], [ 126.899724927960875, 37.484901353026267 ], [ 126.89968336950416, 37.485029833146477 ], [ 126.899657814248656, 37.485160940634159 ], [ 126.899648508387415, 37.48529341286357 ], [ 126.899655541626629, 37.485425974059275 ], [ 126.899678846318466, 37.48555734758235 ], [ 126.89971819810917, 37.485686268225272 ], [ 126.89977321809657, 37.485811494396842 ], [ 126.899843376476184, 37.485931820079955 ], [ 126.899927997640859, 37.486046086447082 ], [ 126.900026266685032, 37.486153193021252 ], [ 126.900137237251187, 37.48625210827548 ], [ 126.90025984064269, 37.486341879568123 ], [ 126.900392896115477, 37.486421642318682 ], [ 126.900535122249607, 37.486490628335432 ], [ 126.900685149290837, 37.486548173214793 ], [ 126.900841532343648, 37.486593722741127 ], [ 126.901002765288382, 37.486626838225121 ], [ 126.901167295288559, 37.4866472007295 ], [ 126.901333537748314, 37.486654614141202 ], [ 126.901499891576265, 37.486649007060478 ], [ 126.90166475460795, 37.486630433488727 ], [ 126.901826539039149, 37.486599072308273 ], [ 126.901983686720172, 37.486555225559371 ], [ 126.902134684164935, 37.486499315530779 ], [ 126.902278077129111, 37.486431880692109 ], [ 126.902299159045853, 37.486420820287066 ], [ 126.906540995710785, 37.49151147466057 ], [ 126.906639800675265, 37.491618271950713 ], [ 126.906751267508, 37.491716838119629 ], [ 126.906874322732335, 37.491806223887551 ], [ 126.907007781252176, 37.491885568386763 ], [ 126.907150357765303, 37.491954107453601 ], [ 126.907300679142494, 37.492011180989003 ], [ 126.907457297653096, 37.492056239316767 ], [ 126.907618704909382, 37.492088848478303 ], [ 126.907783346395746, 37.492108694412742 ], [ 126.90794963644251, 37.492115585982113 ], [ 126.908115973499818, 37.492109456812592 ], [ 126.908280755564817, 37.492090365933826 ], [ 126.908442395613136, 37.492058497210373 ], [ 126.908599336885899, 37.492014157570665 ], [ 126.908750067885265, 37.491957774050476 ], [ 126.908893136933401, 37.491889889679591 ], [ 126.909027166155241, 37.491811158251117 ], [ 126.909150864749677, 37.491722338023997 ], [ 126.909263041421795, 37.491624284419238 ], [ 126.909362615855912, 37.491517941780565 ], [ 126.90944862911951, 37.491404334278492 ], [ 126.909520252897309, 37.491284556045748 ], [ 126.909576797466855, 37.491159760639022 ], [ 126.909617718338836, 37.491031149928567 ], [ 126.909642621498378, 37.490899962522676 ], [ 126.909651267196637, 37.490767461838509 ], [ 126.90964357225657, 37.49063492393433 ], [ 126.909619610870706, 37.490503625220242 ], [ 126.909579613883352, 37.490374830165649 ], [ 126.909523966564095, 37.490249779122152 ], [ 126.909453204894731, 37.490129676378828 ], [ 126.90936801040462, 37.490015678565115 ], [ 126.904795853342392, 37.484528818751372 ], [ 126.904796580447183, 37.484517906453469 ], [ 126.904799761243211, 37.48449686541796 ], [ 126.904800992248482, 37.484451694616475 ], [ 126.904803998521487, 37.484406576721277 ], [ 126.904802798781532, 37.484385405136436 ], [ 126.904803376204427, 37.484364216971777 ], [ 126.904799045268234, 37.484319167527225 ], [ 126.904796487562493, 37.484274032070473 ], [ 126.904792689500809, 37.484253056141895 ], [ 126.904790658003492, 37.484231924901749 ], [ 126.904780806864366, 37.484187430663852 ], [ 126.904772709841211, 37.484142712323404 ], [ 126.904766350048604, 37.484122134059589 ], [ 126.904761729209071, 37.484101263248355 ], [ 126.904746452766929, 37.48405775271776 ], [ 126.904732894433096, 37.484013882152148 ], [ 126.9047240341704, 37.483993899730855 ], [ 126.904716868502689, 37.483973490343828 ], [ 126.90469631390377, 37.483931382545386 ], [ 126.904677424859173, 37.483888782246517 ], [ 126.904666149466735, 37.48386958810638 ], [ 126.904656507991717, 37.483849836694105 ], [ 126.904630873210536, 37.48380953714171 ], [ 126.904606835389515, 37.483768617366273 ], [ 126.90459325346491, 37.483750396353479 ], [ 126.904581229045093, 37.483731493129042 ], [ 126.904550760977045, 37.483693389920589 ], [ 126.904521805895257, 37.483654544739295 ], [ 126.901471174502191, 37.47998462859524 ], [ 126.901136542005503, 37.47952260859298 ], [ 126.900903601202955, 37.478694147873505 ], [ 126.90008096179811, 37.469449146412863 ], [ 126.899567076646619, 37.463252810417984 ], [ 126.899804969535893, 37.462320282673097 ], [ 126.902545829528393, 37.455170790280761 ], [ 126.902548072904693, 37.455164889764163 ], [ 126.905658769032044, 37.44691446751105 ], [ 126.905698347270089, 37.446787488050475 ], [ 126.90572234534946, 37.446658052992156 ], [ 126.905877246721175, 37.445406390174782 ], [ 126.905885293977093, 37.445291467565269 ], [ 126.905881052206666, 37.445176415683477 ], [ 126.905792969761322, 37.444202233206347 ], [ 126.905128057546193, 37.435179013758422 ], [ 126.905126198927903, 37.435165315226349 ], [ 126.905125681217854, 37.435151542937213 ], [ 126.905124292234021, 37.435142946725946 ], [ 126.905123827434167, 37.435134287381409 ], [ 126.905123115016494, 37.435130283671867 ], [ 126.905122867887968, 37.435126244663849 ], [ 126.905117456285225, 37.4350970858113 ], [ 126.905114047707215, 37.435067734956533 ], [ 126.905111568264942, 37.435057483016926 ], [ 126.905110159872592, 37.43504710274307 ], [ 126.90510662641033, 37.435033615442762 ], [ 126.905104418331689, 37.435019949934791 ], [ 126.905101979409736, 37.43501150367964 ], [ 126.905100452459962, 37.435002922360731 ], [ 126.905099251346343, 37.434998993612723 ], [ 126.905098508941776, 37.434994993369095 ], [ 126.90508953926296, 37.434966397895415 ], [ 126.905082539362553, 37.434937454787018 ], [ 126.905078811718852, 37.434927446006661 ], [ 126.905076134191631, 37.434917225796475 ], [ 126.905070959922995, 37.43490407961685 ], [ 126.905067082749355, 37.434890652495305 ], [ 126.905063617382595, 37.434882437537524 ], [ 126.905061042993623, 37.434874016886354 ], [ 126.905059364753825, 37.434870200935485 ], [ 126.905058134225513, 37.43486627798044 ], [ 126.905045692870772, 37.434838521272631 ], [ 126.905035169078445, 37.434810264645542 ], [ 126.904572307598698, 37.433759413486044 ], [ 126.904506410052477, 37.433631221828598 ], [ 126.904424407415164, 37.433509080866926 ], [ 126.904393762674374, 37.433472902231792 ], [ 126.90540237398514, 37.428655820681549 ], [ 126.905707624727512, 37.42763392861351 ], [ 126.906000302424829, 37.426928267871261 ], [ 126.906757757267854, 37.425395992601182 ], [ 126.907903364324753, 37.423306864492623 ], [ 126.908627035474268, 37.422125839599815 ], [ 126.909961707918896, 37.420258851889237 ], [ 126.914952976750328, 37.414268034513803 ], [ 126.915043861244726, 37.414145373272824 ], [ 126.917547037656604, 37.410319881242685 ], [ 126.924226965679381, 37.40229050044843 ], [ 126.926538046489853, 37.399669620136642 ], [ 126.926560761693665, 37.399643199047787 ], [ 126.927195456199883, 37.398885863976631 ], [ 126.928441087390055, 37.39774696473269 ], [ 126.931558457509638, 37.395104634778797 ], [ 126.932295933961854, 37.394563512647196 ], [ 126.932414564077703, 37.394467316508837 ], [ 126.932520583406529, 37.394362163853458 ], [ 126.933307146368932, 37.393496910459589 ], [ 126.933372497611842, 37.393419536782801 ], [ 126.93402195396834, 37.392590212036431 ], [ 126.934117235448895, 37.392450976727694 ], [ 126.934630640791724, 37.391583254632984 ], [ 126.934681702087758, 37.391487586791975 ], [ 126.935010094533069, 37.390800100441041 ], [ 126.935052896531772, 37.390698580719132 ], [ 126.937179396357621, 37.384904367877162 ], [ 126.938084829651046, 37.382660818268043 ], [ 126.938163331686638, 37.382538974678319 ], [ 126.938356049347149, 37.383001341350187 ], [ 126.938381934588691, 37.383059043242504 ], [ 126.938778255846046, 37.38388312923022 ], [ 126.938875643992091, 37.384050486361112 ], [ 126.93912532601955, 37.384412586899231 ], [ 126.939202492401606, 37.384513738703973 ], [ 126.939290455067763, 37.38460911444519 ], [ 126.939388539242984, 37.384697982437849 ], [ 126.939763160911582, 37.38500882617975 ], [ 126.939867876048908, 37.385088593660548 ], [ 126.939980742519538, 37.385160937111522 ], [ 126.940100936363805, 37.38522532838897 ], [ 126.941112778147669, 37.3857187042398 ], [ 126.942006031514367, 37.386153378537543 ], [ 126.942717861308708, 37.386639321693963 ], [ 126.944151536430567, 37.387813287606043 ], [ 126.944169099606214, 37.387827458415408 ], [ 126.946400071020747, 37.389601109361742 ], [ 126.946585331392527, 37.38974996036319 ], [ 126.946700612794743, 37.389834402304018 ], [ 126.946825166171095, 37.389909998064226 ], [ 126.946957929161712, 37.389976102844692 ], [ 126.947097769372903, 37.390032152798497 ], [ 126.947243494036499, 37.39007766984107 ], [ 126.947530614025283, 37.390155355119347 ], [ 126.948272432458822, 37.3904179791868 ], [ 126.948303761771015, 37.390428770552283 ], [ 126.950043781398477, 37.391011588137481 ], [ 126.955114111003937, 37.392761300825192 ], [ 126.955119535215758, 37.392763163554278 ], [ 126.962970031381388, 37.395445821193768 ], [ 126.962975027634869, 37.395447301308465 ], [ 126.96297974166562, 37.395449106423534 ], [ 126.962980139277278, 37.395449221971866 ], [ 126.962980606567442, 37.395449400654677 ], [ 126.96889472051501, 37.397432149655664 ], [ 126.968936089174235, 37.397445508840612 ], [ 126.97276388027413, 37.398634980036512 ], [ 126.973134971139814, 37.398791543934159 ], [ 126.973748861386426, 37.39908932463748 ], [ 126.974034289083249, 37.399284523607541 ], [ 126.974486536233954, 37.399707676914481 ], [ 126.974790185419138, 37.39999636668405 ], [ 126.974989078638174, 37.400273947447417 ], [ 126.97501912679023, 37.40031424495217 ], [ 126.975077554384512, 37.400389596777543 ], [ 126.975078515781917, 37.400693461825483 ], [ 126.97499575958696, 37.401398359551223 ], [ 126.974992996340902, 37.401448087139578 ], [ 126.974988704937118, 37.401497745690612 ], [ 126.974972869448081, 37.40213743268383 ], [ 126.974979452318593, 37.402286125168906 ], [ 126.975006475149669, 37.40243334027744 ], [ 126.975053610812267, 37.402577295227879 ], [ 126.97617020351791, 37.405352707277089 ], [ 126.978297519966588, 37.414307157352333 ], [ 126.978358686823924, 37.414492005144666 ], [ 126.97850361271361, 37.41483080024927 ], [ 126.978820033884716, 37.415570490967468 ], [ 126.978826695470858, 37.415585763980374 ], [ 126.979593900364534, 37.417311368684217 ], [ 126.979596509685948, 37.417317195099216 ], [ 126.980239879943142, 37.418743452900785 ], [ 126.980290199822264, 37.418842521708285 ], [ 126.980350174771829, 37.418938110373098 ], [ 126.98121657913984, 37.420192468913278 ], [ 126.981350150392615, 37.420356521251279 ], [ 126.982382891073982, 37.421443738877564 ], [ 126.982389559609459, 37.421450711946186 ], [ 126.984308786658247, 37.423444075389526 ], [ 126.984365734001074, 37.423500064484081 ], [ 126.987647481187821, 37.426556126387297 ], [ 126.987700066724727, 37.426602851770852 ], [ 126.988649206541339, 37.427407796064742 ], [ 126.989305820507653, 37.427994196532133 ], [ 126.991852770906206, 37.430830802982953 ], [ 126.993405769353501, 37.432615165377065 ], [ 126.993451250023199, 37.432664958891706 ], [ 126.993842295521887, 37.433073205376573 ], [ 126.993946488188186, 37.43317184656626 ], [ 126.994061993256153, 37.433262122146907 ], [ 126.994187759701518, 37.43334321063643 ], [ 126.994322643113051, 37.433414374150125 ], [ 126.995082952499246, 37.433775154634269 ], [ 126.995213992180382, 37.433831279991125 ], [ 126.996005516265186, 37.434135405651489 ], [ 126.996037828224345, 37.434146297014728 ], [ 126.996069177781365, 37.434158583629142 ], [ 126.99607686883482, 37.434160882589957 ], [ 126.996084274995184, 37.434163714592884 ], [ 126.996107911685527, 37.434170572585749 ], [ 126.996131019542474, 37.434178744215139 ], [ 126.9969137009587, 37.434419611134068 ], [ 126.997109635136468, 37.434469254371116 ], [ 126.997311663875436, 37.434499622116086 ], [ 126.997780574260048, 37.434546852303825 ], [ 126.997947257755015, 37.434557016840422 ], [ 126.997981895975371, 37.434557762935107 ], [ 126.998888686005202, 37.434843237281967 ], [ 127.000739560367208, 37.43605200425138 ], [ 127.00301034236216, 37.439271673511541 ], [ 127.005897473014031, 37.444251405123516 ], [ 127.005732103830866, 37.444512405690524 ], [ 127.003192686405399, 37.447793105266335 ], [ 127.003180433250975, 37.447809183637695 ], [ 127.000592964277956, 37.451258073480737 ], [ 127.00047183822268, 37.451410657072017 ], [ 127.000344544140034, 37.451465960188592 ], [ 126.999808724010009, 37.451625710781379 ], [ 126.999666090464402, 37.451674271781677 ], [ 126.999529617942173, 37.451733018130085 ], [ 126.99940044782916, 37.451801458508449 ], [ 126.998083825294003, 37.452570494063814 ], [ 126.998054539190761, 37.452587989885046 ], [ 126.996710199280514, 37.453409300765664 ], [ 126.996613923480496, 37.453472737884653 ], [ 126.996523765120372, 37.453541651827329 ], [ 126.994532426694732, 37.455180096375031 ], [ 126.994525890075778, 37.455185504410395 ], [ 126.991638044381517, 37.457587952987147 ], [ 126.99155298480153, 37.457664283858527 ], [ 126.991475393186022, 37.457745513894636 ], [ 126.989025150233658, 37.46052210766706 ], [ 126.988942373508593, 37.460625585768689 ], [ 126.988871708696635, 37.460734620927582 ], [ 126.98881373808517, 37.460848314761961 ], [ 126.987498119370997, 37.463806775850784 ], [ 126.986779383313817, 37.465130122341982 ], [ 126.985897200309779, 37.466459025710122 ], [ 126.985384124850185, 37.467063516595658 ], [ 126.984597967481534, 37.467775263395311 ], [ 126.983488076617064, 37.468656662097992 ], [ 126.983329059307806, 37.468802416596994 ], [ 126.982753073868295, 37.469413563609109 ], [ 126.982621957583362, 37.469575566735543 ], [ 126.981994545933247, 37.470487558479221 ], [ 126.98190334681459, 37.470642698064303 ], [ 126.980913087744767, 37.472649160134431 ], [ 126.980866235632064, 37.472757315095286 ], [ 126.980195039547553, 37.474549138312845 ], [ 126.980145592050235, 37.474721594484834 ], [ 126.980016033259957, 37.475364732466275 ], [ 126.980005849647995, 37.475423492712125 ], [ 126.97995319601354, 37.475785779763875 ], [ 126.97994253761297, 37.475955837690719 ], [ 126.979899391877211, 37.476026642878594 ], [ 126.9798416929589, 37.476151100319498 ], [ 126.979799578282055, 37.476279465725661 ], [ 126.979773453508869, 37.476410502885216 ], [ 126.979763570316962, 37.476542949849822 ], [ 126.979770023972421, 37.476675531087487 ], [ 126.979792752409139, 37.476806969766422 ], [ 126.979831536823085, 37.476936000051744 ], [ 126.979886003776457, 37.477061379296465 ], [ 126.979955628791018, 37.477181900009448 ], [ 126.979983239028272, 37.477219485537418 ], [ 126.980360610518929, 37.484322894396122 ], [ 126.980253356186196, 37.484422045692163 ], [ 126.980157530869207, 37.484530549450895 ], [ 126.980075512706591, 37.48464601543597 ], [ 126.980008091621798, 37.484767331676302 ], [ 126.979955916974134, 37.484893329855723 ], [ 126.979919491302823, 37.485022796563634 ], [ 126.97989916548471, 37.485154484979951 ], [ 126.979895135352066, 37.485287126882085 ], [ 126.979907439803497, 37.485419444858294 ], [ 126.979935960425806, 37.485550164609776 ], [ 126.979980422631385, 37.485678027223024 ], [ 126.980502303972159, 37.486935446758743 ], [ 126.980589537854442, 37.488209506622283 ], [ 126.980605605658695, 37.488335427319747 ], [ 126.980913620759097, 37.489979883227214 ], [ 126.980873369437944, 37.494366660137551 ], [ 126.980873488275634, 37.494395353272509 ], [ 126.980913468937388, 37.496685047452289 ], [ 126.980922400904916, 37.49680604159856 ], [ 126.980944896953446, 37.496925912223226 ], [ 126.98098077635747, 37.497043695982981 ], [ 126.98158075371569, 37.498687840758244 ], [ 126.981579496825361, 37.498855255150282 ], [ 126.981325032602172, 37.499230182973626 ], [ 126.980906478864981, 37.499711459649973 ], [ 126.979826060698656, 37.500835884616613 ], [ 126.979759700161054, 37.500909988075946 ], [ 126.979238664962509, 37.501535316070388 ], [ 126.979162994062605, 37.501635239267159 ], [ 126.979098420704261, 37.501739989110995 ], [ 126.978888468999955, 37.502121334839842 ], [ 126.978837068563166, 37.502226402742039 ], [ 126.97879683677894, 37.502334517716513 ], [ 126.978648131474444, 37.502805365985154 ], [ 126.978615467762666, 37.502935469380624 ], [ 126.978598967986414, 37.503067496964249 ], [ 126.978598791132129, 37.50320017724561 ], [ 126.978614938989367, 37.503332232441743 ], [ 126.978647256130358, 37.503462390783035 ], [ 126.978695431403565, 37.50358939876115 ], [ 126.97875900092717, 37.503712033201559 ], [ 126.978837352553668, 37.503829113044056 ], [ 126.978929731762946, 37.503939510717906 ], [ 126.979035248926664, 37.50404216300204 ], [ 126.97915288787469, 37.504136081265671 ], [ 126.979281515680626, 37.504220360990587 ], [ 126.979419893572569, 37.504294190483527 ], [ 126.979566688863599, 37.504356858694436 ], [ 126.97972048778766, 37.504407762065533 ], [ 126.979879809116611, 37.50444641034499 ], [ 126.980043118427758, 37.504472431309267 ], [ 126.980208842883684, 37.504485574348614 ], [ 126.980375386382732, 37.504485712881007 ], [ 126.980541144933625, 37.504472845571613 ], [ 126.98070452210591, 37.504447096345579 ], [ 126.980863944407972, 37.504408713194337 ], [ 126.98101787644346, 37.504358065786924 ], [ 126.981164835700952, 37.504295641909067 ], [ 126.981303406833689, 37.504222042764688 ], [ 126.98143225529185, 37.50413797718489 ], [ 126.981550140176623, 37.504044254800363 ], [ 126.981655926191053, 37.503941778242854 ], [ 126.981748594573915, 37.50383153445113 ], [ 126.981827252910165, 37.503714585164794 ], [ 126.981891143724184, 37.503592056698082 ], [ 126.981939651772947, 37.503465129091616 ], [ 126.98205371429529, 37.503103921399358 ], [ 126.982147652269603, 37.502933284436622 ], [ 126.982555823245121, 37.502443389753218 ], [ 126.983625942127219, 37.501329641497442 ], [ 126.983673325748171, 37.501277824341578 ], [ 126.984168109823486, 37.500708869434277 ], [ 126.98426595812569, 37.500581944161972 ], [ 126.984766622442208, 37.499844219407123 ], [ 126.984838394944902, 37.499724837802653 ], [ 126.984895170541606, 37.499600436534749 ], [ 126.984936405073555, 37.499472208077222 ], [ 126.984961703360909, 37.499341381584088 ], [ 126.984970822987776, 37.499209211106923 ], [ 126.984976061090535, 37.498507280989287 ], [ 126.984969167424367, 37.498377234994088 ], [ 126.984946610043977, 37.498248319809115 ], [ 126.984908598098627, 37.49812173026266 ], [ 126.98430374468353, 37.496464429460133 ], [ 126.98426711445785, 37.494372034692418 ], [ 126.984307997739592, 37.48989429387192 ], [ 126.984303832474239, 37.489789273816918 ], [ 126.984289444857694, 37.489684828644791 ], [ 126.983973582495025, 37.487998884032862 ], [ 126.983878865975129, 37.48661644789069 ], [ 126.983348752274836, 37.476646627973075 ], [ 126.98333632045177, 37.476008891835569 ], [ 126.983371894858237, 37.475764043855975 ], [ 126.983477899582567, 37.475237713762439 ], [ 126.984096661501226, 37.473585677705316 ], [ 126.985021133886008, 37.471712354617736 ], [ 126.985538452635382, 37.47096034873217 ], [ 126.985968648242007, 37.470503874246788 ], [ 126.987031760029936, 37.469659601845336 ], [ 126.987107673764484, 37.469595239815789 ], [ 126.988001771812407, 37.46878574430071 ], [ 126.988133548770222, 37.468649937848298 ], [ 126.988758506998323, 37.467913598018185 ], [ 126.988852856850158, 37.467788344059983 ], [ 126.989808925400311, 37.466348055532031 ], [ 126.989866258037523, 37.466252867181289 ], [ 126.990634164686497, 37.46483888008472 ], [ 126.990637270754149, 37.464832291201738 ], [ 126.990641099147638, 37.464825928386325 ], [ 126.990657777294345, 37.464789397839212 ], [ 126.990676289708901, 37.464753470874598 ], [ 126.991933384622769, 37.461926353159221 ], [ 126.994175986423059, 37.459384948907022 ], [ 126.996971764208027, 37.457059028656047 ], [ 126.99887273128904, 37.455494901951397 ], [ 127.000103218785227, 37.454743135145456 ], [ 127.00121617775757, 37.454093051089401 ], [ 127.001644889679511, 37.453965232771438 ], [ 127.001862354280917, 37.453886053761792 ], [ 127.00248115071939, 37.45361721325235 ], [ 127.002627890940332, 37.453545532381597 ], [ 127.002764763012365, 37.453462364641872 ], [ 127.002890357487701, 37.453368566477771 ], [ 127.003003381066989, 37.453265103800604 ], [ 127.003102669917425, 37.453153042040604 ], [ 127.003470456094433, 37.452689718592374 ], [ 127.003480983771979, 37.452674892872182 ], [ 127.003492839565098, 37.452660718678231 ], [ 127.006085130601775, 37.449205226297337 ], [ 127.007620058914014, 37.447222180203667 ], [ 127.012884859837072, 37.456300262341209 ], [ 127.020717123435801, 37.471999056371132 ], [ 127.020760072498774, 37.472077753167952 ], [ 127.025797313995326, 37.480559812308428 ], [ 127.025893134398189, 37.480699285312163 ], [ 127.026008839884199, 37.48082882841571 ], [ 127.027563773906422, 37.482369203418251 ], [ 127.027546025535557, 37.482366838458042 ], [ 127.027530268609993, 37.482364799532938 ], [ 127.020191731197102, 37.481443180022509 ], [ 127.020030003743159, 37.481429156374539 ], [ 127.018746433342912, 37.481367270131358 ], [ 127.018523534481218, 37.481368212391061 ], [ 127.018384923965144, 37.481376073028521 ], [ 127.018359924914392, 37.481377638771626 ], [ 127.018125452844913, 37.481393714274972 ], [ 127.017952815405835, 37.48141270962153 ], [ 127.017783533919769, 37.481445718194784 ], [ 127.01749430738127, 37.481514838147412 ], [ 127.017265416335462, 37.481584244276789 ], [ 127.017084335213497, 37.481651445653917 ], [ 127.016957513640662, 37.481703795341524 ], [ 127.016836666476451, 37.481764460052446 ], [ 127.016727760915927, 37.48182437637697 ], [ 127.016626383689143, 37.481884720122828 ], [ 127.016530931861865, 37.481950917218228 ], [ 127.016412464014635, 37.482039474957965 ], [ 127.016306479584557, 37.482126124850659 ], [ 127.016210640901633, 37.482219979054776 ], [ 127.016125715631048, 37.482320285838576 ], [ 127.015942382358418, 37.482559230747576 ], [ 127.015861044491942, 37.482678264072426 ], [ 127.015399374741108, 37.483442809563606 ], [ 127.014793171532077, 37.484382622610511 ], [ 127.014786089628473, 37.484395068459435 ], [ 127.014777812656931, 37.48440703688825 ], [ 127.013660271042809, 37.486229122825023 ], [ 127.013626302352918, 37.486288046330728 ], [ 127.013333314350461, 37.486830179166446 ], [ 127.013253787697423, 37.487011991572764 ], [ 127.013073299906694, 37.487543798745349 ], [ 127.013030578010657, 37.487710850652796 ], [ 127.012318838907518, 37.49179594463385 ], [ 127.011202864773722, 37.491454207187758 ], [ 127.008321525892597, 37.490553248428988 ], [ 127.008163723554262, 37.490510896686963 ], [ 127.00800147152043, 37.490481073350509 ], [ 127.0078363322896, 37.490464065619179 ], [ 127.007669896159555, 37.490460037277515 ], [ 127.007503765915061, 37.490469027117975 ], [ 127.007339541395567, 37.490490948567469 ], [ 127.007178804091097, 37.490525590520946 ], [ 127.007023101914811, 37.490572619374028 ], [ 127.006873934298611, 37.49063158223521 ], [ 127.006732737755371, 37.49070191128655 ], [ 127.006600872046477, 37.490782929251147 ], [ 127.006479607088025, 37.49087385591433 ], [ 127.006370110721932, 37.490973815636544 ], [ 127.006273437468892, 37.491081845784734 ], [ 127.00619051837262, 37.491196906001804 ], [ 127.006122152032162, 37.491317888224629 ], [ 127.006068996909434, 37.491443627354094 ], [ 127.006031564985562, 37.491572912474687 ], [ 127.006010216827733, 37.491704498515446 ], [ 127.006005158113666, 37.491837118240106 ], [ 127.006016437647645, 37.491969494450899 ], [ 127.006043946887303, 37.49210035228856 ], [ 127.006087420985452, 37.492228431510107 ], [ 127.006146441337748, 37.492352498626033 ], [ 127.006220439611084, 37.492471358780122 ], [ 127.006308703214501, 37.492583867257459 ], [ 127.006410382159771, 37.492688940509652 ], [ 127.006524497245763, 37.492785566591138 ], [ 127.006649949487823, 37.492872814906079 ], [ 127.006785530701421, 37.492949845171765 ], [ 127.00692993513789, 37.493015915512316 ], [ 127.007081772060744, 37.493070389604597 ], [ 127.00996874053223, 37.493973113651698 ], [ 127.009979852606691, 37.493976552259817 ], [ 127.011789691714043, 37.494530763677929 ], [ 127.011552841285578, 37.4955000337741 ], [ 127.01155136600245, 37.49550614600431 ], [ 127.011096565653474, 37.497414044347586 ], [ 127.011067548824187, 37.497521598687321 ], [ 127.011005657682063, 37.497628845525576 ], [ 127.010829373180982, 37.497784587392601 ], [ 127.010207993411314, 37.498081843535161 ], [ 127.010178740119173, 37.498096160349007 ], [ 127.008061053914275, 37.499156195406954 ], [ 127.008028946501724, 37.499172671008452 ], [ 127.006995994155758, 37.499715910118198 ], [ 127.006333210979264, 37.500048342963666 ], [ 127.006265156709418, 37.50008432718203 ], [ 127.006009930160147, 37.500226445027103 ], [ 127.005867375715212, 37.500315197164952 ], [ 127.005737490356424, 37.500415535934309 ], [ 127.005621750341547, 37.500526320939635 ], [ 127.005407351852881, 37.500755345867496 ], [ 127.005282762407816, 37.50090916408935 ], [ 127.004823787065533, 37.501570121863317 ], [ 127.004740760974485, 37.501707429200096 ], [ 127.004499961223388, 37.50217078579459 ], [ 127.004422827076652, 37.502193583154344 ], [ 127.004273115560281, 37.502251701942235 ], [ 127.004131275029934, 37.50232123162823 ], [ 127.00399867144786, 37.502401502633511 ], [ 127.003876581835101, 37.502491741936971 ], [ 127.003766181974157, 37.502591080518613 ], [ 127.003668535085751, 37.502698561727392 ], [ 127.003584581588996, 37.502813150492976 ], [ 127.003515130043766, 37.502933743292807 ], [ 127.003460849362199, 37.50305917877845 ], [ 127.003422262364452, 37.503188248959049 ], [ 127.003399740741173, 37.503319710834056 ], [ 127.003281411012125, 37.50440606033753 ], [ 127.002630151370028, 37.505181598401258 ], [ 127.002544447893641, 37.505295363226928 ], [ 127.002473153890648, 37.50541527248209 ], [ 127.002430942094136, 37.505509087597488 ], [ 127.002372496479708, 37.505614176807072 ], [ 127.002320280963332, 37.505740167916301 ], [ 127.002283818113384, 37.505869629632343 ], [ 127.002263459164809, 37.506001315183134 ], [ 127.002259400269025, 37.506133956373738 ], [ 127.002271680601694, 37.506266275799227 ], [ 127.002300181982108, 37.50639699914683 ], [ 127.002344630007926, 37.506524867468357 ], [ 127.00235669728437, 37.506549776494005 ], [ 127.002321714636068, 37.506634002785781 ], [ 127.002275676412637, 37.50676737043316 ], [ 127.002246983675349, 37.506903787391551 ], [ 127.002172949045715, 37.507415092284468 ], [ 127.002161828904036, 37.507558712405356 ], [ 127.002169931793716, 37.5077024606137 ], [ 127.00219716604289, 37.507844708666056 ], [ 127.002325534443287, 37.508337544682547 ], [ 127.002333609219349, 37.50836690137637 ], [ 127.002511664798817, 37.508981483890501 ], [ 127.002545643953681, 37.50908120748629 ], [ 127.002589084496933, 37.509178572526771 ], [ 127.002683432235713, 37.509366899572207 ], [ 127.002780658521374, 37.509528825834913 ], [ 127.002881759576155, 37.509671941076412 ], [ 127.003064731249111, 37.509931756159126 ], [ 127.003150705951725, 37.510041232846092 ], [ 127.00324939991998, 37.510143676035881 ], [ 127.003467942070813, 37.510349380518697 ], [ 127.003563194058444, 37.510431847593466 ], [ 127.003884636577794, 37.510687975986926 ], [ 127.003982273028441, 37.510759902812858 ], [ 127.004086679370388, 37.510825519137761 ], [ 127.004443772838954, 37.511032388315492 ], [ 127.004473934746997, 37.511049464112126 ], [ 127.005030115631641, 37.511357122720057 ], [ 127.005079849882875, 37.511383611021699 ], [ 127.00605624399644, 37.511884019622769 ], [ 127.00609218409636, 37.511901937272754 ], [ 127.010695478563491, 37.514133464697956 ], [ 127.01070560327021, 37.514137845315659 ], [ 127.010715227010934, 37.514142891829152 ], [ 127.014810354204002, 37.516067675217229 ], [ 127.015020262844814, 37.516151320978175 ], [ 127.017797439661692, 37.517072679288866 ], [ 127.017798321541562, 37.517074904907453 ], [ 127.017809248951025, 37.517095270206859 ], [ 127.017818491615571, 37.51711618319856 ], [ 127.017827503559303, 37.517131563948325 ], [ 127.017835081511208, 37.517147427784735 ], [ 127.017850340248344, 37.517171851523074 ], [ 127.017863785586641, 37.517196909388197 ], [ 127.017877164961007, 37.517216321297994 ], [ 127.01788893786393, 37.517236414136192 ], [ 127.017899799114261, 37.517251017218115 ], [ 127.017909292722905, 37.517266213018758 ], [ 127.017927485292219, 37.517289330119063 ], [ 127.017943947846362, 37.517313215293484 ], [ 127.017959649901087, 37.517331487202348 ], [ 127.017973840112617, 37.517350566054603 ], [ 127.017986446075582, 37.517364250829395 ], [ 127.017997763918657, 37.517378632246817 ], [ 127.018018715562405, 37.517400219661653 ], [ 127.018038036361389, 37.517422702505492 ], [ 127.018055909529465, 37.517439658816294 ], [ 127.018072380748734, 37.517457539578892 ], [ 127.01808661002589, 37.51747017425069 ], [ 127.018099643110887, 37.517483602779947 ], [ 127.018123152390984, 37.517503452162593 ], [ 127.018145145039867, 37.517524316571013 ], [ 127.018165016938241, 37.517539794377555 ], [ 127.018183610798744, 37.517556304463284 ], [ 127.018199326356125, 37.517567767349057 ], [ 127.01821394916972, 37.517580113661779 ], [ 127.018239789902253, 37.517598033390136 ], [ 127.018264242382358, 37.517617078857747 ], [ 127.018285921475368, 37.517630929498502 ], [ 127.018306459066565, 37.517645909514229 ], [ 127.018323509554392, 37.517656090215851 ], [ 127.018339581271164, 37.517667235405867 ], [ 127.018367504703278, 37.517683052445534 ], [ 127.018394181415218, 37.517700095980089 ], [ 127.018417458858764, 37.517712186454752 ], [ 127.018439742449416, 37.517725491752188 ], [ 127.018457963659586, 37.517734292219735 ], [ 127.01847532949823, 37.517744128948429 ], [ 127.018505066707121, 37.517757690536776 ], [ 127.018533710736463, 37.517772568404489 ], [ 127.018558362385264, 37.517782782639785 ], [ 127.018582177331908, 37.517794284723919 ], [ 127.018601393779619, 37.51780162020016 ], [ 127.01861988649361, 37.517810053730308 ], [ 127.018651150983828, 37.517821228864484 ], [ 127.018681486568298, 37.517833798150534 ], [ 127.018707275126744, 37.517842038104142 ], [ 127.018732391948973, 37.517851625885058 ], [ 127.01875241856284, 37.517857425721878 ], [ 127.018771860051316, 37.517864374830218 ], [ 127.018804350525514, 37.517873055544051 ], [ 127.018836085699661, 37.517883195514123 ], [ 127.018862762996363, 37.517889382106247 ], [ 127.018888939598156, 37.517896962982014 ], [ 127.018909583502833, 37.517901171320901 ], [ 127.018929786525987, 37.517906569080452 ], [ 127.018963189801852, 37.517912671497506 ], [ 127.018996019194432, 37.517920284747696 ], [ 127.019023328558461, 37.517924358612184 ], [ 127.019050312574251, 37.517929859371463 ], [ 127.019071374948211, 37.517932435681523 ], [ 127.019092144930866, 37.517936230106351 ], [ 127.019126138975224, 37.517939695258335 ], [ 127.019159746733123, 37.517944708642915 ], [ 127.019187425450028, 37.517946630690723 ], [ 127.019214956691798, 37.517949998226328 ], [ 127.019236234682495, 37.517950917694826 ], [ 127.019257371588225, 37.517953072240658 ], [ 127.019291628638982, 37.517953866643019 ], [ 127.01932569144968, 37.517956231971461 ], [ 127.019353473273895, 37.517955983761496 ], [ 127.019381286255737, 37.517957185587676 ], [ 127.019402574933565, 37.517956439358933 ], [ 127.019423875191592, 37.517956933275272 ], [ 127.019458064936245, 37.517955049254063 ], [ 127.019492255120781, 37.517954743750899 ], [ 127.019519872820965, 37.517952327665085 ], [ 127.019547699335533, 37.517951352232991 ], [ 127.019568793667844, 37.517948947493799 ], [ 127.019590052133964, 37.517947776023753 ], [ 127.019623844913426, 37.517943231790447 ], [ 127.019657833560743, 37.517940258313772 ], [ 127.019685021474558, 37.517935697534341 ], [ 127.01971259319609, 37.517932554343083 ], [ 127.01973329002216, 37.517928514253413 ], [ 127.019754301954848, 37.517925688679512 ], [ 127.020679338381782, 37.517763750100784 ], [ 127.020741827394033, 37.517750219020215 ], [ 127.020804599835074, 37.517737795895492 ], [ 127.020822117114491, 37.517732833401062 ], [ 127.020840078419553, 37.517728944122368 ], [ 127.020900598665378, 37.517710600213384 ], [ 127.020961542853655, 37.517693335173234 ], [ 127.020978365874996, 37.517687028627336 ], [ 127.020995761198975, 37.517681756018433 ], [ 127.021053729707745, 37.517658776497136 ], [ 127.021112258797217, 37.517636835268526 ], [ 127.021128225549589, 37.517629245248855 ], [ 127.021144887344661, 37.517622640258352 ], [ 127.021199745848975, 37.517595247025788 ], [ 127.02125529613312, 37.517568840332139 ], [ 127.021270252816663, 37.517560039768881 ], [ 127.021286020637604, 37.517552166186 ], [ 127.021337240957934, 37.517520623670649 ], [ 127.021389277291917, 37.517490005222122 ], [ 127.021403079797736, 37.51748007870134 ], [ 127.021417801848742, 37.517471012535538 ], [ 127.021464890982728, 37.517435625125621 ], [ 127.021512911935702, 37.517401089195992 ], [ 127.021525427233996, 37.517390132150823 ], [ 127.02153896183043, 37.517379960893727 ], [ 127.021581466698393, 37.517341069984568 ], [ 127.021625009385716, 37.517302948597454 ], [ 127.021636116808452, 37.517291066394797 ], [ 127.021648333740046, 37.517279888171565 ], [ 127.02168584554073, 37.517237868857343 ], [ 127.021724490089667, 37.517196528607997 ], [ 127.021734082495669, 37.517183835539171 ], [ 127.02174486427748, 37.517171758157843 ], [ 127.021777022412266, 37.517127015600387 ], [ 127.021810396018012, 37.517082854143055 ], [ 127.021818380828961, 37.517069472327833 ], [ 127.021827623828614, 37.517056612235955 ], [ 127.021854119357016, 37.517009577746457 ], [ 127.02188189988955, 37.516963019980189 ], [ 127.021888199986662, 37.516949078194827 ], [ 127.021895815416769, 37.516935559353733 ], [ 127.021916394010788, 37.516886686225433 ], [ 127.021938313136872, 37.516838180214606 ], [ 127.02194286760988, 37.516823812654827 ], [ 127.021948782376668, 37.51680976534238 ], [ 127.021963246745898, 37.516759524475077 ], [ 127.021979092535716, 37.516709537143633 ], [ 127.021981857276032, 37.516694882134345 ], [ 127.021986014676003, 37.516680441687967 ], [ 127.021994226441663, 37.516629317046892 ], [ 127.022003845433943, 37.516578329687015 ], [ 127.022004793566552, 37.516563528351213 ], [ 127.022007153824845, 37.516548833863339 ], [ 127.022009034825189, 37.516497317816246 ], [ 127.022012333530014, 37.516445821454859 ], [ 127.02201145567949, 37.516431016354382 ], [ 127.022011996325134, 37.516416209332895 ], [ 127.022007529340897, 37.516364797910349 ], [ 127.022004475164792, 37.516313288577933 ], [ 127.02200177955261, 37.516298622339328 ], [ 127.022000495627211, 37.51628384534596 ], [ 127.021989724521234, 37.516233033470556 ], [ 127.021980346104812, 37.516182007417676 ], [ 127.021975858476651, 37.516167621356168 ], [ 127.021972762574777, 37.516153016635982 ], [ 127.021955791845372, 37.516103293366065 ], [ 127.021940178809103, 37.516053242274232 ], [ 127.021933942192788, 37.516039275029591 ], [ 127.021929064334202, 37.516024983144376 ], [ 127.021906058087453, 37.5159768269776 ], [ 127.021884360187443, 37.515928233210978 ], [ 127.021876434483488, 37.515914819407946 ], [ 127.021869821818356, 37.515900977886943 ], [ 127.021841002170177, 37.515854852168665 ], [ 127.021813427871166, 37.515808184112501 ], [ 127.021803889279695, 37.515795453059461 ], [ 127.021795605630089, 37.51578219507995 ], [ 127.021761250554107, 37.515738543559749 ], [ 127.021728065032931, 37.515694251091439 ], [ 127.021717005322344, 37.515682325529603 ], [ 127.021707130564593, 37.515669778640017 ], [ 127.021667571206891, 37.515629021218551 ], [ 127.021629093805188, 37.515587531355429 ], [ 127.021616619429707, 37.515576526271026 ], [ 127.021605248723475, 37.515564811168566 ], [ 127.021560866210635, 37.515527339874893 ], [ 127.021517467361122, 37.515489052641577 ], [ 127.021503698435225, 37.515479074152623 ], [ 127.021490941307022, 37.515468303526994 ], [ 127.021478134814586, 37.515459423001012 ], [ 127.021965155982102, 37.513833328368321 ], [ 127.022542801001762, 37.512494737868849 ], [ 127.022617855111775, 37.512468161773924 ], [ 127.022762692991179, 37.512402643624092 ], [ 127.022898771372766, 37.512326132005271 ], [ 127.023024779717744, 37.512239363797946 ], [ 127.023139504483609, 37.512143174660956 ], [ 127.023241840811792, 37.512038490982242 ], [ 127.023330803167994, 37.511926320955936 ], [ 127.023405534832548, 37.511807744871675 ], [ 127.023465316149654, 37.511683904709578 ], [ 127.023509571456259, 37.511555993141315 ], [ 127.023537874623386, 37.511425242043131 ], [ 127.023549953157229, 37.511292910631532 ], [ 127.023545690820328, 37.511160273335832 ], [ 127.023525128747664, 37.511028607524572 ], [ 127.023488465047208, 37.510899181203719 ], [ 127.023436052888798, 37.510773240805463 ], [ 127.023368397099887, 37.510651999184837 ], [ 127.023366905828979, 37.510649907269347 ], [ 127.025393708835296, 37.506407899753739 ], [ 127.025522478967346, 37.506427742528054 ], [ 127.025688309551313, 37.506440049845736 ], [ 127.025854855881647, 37.506439348735285 ], [ 127.026020513939756, 37.506425645948525 ], [ 127.026183688263288, 37.506399073457203 ], [ 127.026342807314492, 37.506359887181738 ], [ 127.02649633861823, 37.506308464526057 ], [ 127.026642803523131, 37.506245300742329 ], [ 127.02678079144421, 37.506171004160443 ], [ 127.026908973449494, 37.506086290328398 ], [ 127.027026115059471, 37.50599197511999 ], [ 127.027131088136628, 37.505888966876235 ], [ 127.027222881749822, 37.505778257656189 ], [ 127.027300611909638, 37.505660913681652 ], [ 127.027363530080294, 37.50553806506764 ], [ 127.027385437021749, 37.505479414795822 ], [ 127.027410056710835, 37.505437943921116 ], [ 127.027466162109789, 37.505313018308598 ], [ 127.027506626973434, 37.505184313157216 ], [ 127.027531061678914, 37.505053067984448 ], [ 127.027539230989063, 37.504920546763493 ], [ 127.027531056314928, 37.504788025750074 ], [ 127.027506616469068, 37.504656781191237 ], [ 127.027466146903521, 37.504528077034529 ], [ 127.027410037438813, 37.504403152755849 ], [ 127.027338828507041, 37.504283211423171 ], [ 127.027253205944461, 37.504169408111238 ], [ 127.027153994384619, 37.504062838778431 ], [ 127.027042149314767, 37.503964529713379 ], [ 127.026918747873353, 37.503875427652332 ], [ 127.026784978475888, 37.503796390663005 ], [ 127.026674613705936, 37.503737641907762 ], [ 127.028609677315515, 37.499730182327689 ], [ 127.035758549771529, 37.501901325309461 ], [ 127.041542139870216, 37.503693796141491 ], [ 127.041550450906172, 37.503696351674485 ], [ 127.047374642296646, 37.505473048657457 ], [ 127.047420291950786, 37.505540617420465 ], [ 127.047513219715285, 37.505650724634364 ], [ 127.047619247370676, 37.5057530451882 ], [ 127.047737353829675, 37.505846593645828 ], [ 127.047866401662731, 37.505930469050512 ], [ 127.048005148052056, 37.506003863602807 ], [ 127.048152256761171, 37.506066070441555 ], [ 127.048306311004978, 37.50611649045242 ], [ 127.04846582709591, 37.506154638038844 ], [ 127.048629268735155, 37.506180145799547 ], [ 127.048795061810551, 37.506192768067486 ], [ 127.048961609559484, 37.506192383276336 ], [ 127.049127307949689, 37.506178995131492 ], [ 127.049290561130306, 37.506152732574371 ], [ 127.049449796804055, 37.506113848540423 ], [ 127.04946439723561, 37.506108990973118 ], [ 127.053035502673794, 37.507193846760707 ], [ 127.057697801974456, 37.508659776376888 ], [ 127.060781196239247, 37.509629543320216 ], [ 127.054255560755081, 37.521937828075046 ], [ 127.053042009565488, 37.523573852967289 ], [ 127.051632433302032, 37.524685887475393 ], [ 127.049498518787942, 37.525807228219051 ], [ 127.047382221608871, 37.526573657810317 ], [ 127.032440281563026, 37.530483733174428 ], [ 127.019018500358314, 37.533218792598596 ], [ 127.012530502289749, 37.534036970033647 ], [ 126.982041641269845, 37.533617244361778 ], [ 126.981888226320152, 37.533620637590083 ], [ 126.979173755566336, 37.533778648634993 ], [ 126.979016492842518, 37.533793700920214 ], [ 126.978861675989151, 37.533820359010264 ], [ 126.978710652517151, 37.533858390875622 ], [ 126.978564736925264, 37.533907465490223 ], [ 126.976486054811375, 37.534699468576129 ], [ 126.97632266182157, 37.534770744701696 ], [ 126.976170059029599, 37.53485584817475 ], [ 126.97393462598842, 37.536254079913959 ], [ 126.973819071671073, 37.536333287087409 ], [ 126.973712906313978, 37.536420430005606 ], [ 126.973616986091471, 37.536514805928562 ], [ 126.971220614831424, 37.539101927243991 ], [ 126.971120800594306, 37.539222705489557 ], [ 126.971037753870974, 37.539351280734323 ], [ 126.970972424479086, 37.53948618257985 ], [ 126.970041609735176, 37.541764211180912 ], [ 126.969982995200269, 37.541952746528096 ], [ 126.969037310291171, 37.546318669942664 ], [ 126.969017458294843, 37.546446303057529 ], [ 126.96845729431665, 37.552331370109158 ], [ 126.968453950574727, 37.552388469599258 ], [ 126.968355483736332, 37.552481693736823 ], [ 126.968261244318924, 37.552591121318223 ], [ 126.968180930438109, 37.552707376040246 ], [ 126.968115315606099, 37.552829338335442 ], [ 126.968065031788797, 37.552955833665379 ], [ 126.968030563317157, 37.553085643830954 ], [ 126.968012242220297, 37.553217518703732 ], [ 126.968010245024672, 37.553350188264645 ], [ 126.968024591050963, 37.553482374834807 ], [ 126.968400440840469, 37.555680770502228 ], [ 126.968403651259834, 37.555694475910485 ], [ 126.968405518043653, 37.555708338160663 ], [ 126.968406027542002, 37.55571028922521 ], [ 126.968406300757593, 37.555712263248594 ], [ 126.968409805746262, 37.555725489829513 ], [ 126.968412002262824, 37.555738893962989 ], [ 126.968413532773212, 37.555744147555949 ], [ 126.968414464157078, 37.555749498299157 ], [ 126.968415240196308, 37.555752068805205 ], [ 126.968415708867283, 37.555754686052843 ], [ 126.968417087768771, 37.555759176174973 ], [ 126.968417946455688, 37.555763747713193 ], [ 126.968425211671502, 37.55578672399524 ], [ 126.968430641336226, 37.555810019456437 ], [ 126.968430853547588, 37.555810603361017 ], [ 126.968430993521579, 37.555811200913652 ], [ 126.968435875887678, 37.555824589805468 ], [ 126.968439440396779, 37.555838239632614 ], [ 126.968440188784498, 37.555840144415264 ], [ 126.968440702957395, 37.555842084714499 ], [ 126.968445819523268, 37.555854974098345 ], [ 126.968449655776197, 37.555868142284517 ], [ 126.968451824465745, 37.555873248150895 ], [ 126.968453411060409, 37.555878503474425 ], [ 126.96845449984356, 37.555881001045535 ], [ 126.968455288492791, 37.55588356911818 ], [ 126.968457213578517, 37.555887930018287 ], [ 126.968458630977779, 37.555892412536643 ], [ 126.969092905861984, 37.557549975403369 ], [ 126.969042587648715, 37.55902918576669 ], [ 126.969045192777671, 37.559149098571375 ], [ 126.969061136235922, 37.559268355802118 ], [ 126.969090292630526, 37.55938601904446 ], [ 126.969132432595472, 37.559501162422364 ], [ 126.969187224594776, 37.559612879884121 ], [ 126.970120765823381, 37.561292301381378 ], [ 126.970190843857083, 37.561404100134858 ], [ 126.970273587728002, 37.561510271489574 ], [ 126.970368290801318, 37.561609908672054 ], [ 126.970474144293064, 37.561702160711434 ], [ 126.970590244176961, 37.561786239708034 ], [ 126.973443882951898, 37.563668458302473 ], [ 126.973601068800235, 37.563760539592948 ], [ 126.975145584013703, 37.564560671083086 ], [ 126.975158319049058, 37.564594659946025 ], [ 126.975242232740243, 37.565067196559625 ], [ 126.975285957754707, 37.565560358722003 ], [ 126.975237180624248, 37.566088095105542 ], [ 126.975233920801259, 37.566134035120285 ], [ 126.975075876667589, 37.569324762086509 ], [ 126.975060368235077, 37.569454187182707 ], [ 126.974553810488544, 37.569895885426376 ], [ 126.974467370360657, 37.569977508323213 ], [ 126.974389290150029, 37.570064305158745 ], [ 126.972797226257995, 37.571990391700687 ], [ 126.972762797696973, 37.572033816236328 ], [ 126.972112380795949, 37.572889765756827 ], [ 126.972047111812344, 37.572983922311742 ], [ 126.971991450980539, 37.5730819097801 ], [ 126.970754107933487, 37.575513334570147 ], [ 126.970700418035122, 37.575635281352746 ], [ 126.97066160027174, 37.575760750599621 ], [ 126.968099305924298, 37.586159488717904 ], [ 126.967024653112148, 37.589483268036332 ], [ 126.966106448166457, 37.590467432533778 ], [ 126.963256554567053, 37.592599083782034 ], [ 126.963230191663371, 37.59261923106974 ], [ 126.955973966447843, 37.598284634650724 ], [ 126.94068242469065, 37.610181684703662 ], [ 126.940654357515697, 37.610204032199661 ], [ 126.939403073177516, 37.611223858358407 ], [ 126.9393186620498, 37.611297947676498 ], [ 126.938108326933687, 37.61244262417587 ], [ 126.936965314220529, 37.613063718673772 ], [ 126.935338941335644, 37.61374110393028 ], [ 126.935170114773427, 37.613821656331368 ], [ 126.935014130206582, 37.613917198527119 ], [ 126.933763903359733, 37.61477915920409 ], [ 126.933654301192561, 37.614861783182846 ], [ 126.93355435032484, 37.614951819452088 ], [ 126.933464839727833, 37.615048557334148 ], [ 126.932123879781571, 37.616641408233818 ], [ 126.931739858346475, 37.616886551708468 ], [ 126.929466078828355, 37.617766520912433 ], [ 126.926588823018278, 37.618444716763769 ], [ 126.920123486066714, 37.618818296088705 ], [ 126.919957919784025, 37.618834385400099 ], [ 126.919795133228575, 37.618863305648965 ], [ 126.919636694044868, 37.61890477833132 ], [ 126.919484128018439, 37.618958404062269 ], [ 126.919338904384276, 37.619023666421427 ], [ 126.919202421679842, 37.619099936925465 ], [ 126.919075994277833, 37.619186481079574 ], [ 126.918960839729394, 37.619282465449864 ], [ 126.918858067038897, 37.619386965688506 ], [ 126.918768665983634, 37.619498975434368 ], [ 126.918693497580719, 37.619617416003543 ], [ 126.918633285793831, 37.619741146776491 ], [ 126.918588610559084, 37.619868976181735 ], [ 126.918559902197259, 37.619999673170433 ], [ 126.91854743726708, 37.620131979071424 ], [ 126.918551335898371, 37.62026461971233 ], [ 126.91857156063206, 37.620396317690414 ], [ 126.918607916777418, 37.620525804674621 ], [ 126.918660054283933, 37.620651833620677 ], [ 126.918727471109378, 37.620773190781229 ], [ 126.918809518052043, 37.620888707395764 ], [ 126.918905405000629, 37.620997270947264 ], [ 126.919014208541711, 37.621097835877549 ], [ 126.919134880851601, 37.621189433657705 ], [ 126.919266259786838, 37.621271182116928 ], [ 126.919407080076354, 37.621342293939577 ], [ 126.919555985507714, 37.621402084248743 ], [ 126.919711541989315, 37.62144997720317 ], [ 126.919872251363557, 37.621485511544016 ], [ 126.92003656583735, 37.621508345037945 ], [ 126.920202902891077, 37.621518257773637 ], [ 126.920369660522155, 37.621515154280281 ], [ 126.9270186174343, 37.621130961919455 ], [ 126.927200226288818, 37.621112600239208 ], [ 126.927378298889224, 37.621078808772047 ], [ 126.930566446434142, 37.620327332548747 ], [ 126.930698859799179, 37.620291340640513 ], [ 126.9308271022486, 37.620246806858816 ], [ 126.933398553634547, 37.619251629326975 ], [ 126.933564313064991, 37.619178102473967 ], [ 126.933718733150641, 37.619090333914528 ], [ 126.934454823758898, 37.618620435477595 ], [ 126.934583637897745, 37.618529284829883 ], [ 126.934700180272287, 37.618428222809932 ], [ 126.93480325175085, 37.61831828931232 ], [ 126.936162435752081, 37.616703728333533 ], [ 126.937090909475955, 37.616063585427369 ], [ 126.938630155460871, 37.615422481027103 ], [ 126.938800429138126, 37.615341138217843 ], [ 126.940217780972361, 37.614570961065915 ], [ 126.94034098881518, 37.614497275277841 ], [ 126.940455297131606, 37.61441501246243 ], [ 126.940559765639847, 37.614324849321676 ], [ 126.941879416000234, 37.613076751711098 ], [ 126.943072901270952, 37.612104007658147 ], [ 126.958351231635589, 37.60021694915865 ], [ 126.958353152863864, 37.600215451642896 ], [ 126.965597303188986, 37.594559340996426 ], [ 126.968544155506407, 37.592355113175906 ], [ 126.968649397587285, 37.592269071584461 ], [ 126.968744631120629, 37.592175939456723 ], [ 126.96995136890979, 37.590882462972246 ], [ 126.970042773007762, 37.590773890490219 ], [ 126.970120576774363, 37.590658802906894 ], [ 126.970184053321859, 37.590538275531131 ], [ 126.970232609636525, 37.590413434492717 ], [ 126.971402342095658, 37.586795104783107 ], [ 126.971424165476449, 37.586718417535906 ], [ 126.973964183419014, 37.576408247815699 ], [ 126.975089447807449, 37.574196879287612 ], [ 126.975653062356272, 37.57345512347208 ], [ 126.97715346839874, 37.571639844930409 ], [ 126.977845422599302, 37.571036467460154 ], [ 126.97793939492071, 37.57094707034404 ], [ 126.978023343700215, 37.570851562782536 ], [ 126.978096644977271, 37.570750654692581 ], [ 126.978158753942068, 37.570645096130917 ], [ 126.978282410990275, 37.570408925994847 ], [ 126.97833978045783, 37.570281820417577 ], [ 126.978380931208747, 37.570150793080252 ], [ 126.978405452670856, 37.57001715155107 ], [ 126.978462130926346, 37.56954396853331 ], [ 126.978468482255153, 37.569468866039031 ], [ 126.978622251202637, 37.566361611823559 ], [ 126.978706571806057, 37.566405288209808 ], [ 126.978833001119227, 37.566464747179339 ], [ 126.9789654101683, 37.566515290984341 ], [ 126.979102809170925, 37.566556541795975 ], [ 126.97924417103782, 37.56658819125245 ], [ 127.033199952844981, 37.576673351542034 ], [ 127.033867958658192, 37.576882804237663 ], [ 127.033830368860805, 37.576892708467007 ], [ 127.033678007378171, 37.576946551764898 ], [ 127.03353301033529, 37.5770120214626 ], [ 127.033396774087862, 37.577088487080069 ], [ 127.033270610635597, 37.577175212243503 ], [ 127.033155734988185, 37.577271361775779 ], [ 127.033053253464558, 37.577376009738408 ], [ 127.032964153038236, 37.577488148347484 ], [ 127.03288929183158, 37.577606697677894 ], [ 127.03282939085004, 37.577730516062509 ], [ 127.032785027036653, 37.577858411085842 ], [ 127.032756627713269, 37.57798915106688 ], [ 127.03274446646229, 37.578121476920145 ], [ 127.032748660488863, 37.57825411428086 ], [ 127.03276916948893, 37.578385785777591 ], [ 127.032805796033784, 37.578515223334115 ], [ 127.03285818746852, 37.578641180381879 ], [ 127.032925839304923, 37.578762443865848 ], [ 127.033008100077581, 37.578877845927472 ], [ 127.033104177615343, 37.578986275152872 ], [ 127.033213146668857, 37.579086687277453 ], [ 127.033333957819877, 37.57917811524392 ], [ 127.033465447587346, 37.579259678516927 ], [ 127.03360634963245, 37.579330591564393 ], [ 127.033755306954973, 37.579390171423874 ], [ 127.033910884963333, 37.579437844281067 ], [ 127.034071585292395, 37.579473150996996 ], [ 127.034235860236095, 37.579495751530743 ], [ 127.034402127655468, 37.579505428214816 ], [ 127.036927814631596, 37.579553470605013 ], [ 127.038656740812215, 37.579609571869902 ], [ 127.038889122129802, 37.579657097376639 ], [ 127.039838459790232, 37.579944833393512 ], [ 127.039862020043046, 37.579951815750285 ], [ 127.041395637549599, 37.580396052623747 ], [ 127.044299536434963, 37.581325210786851 ], [ 127.045346342131765, 37.581789940906845 ], [ 127.046081719689312, 37.582244837566996 ], [ 127.046100897276716, 37.582256527368457 ], [ 127.046736524616449, 37.582638298107753 ], [ 127.04757422730097, 37.583259468989745 ], [ 127.047890167507532, 37.583506452250276 ], [ 127.048138666469058, 37.583839675671484 ], [ 127.04819968597414, 37.583915611830051 ], [ 127.049956899474182, 37.585949591147866 ], [ 127.05000276976341, 37.586000146161467 ], [ 127.051139678566727, 37.587194128133319 ], [ 127.05125274410517, 37.587300925578553 ], [ 127.052785657008513, 37.588605650253122 ], [ 127.052892638764988, 37.58868901641705 ], [ 127.053008429101681, 37.588764563254458 ], [ 127.056945555808767, 37.591110155584772 ], [ 127.057065846493487, 37.591175604236689 ], [ 127.058964128385512, 37.592115971784438 ], [ 127.0592113029291, 37.592368883801029 ], [ 127.059564480528465, 37.592847297500171 ], [ 127.060152709072867, 37.593747405842009 ], [ 127.062323875947314, 37.597151554083361 ], [ 127.062392687519036, 37.597249196606157 ], [ 127.064663465351302, 37.600179819435354 ], [ 127.065434107999394, 37.601290665239276 ], [ 127.065881867111685, 37.602273673074421 ], [ 127.066129305605557, 37.604213724786263 ], [ 127.066135605835356, 37.608242730506724 ], [ 127.066019811785182, 37.609720640409115 ], [ 127.065871754594809, 37.610518755697171 ], [ 127.065708035836209, 37.611154659070067 ], [ 127.064103895560763, 37.614871902285017 ], [ 127.064095057228243, 37.614892942592547 ], [ 127.062616506661087, 37.618511041158399 ], [ 127.062615076707132, 37.618514556486545 ], [ 127.060993656186568, 37.622519020187447 ], [ 127.060961749658489, 37.622530691567192 ], [ 127.060817761326717, 37.622597676350047 ], [ 127.060682720617194, 37.622675564131363 ], [ 127.060557928018099, 37.622763604841523 ], [ 127.060444585339326, 37.622860950634134 ], [ 127.060343784138809, 37.622966664050118 ], [ 127.06025649520997, 37.623079727044448 ], [ 127.060183559231604, 37.623199050789374 ], [ 127.060125678670218, 37.62332348615918 ], [ 127.060083411012727, 37.623451834795844 ], [ 127.060057163395228, 37.623582860649059 ], [ 127.060047188678993, 37.623715301879351 ], [ 127.060053583012206, 37.623847883009887 ], [ 127.060076284900589, 37.623979327209831 ], [ 127.060115075796489, 37.624108368591003 ], [ 127.060169582200146, 37.624233764399442 ], [ 127.060182455447006, 37.624256028994864 ], [ 127.058708128735304, 37.627045702442807 ], [ 127.058675358296753, 37.6271126301815 ], [ 127.057963940028017, 37.628688067863017 ], [ 127.057909429528522, 37.62883419862721 ], [ 127.057644673920493, 37.629725439991709 ], [ 127.057629855468747, 37.629780404974028 ], [ 127.057387339867873, 37.630780982059029 ], [ 127.057363087735951, 37.630918969136921 ], [ 127.057258223606794, 37.631871505150656 ], [ 127.057253631924468, 37.632053113107254 ], [ 127.057327073243769, 37.633291673344154 ], [ 127.057275025341085, 37.634970606229381 ], [ 127.057162915475956, 37.635485968778767 ], [ 127.056997016075584, 37.635945791392643 ], [ 127.056599253729942, 37.636540411387152 ], [ 127.055891004256338, 37.637279021211874 ], [ 127.052362672425247, 37.64018271565871 ], [ 127.052275540730093, 37.640260165134322 ], [ 127.052196146892868, 37.64034270755409 ], [ 127.051466090145553, 37.641165400357984 ], [ 127.051385191608333, 37.641265665375307 ], [ 127.051315706131021, 37.641371203944132 ], [ 127.05088385515478, 37.642103982672836 ], [ 127.050872309752052, 37.642123995574416 ], [ 127.050571414713062, 37.642656974660767 ], [ 127.050512128341822, 37.642777005098388 ], [ 127.049939170635312, 37.644122272050929 ], [ 127.049931467364516, 37.64414079738939 ], [ 127.048138344666782, 37.648559465145006 ], [ 127.046672041331391, 37.651965801788506 ], [ 127.046613903864127, 37.652136614136587 ], [ 127.046564564086424, 37.652331343219579 ], [ 127.046548649786146, 37.652340595709759 ], [ 127.046424250597013, 37.652429031278352 ], [ 127.046311352480757, 37.652526735453492 ], [ 127.046211042714617, 37.652632767324697 ], [ 127.04612428735993, 37.652746105780025 ], [ 127.046051921957556, 37.652865659338815 ], [ 127.045994643479588, 37.652990276661967 ], [ 127.045953003615182, 37.653118757639007 ], [ 127.045927403454797, 37.65324986494489 ], [ 127.045918089624706, 37.653382335955492 ], [ 127.045925151908619, 37.65351489490692 ], [ 127.045948522379589, 37.653646265181692 ], [ 127.045987976051109, 37.653775181603322 ], [ 127.046011728727635, 37.653829106543199 ], [ 127.045883198299023, 37.654057465503598 ], [ 127.045880256452051, 37.654062722213055 ], [ 127.04540169618214, 37.654922760485206 ], [ 127.045344490085455, 37.655040027311614 ], [ 127.044369588074957, 37.657352096919503 ], [ 127.043689172866365, 37.658943020516574 ], [ 127.043632180858268, 37.659111079013286 ], [ 127.043366177201946, 37.660160087346547 ], [ 127.043338205949851, 37.660317961510891 ], [ 127.043070155730888, 37.662945051785741 ], [ 127.043067840893542, 37.662970781841501 ], [ 127.042926957505358, 37.66477897025856 ], [ 127.042926250088414, 37.664788606902093 ], [ 127.042743602316079, 37.667439267426872 ], [ 127.042593383906933, 37.668730533130081 ], [ 127.042587575510723, 37.668799835673468 ], [ 127.042544219700247, 37.669643338106553 ], [ 127.042546937306341, 37.669792753065224 ], [ 127.042661135612647, 37.671092084177126 ], [ 127.042665302940748, 37.671131285569913 ], [ 127.04290547974874, 37.673056270177653 ], [ 127.042920322211131, 37.673145121960339 ], [ 127.043463749759198, 37.675736513974549 ], [ 127.044067078174123, 37.679549503700407 ], [ 127.044476554840514, 37.68278462775671 ], [ 127.044478633795521, 37.682800151603544 ], [ 127.044753867732467, 37.684748361186614 ], [ 127.044814981169282, 37.68589646079937 ], [ 127.044688886281833, 37.686963607411094 ], [ 127.044681656814973, 37.687068164581667 ], [ 127.044660655818888, 37.688100997528331 ], [ 127.04452616031827, 37.689479462640165 ], [ 127.044525205363286, 37.689489759951776 ], [ 127.044194260475351, 37.693254215517186 ], [ 127.043971477659454, 37.694318823145878 ], [ 127.043953747943348, 37.69443379693498 ], [ 127.04394846851153, 37.694549554683356 ], [ 127.043957276373234, 37.695605689804609 ], [ 127.043959968383504, 37.695673278556448 ], [ 127.044079560355499, 37.697348935378223 ], [ 127.044092224326903, 37.697453835377559 ], [ 127.04451253747493, 37.699919694031735 ], [ 127.044530134811694, 37.700003183329805 ], [ 127.045398217195029, 37.703454453825351 ], [ 127.046159900685595, 37.706971416937307 ], [ 127.046222478140152, 37.707687230243238 ], [ 127.046136303826245, 37.708368596897365 ], [ 127.045818758538616, 37.710109920199635 ], [ 127.045125958993637, 37.713663526476857 ], [ 127.045125685354208, 37.713664934904401 ], [ 127.044873220934392, 37.71496890885215 ], [ 127.044860536361639, 37.715051107412172 ], [ 127.044739508181138, 37.71610066803818 ], [ 127.04473251291968, 37.716238715928029 ], [ 127.044743076905974, 37.717009586316131 ], [ 127.044754238803804, 37.717150148975158 ], [ 127.044915552737464, 37.718258459757564 ], [ 127.044921240847003, 37.718293516474603 ], [ 127.04522259457174, 37.719976888760122 ], [ 127.045703418756048, 37.723889212140683 ], [ 127.045810499727054, 37.725352547220908 ], [ 127.045741761736522, 37.72817478909603 ], [ 127.045388331660732, 37.730884666531168 ], [ 127.045385520493809, 37.730908230871677 ], [ 127.045004813173051, 37.734427076673327 ], [ 127.044999619791852, 37.734495192644495 ], [ 127.044902106618281, 37.736691977003204 ], [ 127.044904088846266, 37.736820357022282 ], [ 127.044921396350858, 37.736948008823262 ], [ 127.04495387312457, 37.737073781192123 ], [ 127.045199895478035, 37.737839703318599 ], [ 127.045253656194021, 37.7384949358851 ], [ 127.045272686293742, 37.738626748256578 ], [ 127.045307893775544, 37.738756444605848 ], [ 127.045358939652061, 37.738882775872568 ], [ 127.045425332395126, 37.739004525398094 ], [ 127.045506432666599, 37.739120520643347 ], [ 127.045601459473403, 37.73922964448191 ], [ 127.0457094976869, 37.739330845959699 ], [ 127.045829506855085, 37.739423150417437 ], [ 127.045960331221963, 37.739505668878486 ], [ 127.046100710858255, 37.739577606611448 ], [ 127.046249293796023, 37.739638270785179 ], [ 127.046404649049975, 37.739687077142307 ], [ 127.046565280400927, 37.739723555627087 ], [ 127.0467296408073, 37.73974735491317 ], [ 127.046896147306981, 37.739758245787819 ], [ 127.047063196265285, 37.739756123359761 ], [ 127.047229178822022, 37.739741008069686 ], [ 127.047392496389151, 37.739713045493332 ], [ 127.047551576049287, 37.739672504939165 ], [ 127.047704885706835, 37.739619776854383 ], [ 127.047850948845678, 37.739555369063872 ], [ 127.047988358751141, 37.739479901878681 ], [ 127.048115792059221, 37.73939410212089 ], [ 127.0482320215025, 37.739298796122789 ], [ 127.04833592772998, 37.73919490176754 ], [ 127.048426510086998, 37.739083419648026 ], [ 127.048502896251293, 37.738965423429512 ], [ 127.048564350632674, 37.738842049508243 ], [ 127.048610281455083, 37.738714486066385 ], [ 127.048640246453417, 37.738583961628223 ], [ 127.048653957129915, 37.73845173322804 ], [ 127.048651281529331, 37.738319074303796 ], [ 127.04858723380903, 37.73753889786461 ], [ 127.048569781470604, 37.737414859863875 ], [ 127.048538000096997, 37.737292628550662 ], [ 127.048313349183303, 37.73659334017286 ], [ 127.04840065321568, 37.734624514067285 ], [ 127.048776248448831, 37.731151454443641 ], [ 127.049135378531062, 37.728396909496617 ], [ 127.049144114258439, 37.728283760053714 ], [ 127.049215374395473, 37.725352456893496 ], [ 127.049212820060376, 37.725247859049176 ], [ 127.04909990565001, 37.723705769848181 ], [ 127.049094717604703, 37.723652856556342 ], [ 127.048606833248684, 37.719684558169149 ], [ 127.048597930348365, 37.719625570949155 ], [ 127.048294367616279, 37.717930289526976 ], [ 127.048145759007596, 37.716909590640775 ], [ 127.048137080295547, 37.716278398978801 ], [ 127.048245365986418, 37.715338970457566 ], [ 127.048489710922681, 37.714076638436076 ], [ 127.049183489890211, 37.710517184011941 ], [ 127.04918595555381, 37.710504110869344 ], [ 127.049509950926819, 37.708726976203316 ], [ 127.049519004639961, 37.708668297802511 ], [ 127.049623314377399, 37.707843239668989 ], [ 127.049631633152558, 37.70772889387468 ], [ 127.049627739925782, 37.707614399010318 ], [ 127.049549142675644, 37.706715807573048 ], [ 127.049528579253135, 37.706580213750087 ], [ 127.048748268423168, 37.702977994313002 ], [ 127.048739913534831, 37.702942297584272 ], [ 127.047877649065171, 37.699514771989236 ], [ 127.047473289809034, 37.697143141457531 ], [ 127.047359792882915, 37.695553901250712 ], [ 127.047352194327104, 37.694647738381548 ], [ 127.047564225429042, 37.693634289264267 ], [ 127.047583128239864, 37.693506743018084 ], [ 127.047919085331515, 37.689683296820064 ], [ 127.048057041755683, 37.688268699260412 ], [ 127.048061906798679, 37.688186029977473 ], [ 127.048082637585679, 37.687164192253285 ], [ 127.048213342971565, 37.686057598948906 ], [ 127.048219265587704, 37.685874058106442 ], [ 127.048150699205507, 37.68458704927162 ], [ 127.048141592487482, 37.684493340920099 ], [ 127.04786076343197, 37.682506167370931 ], [ 127.047450007978568, 37.679262104559122 ], [ 127.04744525307585, 37.679228719346099 ], [ 127.046834862454816, 37.675372201677924 ], [ 127.046825004811211, 37.675318609120808 ], [ 127.046285136159469, 37.672744743845684 ], [ 127.046052885473117, 37.670883963404165 ], [ 127.045946918040102, 37.669678907439433 ], [ 127.045984613295985, 37.668944881567768 ], [ 127.046133685713301, 37.667662965261556 ], [ 127.046138363344184, 37.667612419467027 ], [ 127.046322301729603, 37.664941264552716 ], [ 127.046461725591712, 37.663150762767692 ], [ 127.046720228728901, 37.66061611445182 ], [ 127.046944666123736, 37.659730870555585 ], [ 127.047590882931217, 37.658219754715049 ], [ 127.047593213630364, 37.658214265920641 ], [ 127.048544018729658, 37.6559591160945 ], [ 127.048989051354596, 37.655159271376263 ], [ 127.049469892759305, 37.654304893545749 ], [ 127.04947616934372, 37.654292090027141 ], [ 127.049483679523775, 37.65427971345482 ], [ 127.049483970177491, 37.654279082996915 ], [ 127.049484343171045, 37.654278466736585 ], [ 127.049484902040831, 37.654277250720995 ], [ 127.049485605325728, 37.65427608304131 ], [ 127.049490500305737, 37.654265368770751 ], [ 127.049496473852599, 37.654255006064702 ], [ 127.049512560786567, 37.654217855526461 ], [ 127.049530494169076, 37.654181273358859 ], [ 127.049535162050304, 37.654168042361533 ], [ 127.049541110221085, 37.65415514012102 ], [ 127.049777592880673, 37.653552118738226 ], [ 127.049823824265758, 37.653406036956959 ], [ 127.049849328978439, 37.65325677287754 ], [ 127.049881898015286, 37.652930868746658 ], [ 127.049925820979979, 37.652757488021344 ], [ 127.051360735548371, 37.649423732721615 ], [ 127.051370186043911, 37.649401127015878 ], [ 127.053163970753857, 37.644980358507937 ], [ 127.053706904624491, 37.643705457829903 ], [ 127.053968867508758, 37.643241405460444 ], [ 127.054331066916518, 37.642626771950511 ], [ 127.05489897125571, 37.64198678028793 ], [ 127.058405323380285, 37.639101091073357 ], [ 127.058534604399654, 37.638981443240866 ], [ 127.059387073957751, 37.63809239767042 ], [ 127.059466318611058, 37.638002387909701 ], [ 127.059536110215433, 37.637907558094561 ], [ 127.060082836614129, 37.637090200765201 ], [ 127.060158082511904, 37.636961929478275 ], [ 127.060216052407043, 37.636828105087389 ], [ 127.060456584138564, 37.636161344343975 ], [ 127.060497628229186, 37.636018943761762 ], [ 127.060646677190007, 37.635333632882634 ], [ 127.060671034452241, 37.635136486568214 ], [ 127.060727581397899, 37.63330974382508 ], [ 127.060726206243913, 37.63321273652393 ], [ 127.060655227123362, 37.632016620782849 ], [ 127.060742422329795, 37.631224254241985 ], [ 127.060961606426105, 37.630319771766857 ], [ 127.061196132954947, 37.629530172927048 ], [ 127.061859787359325, 37.628060368775479 ], [ 127.06380621871422, 37.624377050943302 ], [ 127.063806364887611, 37.624376731236453 ], [ 127.063806566725574, 37.624376395850113 ], [ 127.063819953497159, 37.624347068362283 ], [ 127.063835239802003, 37.62431833432143 ], [ 127.063845278400137, 37.624292714754148 ], [ 127.063857164019211, 37.62426764813641 ], [ 127.065850098353778, 37.619345187615338 ], [ 127.067323481428744, 37.61573935420423 ], [ 127.068958496160917, 37.61195018479934 ], [ 127.069016001078012, 37.611782490777223 ], [ 127.069211119070985, 37.611024498528487 ], [ 127.069227467845636, 37.610950610067533 ], [ 127.069392833295865, 37.610058976753834 ], [ 127.069407746018371, 37.609945698762317 ], [ 127.069531283540613, 37.60836804310744 ], [ 127.069534569957383, 37.608282254124546 ], [ 127.069527908549532, 37.604142733450395 ], [ 127.069519221517936, 37.604007922919905 ], [ 127.069241853606457, 37.601833977574451 ], [ 127.069222058831699, 37.601724014604869 ], [ 127.069190984741397, 37.601615715708654 ], [ 127.069148841157144, 37.601509811983341 ], [ 127.068583844805275, 37.600269539821959 ], [ 127.068533632534482, 37.600171480661587 ], [ 127.068473929530512, 37.60007684864155 ], [ 127.067619025316972, 37.59884461576344 ], [ 127.067577790089473, 37.598788419805977 ], [ 127.065322422575832, 37.595877834434624 ], [ 127.064049888961634, 37.593882809632824 ], [ 127.065435386476551, 37.594167931397614 ], [ 127.075571799989092, 37.596375276371674 ], [ 127.075602784125294, 37.596381772846257 ], [ 127.081215391497963, 37.597513501631184 ], [ 127.082484850227559, 37.597803558981241 ], [ 127.082502703082071, 37.597807554269075 ], [ 127.08766292979756, 37.598938088840498 ], [ 127.087825681459094, 37.598966988752849 ], [ 127.087991209718936, 37.598983056661801 ], [ 127.088157920365376, 37.598986137815906 ], [ 127.088324207797058, 37.598976202539909 ], [ 127.08848847048921, 37.598953346520496 ], [ 127.088649126420449, 37.598917789884716 ], [ 127.088804628311664, 37.598869875079608 ], [ 127.088953478530044, 37.598810063573481 ], [ 127.089094243514552, 37.598738931410985 ], [ 127.089225567583995, 37.598657163664399 ], [ 127.08934618599433, 37.598565547834767 ], [ 127.089454937119584, 37.598464966266619 ], [ 127.089550773639345, 37.598356387649282 ], [ 127.089632772624398, 37.598240857686399 ], [ 127.089700144423944, 37.59811948902415 ], [ 127.089752240268737, 37.597993450534624 ], [ 127.089788558516759, 37.597863956058035 ], [ 127.089808749481719, 37.597732252711936 ], [ 127.08981261879768, 37.59759960888023 ], [ 127.089800129287667, 37.597467301997632 ], [ 127.089771401318444, 37.597336606247147 ], [ 127.08972671163788, 37.597208780289186 ], [ 127.089666490706705, 37.597085055140489 ], [ 127.08959131854995, 37.596966622319258 ], [ 127.08950191916864, 37.596854622371168 ], [ 127.089399153565168, 37.596750133886317 ], [ 127.089284011449919, 37.596654163112966 ], [ 127.089157601709104, 37.596567634268091 ], [ 127.089021141725297, 37.596491380638 ], [ 127.088875945653882, 37.596426136554562 ], [ 127.088723411768143, 37.596372530324551 ], [ 127.088565008994792, 37.596331078179709 ], [ 127.083413887768174, 37.595202542356546 ], [ 127.082127671654732, 37.594908656912921 ], [ 127.082076031712262, 37.594897554500484 ], [ 127.076453208072678, 37.593763770135197 ], [ 127.066321005157278, 37.591557347878648 ], [ 127.06629782510764, 37.591552438659257 ], [ 127.063803544878866, 37.591039128881405 ], [ 127.062324690841322, 37.590595498577422 ], [ 127.061274485364237, 37.590075287282659 ], [ 127.061074446464829, 37.589870608225716 ], [ 127.060991296318022, 37.589791898310395 ], [ 127.060900869477152, 37.589718444642095 ], [ 127.059450439099052, 37.588626571126504 ], [ 127.059350295827599, 37.588556887202643 ], [ 127.059243608456242, 37.588493651677837 ], [ 127.055427093882102, 37.586411170039554 ], [ 127.054541025130248, 37.58564310900195 ], [ 127.054290944978007, 37.5852843685918 ], [ 127.054188522784244, 37.585155222367568 ], [ 127.052937863210502, 37.583759592909402 ], [ 127.051544377624012, 37.581925317796475 ], [ 127.05075170615973, 37.580352051144793 ], [ 127.050751394752794, 37.58035151136945 ], [ 127.050751136377556, 37.580350917162875 ], [ 127.050749119729787, 37.58034742990143 ], [ 127.050747516450642, 37.580343809298839 ], [ 127.050743506126366, 37.580336976818401 ], [ 127.050740274662914, 37.580329930282637 ], [ 127.050736827408599, 37.580324223458234 ], [ 127.050734011850736, 37.580318258260021 ], [ 127.050725956767494, 37.580305237649682 ], [ 127.050719179349144, 37.580291763989941 ], [ 127.0507062720649, 37.580271982549618 ], [ 127.050695012115966, 37.580251573695755 ], [ 127.050690052134797, 37.580244548289954 ], [ 127.050685871159118, 37.580237208905608 ], [ 127.050683825838675, 37.580234390995436 ], [ 127.050682142893166, 37.580231473861723 ], [ 127.050681769094737, 37.580230964501915 ], [ 127.05068143673563, 37.580230389772353 ], [ 127.050679000315128, 37.580227076614733 ], [ 127.050676958850048, 37.580223598512525 ], [ 127.050672123462888, 37.58021710787024 ], [ 127.050668042083785, 37.580210351248873 ], [ 127.0506639114748, 37.58020494458939 ], [ 127.050660372468045, 37.580199223955852 ], [ 127.050650752584616, 37.580186894392511 ], [ 127.050642348415451, 37.580174014294862 ], [ 127.050627067050442, 37.580155334960288 ], [ 127.050613347815755, 37.580135902730049 ], [ 127.050607546487981, 37.580129298064548 ], [ 127.050602481744463, 37.580122320164712 ], [ 127.05060009625619, 37.580119672074503 ], [ 127.050598064578267, 37.580116903580389 ], [ 127.050597632718379, 37.580116428985967 ], [ 127.05059722884738, 37.580115879781495 ], [ 127.050594396119536, 37.580112772634443 ], [ 127.050591936130459, 37.580109470527823 ], [ 127.05058632145257, 37.580103384857793 ], [ 127.050581430263705, 37.58009698263411 ], [ 127.050576656848946, 37.580091927583972 ], [ 127.050572427712297, 37.580086507187659 ], [ 127.050561335678097, 37.580074987408608 ], [ 127.05055138569999, 37.580062824912261 ], [ 127.050533877428691, 37.58004542757061 ], [ 127.050517831039159, 37.580027159101974 ], [ 127.050511244236802, 37.580021038781432 ], [ 127.050505344504188, 37.580014489565244 ], [ 127.05050264120419, 37.580012037436134 ], [ 127.050500280978426, 37.580009443645828 ], [ 127.050499795805621, 37.580009007771046 ], [ 127.050499323723798, 37.580008489954672 ], [ 127.050496121970269, 37.580005618740778 ], [ 127.050493267149349, 37.580002524429972 ], [ 127.050486926616088, 37.579996903031009 ], [ 127.050481273362365, 37.579990916210086 ], [ 127.049967688315164, 37.579499243659122 ], [ 127.049658361037956, 37.579060915893528 ], [ 127.04955193113183, 37.578928716682711 ], [ 127.049426961911678, 37.57880722882642 ], [ 127.049097263593481, 37.578522222878668 ], [ 127.049024959699338, 37.578463416003181 ], [ 127.048767988440645, 37.57826675666702 ], [ 127.048470159731011, 37.577991227971538 ], [ 127.047596691620313, 37.576901107858042 ], [ 127.044022416244445, 37.572377520062595 ], [ 127.042383985177594, 37.570296252785703 ], [ 127.040210657409972, 37.56748138182062 ], [ 127.039907371816739, 37.56648495958067 ], [ 127.039916501794721, 37.565312358749168 ], [ 127.040672183644205, 37.561491911261264 ], [ 127.045601759908706, 37.546368717029758 ], [ 127.052250811955361, 37.532429656438111 ], [ 127.064108093083277, 37.51081983820351 ], [ 127.064112497874675, 37.510810596496029 ], [ 127.064117862179174, 37.510801668774398 ], [ 127.064121333343195, 37.510794052151404 ], [ 127.064125614783038, 37.510786701865634 ], [ 127.06412804353225, 37.510781166803106 ], [ 127.064131078247968, 37.510775836503022 ], [ 127.064175430639779, 37.51068652391988 ], [ 127.064565886794213, 37.510806854137719 ], [ 127.064730599891547, 37.510850048183102 ], [ 127.066906366453068, 37.511323953428274 ], [ 127.066958304348461, 37.511334566039537 ], [ 127.069840467557967, 37.51188494515867 ], [ 127.069908478555902, 37.511896762305327 ], [ 127.073430933284413, 37.512448721119931 ], [ 127.075549162059886, 37.513032130439917 ], [ 127.075709063757571, 37.51306928066866 ], [ 127.075872766858367, 37.513093766929451 ], [ 127.076038694731608, 37.513105353393385 ], [ 127.07620524931616, 37.513103928470045 ], [ 127.076370826513951, 37.513089505882427 ], [ 127.076533831641498, 37.513062224534764 ], [ 127.076692694790907, 37.513022347174541 ], [ 127.076823611009559, 37.512977831986831 ], [ 127.07807808848392, 37.513173418016642 ], [ 127.078256005299977, 37.513193435946455 ], [ 127.078792140963017, 37.513230838758702 ], [ 127.079002466909486, 37.513235084095498 ], [ 127.079899941520054, 37.513208841655953 ], [ 127.081893509822194, 37.513149971826032 ], [ 127.081919379468104, 37.51314905020908 ], [ 127.084343772670607, 37.513047887721193 ], [ 127.084358376437649, 37.513047227922968 ], [ 127.085855871461703, 37.512974403506966 ], [ 127.087886379077972, 37.512935279119269 ], [ 127.089287766623613, 37.512968639752998 ], [ 127.091647073614638, 37.513150970760613 ], [ 127.094572355161958, 37.513455340056446 ], [ 127.096386406847941, 37.513753149943923 ], [ 127.099829096879333, 37.514607616768835 ], [ 127.10189064951021, 37.515302814000329 ], [ 127.102113586790651, 37.515413700712926 ], [ 127.102281507312767, 37.515556279551539 ], [ 127.102500863746229, 37.515776054272116 ], [ 127.102763400206868, 37.516052465096863 ], [ 127.103284027641536, 37.516952186417782 ], [ 127.103402715681625, 37.5174496202143 ], [ 127.103369503138069, 37.517967192139999 ], [ 127.103223243964749, 37.518521438725166 ], [ 127.102253949754228, 37.52013516405281 ], [ 127.102189516235327, 37.520257517949709 ], [ 127.10214044962504, 37.52038431302698 ], [ 127.102107222532723, 37.520514328198232 ], [ 127.102090155032812, 37.520646311360068 ], [ 127.102089411579115, 37.520778991449902 ], [ 127.102104999418017, 37.520911090686731 ], [ 127.102136768515166, 37.521041336876834 ], [ 127.102184412997161, 37.521168475665974 ], [ 127.102247474094256, 37.521291282619835 ], [ 127.102325344555766, 37.521408575016892 ], [ 127.102417274495735, 37.52151922323938 ], [ 127.102522378613003, 37.521622161653383 ], [ 127.102639644715666, 37.521716398872471 ], [ 127.10276794346845, 37.521801027306751 ], [ 127.10290603926876, 37.521875231904616 ], [ 127.103052602146704, 37.521938298003533 ], [ 127.103206220574819, 37.521989618213759 ], [ 127.103365415063465, 37.522028698269061 ], [ 127.103528652411597, 37.522055161787549 ], [ 127.103694360474961, 37.522068753897358 ], [ 127.103860943309854, 37.522069343691619 ], [ 127.10402679654598, 37.522056925489473 ], [ 127.104190322840935, 37.522031618890878 ], [ 127.104349947266769, 37.521993667624464 ], [ 127.104504132480287, 37.521943437199923 ], [ 127.104651393531512, 37.521881411387142 ], [ 127.10479031216677, 37.521808187556466 ], [ 127.104919550489385, 37.521724470924475 ], [ 127.105037863845368, 37.521631067761319 ], [ 127.105144112811089, 37.521528877624483 ], [ 127.105237274166413, 37.521418884694363 ], [ 127.105316450748347, 37.521302148294716 ], [ 127.1063736720929, 37.519541915043575 ], [ 127.106450095853489, 37.519392314260799 ], [ 127.106503577349656, 37.519236522143601 ], [ 127.106719044587038, 37.518419876526323 ], [ 127.106741207449204, 37.518315860190818 ], [ 127.106753120247504, 37.518210784047255 ], [ 127.106803472800891, 37.517425554529673 ], [ 127.106801712413713, 37.517264168846268 ], [ 127.106775822095599, 37.517104100053672 ], [ 127.106580192553395, 37.516284349508169 ], [ 127.106529200311002, 37.516124525000926 ], [ 127.106454160475394, 37.515970834113212 ], [ 127.105769385580444, 37.514787526210462 ], [ 127.105683904964891, 37.514658592254484 ], [ 127.105581491028346, 37.514537740519216 ], [ 127.105195720835312, 37.5141315995713 ], [ 127.105170735139453, 37.51410594062483 ], [ 127.104895471424896, 37.513830161675735 ], [ 127.104804739410412, 37.513746520426622 ], [ 127.10477473690112, 37.513721046550835 ], [ 127.104763297320829, 37.513696451340827 ], [ 127.104690398699532, 37.513577151726111 ], [ 127.104603171697121, 37.513464118268516 ], [ 127.104502456396872, 37.513358439511919 ], [ 127.104389222766059, 37.513261133167916 ], [ 127.104264561313556, 37.513173136315949 ], [ 127.104129672587547, 37.513095296380008 ], [ 127.103985855613828, 37.513028362968754 ], [ 127.103834495386607, 37.512972980657722 ], [ 127.101045787732531, 37.512081794805425 ], [ 127.100982153188923, 37.51206429334276 ], [ 127.100919112214598, 37.512045883806302 ], [ 127.100918887128273, 37.512045837410241 ], [ 127.100918668812739, 37.512045773710561 ], [ 127.097316117508271, 37.511151633110032 ], [ 127.097153768613623, 37.511118246024381 ], [ 127.095196542261533, 37.510796932335786 ], [ 127.095073734260737, 37.510780485889171 ], [ 127.092058835335308, 37.510466793235558 ], [ 127.092002855423502, 37.510461719186836 ], [ 127.089559096416735, 37.510272861793979 ], [ 127.08944587046355, 37.510267145158636 ], [ 127.087941918420768, 37.510231343309016 ], [ 127.087850147367419, 37.51023113541342 ], [ 127.085742593193899, 37.510271744957727 ], [ 127.085711427751804, 37.510273567007467 ], [ 127.085680180700081, 37.510273863060085 ], [ 127.084158857507191, 37.51034784686243 ], [ 127.081754784828348, 37.510448162053201 ], [ 127.079775111647962, 37.51050662199777 ], [ 127.078983288864421, 37.51052977568073 ], [ 127.078641787297613, 37.510505951313199 ], [ 127.074200994299687, 37.509813519324524 ], [ 127.070597856603982, 37.509248921500074 ], [ 127.067775713882028, 37.508710005313361 ], [ 127.065709620667988, 37.508259990133922 ], [ 127.065509071199372, 37.508198185450546 ], [ 127.065922346225676, 37.507455020725992 ], [ 127.065976232383619, 37.507345481811505 ], [ 127.066017960651692, 37.50723262564825 ], [ 127.066030524594311, 37.507183099590605 ], [ 127.067923825356658, 37.505001923345489 ], [ 127.070755623290751, 37.503563094557066 ], [ 127.073213925025826, 37.502527737149165 ], [ 127.0755444741567, 37.501948244057083 ], [ 127.080312206555703, 37.500877921704721 ], [ 127.080523709104426, 37.500818153536358 ], [ 127.091675993081807, 37.496987108979766 ], [ 127.093317608651262, 37.496436690979209 ], [ 127.09331966556168, 37.496436000028183 ], [ 127.09531923433731, 37.495763053436939 ], [ 127.095452827421667, 37.495712517898291 ], [ 127.095580390655385, 37.4956529064915 ], [ 127.096680431193377, 37.495086109578402 ], [ 127.096843281176135, 37.49499078253767 ], [ 127.096990753680103, 37.494880706757776 ], [ 127.097465206447723, 37.49448172001437 ], [ 127.097568479483158, 37.49438634052742 ], [ 127.097660163055778, 37.494283716681622 ], [ 127.097739461311974, 37.494174739351131 ], [ 127.099968495428854, 37.490753229175859 ], [ 127.10140602858479, 37.489309027361131 ], [ 127.101999823069434, 37.488794863890014 ], [ 127.102126921781831, 37.488797909825358 ], [ 127.102293046247496, 37.48878887980851 ], [ 127.102457259939101, 37.488766918074347 ], [ 127.102617981307276, 37.488732236136975 ], [ 127.102773662442473, 37.488685168019131 ], [ 127.102922803985308, 37.488626167034653 ], [ 127.103063969568495, 37.488555801422066 ], [ 127.103195799651942, 37.488474748870971 ], [ 127.103317024617411, 37.488383789994458 ], [ 127.103426476996432, 37.488283800810123 ], [ 127.103523102713851, 37.488175744302183 ], [ 127.103605971238764, 37.4880606611461 ], [ 127.10367428454505, 37.487939659685189 ], [ 127.103727384794993, 37.487813905255379 ], [ 127.103966303630472, 37.487140390357624 ], [ 127.105480395723873, 37.486067782699706 ], [ 127.105614259140168, 37.485961756001622 ], [ 127.105732515816328, 37.485844537327601 ], [ 127.105833702411473, 37.485717577248181 ], [ 127.109762707597909, 37.480122146004199 ], [ 127.10978320453134, 37.480092065708611 ], [ 127.115002892055458, 37.472194189503668 ], [ 127.115032062933011, 37.472147917740358 ], [ 127.118350101214176, 37.466623030411846 ], [ 127.118422931401653, 37.4664817718823 ], [ 127.118475310471609, 37.466334867671819 ], [ 127.119716076798312, 37.4619200540631 ], [ 127.11974679033392, 37.461773330913935 ], [ 127.120252531908392, 37.458133075613745 ], [ 127.120262803140179, 37.457992899598693 ], [ 127.120427505656025, 37.437453174116179 ], [ 127.120425423425928, 37.437376993486573 ], [ 127.119974593151696, 37.430188866868278 ], [ 127.119413549903939, 37.421398232719035 ], [ 127.119557651454784, 37.41645868077623 ], [ 127.122547829915803, 37.395234839148308 ], [ 127.122558269649758, 37.395102416409514 ], [ 127.122552390678976, 37.394969814906062 ], [ 127.122530249706855, 37.39483831166104 ], [ 127.122492060046113, 37.394709173114087 ], [ 127.122438189561166, 37.394583642925305 ], [ 127.12236915712252, 37.394462929998653 ], [ 127.122285627607013, 37.394348196840369 ], [ 127.122188405492665, 37.394240548364309 ], [ 127.122078427109287, 37.394141021252217 ], [ 127.121956751620246, 37.39405057397105 ], [ 127.121824550821486, 37.393970077543798 ], [ 127.121683097856859, 37.393900307162291 ], [ 127.121533754957895, 37.393841934722957 ], [ 127.121377960326129, 37.393795522357259 ], [ 127.121217214284542, 37.393761517019151 ], [ 127.121053064831045, 37.393740246181416 ], [ 127.120887092733298, 37.393731914682725 ], [ 127.120720896308143, 37.393736602755219 ], [ 127.120556076032301, 37.39375426525212 ], [ 127.120394219132066, 37.393784732082437 ], [ 127.120236884300738, 37.393827709848587 ], [ 127.120085586690521, 37.39388278467159 ], [ 127.119941783323313, 37.393949426176036 ], [ 127.1198068590611, 37.394026992596935 ], [ 127.119682113270514, 37.394114736959246 ], [ 127.119568747310325, 37.394211814270271 ], [ 127.119467852962202, 37.394317289656243 ], [ 127.119380401915961, 37.394430147364289 ], [ 127.119307236410819, 37.394549300543481 ], [ 127.119249061122801, 37.394673601710608 ], [ 127.119206436376246, 37.394801853799997 ], [ 127.119179772745085, 37.394932821691114 ], [ 127.116180254123492, 37.416216183979152 ], [ 127.116170098600051, 37.416335763288558 ], [ 127.116022558189073, 37.421385394355106 ], [ 127.116024286426466, 37.421485573442865 ], [ 127.11658801302022, 37.430324485894424 ], [ 127.117036096394557, 37.437473956699051 ], [ 127.116871341086139, 37.457905257831463 ], [ 127.116385438335939, 37.461401587463349 ], [ 127.115207012039349, 37.465593935185268 ], [ 127.111985957707958, 37.470956963153995 ], [ 127.106791196370338, 37.478816651021887 ], [ 127.103012157256401, 37.484198226212307 ], [ 127.101341198401187, 37.485381925771996 ], [ 127.101339951406146, 37.485382900499211 ], [ 127.101338592777594, 37.485383775361697 ], [ 127.101309894379952, 37.485406300240356 ], [ 127.101279829075551, 37.485427615697397 ], [ 127.101276956362966, 37.485430095096554 ], [ 127.101273806587827, 37.485432350720302 ], [ 127.101260491116093, 37.485443958722016 ], [ 127.101246122572803, 37.485454739868942 ], [ 127.101234726708128, 37.4854651503871 ], [ 127.101222333590172, 37.485474837567629 ], [ 127.101221212489833, 37.485475904999767 ], [ 127.10121996801, 37.485476881767354 ], [ 127.098866855178059, 37.48751442883232 ], [ 127.098786008326968, 37.487589799700451 ], [ 127.097208358422336, 37.48917471103664 ], [ 127.097113519351311, 37.489279976351476 ], [ 127.097031762383764, 37.489391992774692 ], [ 127.094837465803479, 37.492759990511978 ], [ 127.094666978421301, 37.492903356406366 ], [ 127.093862082808016, 37.493318074442641 ], [ 127.092000212968671, 37.493944674549866 ], [ 127.090352771937489, 37.494497043058999 ], [ 127.090338999001375, 37.494501717925175 ], [ 127.079283407287349, 37.498299534571089 ], [ 127.074601270047523, 37.499350637031782 ], [ 127.074555875327832, 37.49936137359164 ], [ 127.072053497676663, 37.499983589154922 ], [ 127.071906963058865, 37.500026000068409 ], [ 127.07176593194032, 37.500078946122031 ], [ 127.069108280610692, 37.50119825566081 ], [ 127.068988835112677, 37.501253630554537 ], [ 127.066373359900183, 37.502582537860846 ], [ 127.06624942939996, 37.50182827980219 ], [ 127.066220306653051, 37.501699683886905 ], [ 127.066175738047605, 37.50157392841399 ], [ 127.066116139973559, 37.501452188059865 ], [ 127.064969971936819, 37.499408536584433 ], [ 127.064885263491888, 37.499277248395458 ], [ 127.06478309531289, 37.499154100426068 ], [ 127.064664685401979, 37.499040560689998 ], [ 127.058971663325025, 37.49415092050954 ], [ 127.06203673592664, 37.49555528429579 ], [ 127.062056581140723, 37.495563371356361 ], [ 127.062075751875241, 37.495572623465073 ], [ 127.062084984498114, 37.495576144681714 ], [ 127.062093713279609, 37.495580244134409 ], [ 127.062139780635661, 37.495597275664835 ], [ 127.062184995268936, 37.495615700869976 ], [ 127.062205737423383, 37.495622198367883 ], [ 127.062225955974114, 37.495629909457826 ], [ 127.062235579282387, 37.495632693234199 ], [ 127.062244768874237, 37.495636090698142 ], [ 127.066730193975474, 37.497085657006863 ], [ 127.066828814147073, 37.497114724675114 ], [ 127.070674564476093, 37.498141401814436 ], [ 127.071912880999562, 37.498474009590183 ], [ 127.072047573961356, 37.49850530993443 ], [ 127.072185052017005, 37.498527637907131 ], [ 127.073487158901031, 37.498694772140674 ], [ 127.07364936076786, 37.498709256374596 ], [ 127.073812558917879, 37.498711258017437 ], [ 127.073975243526192, 37.498700758550527 ], [ 127.074135909519512, 37.498677855108951 ], [ 127.075015449520791, 37.498517347762146 ], [ 127.075023400700374, 37.498515880675136 ], [ 127.07677376453735, 37.498189367801139 ], [ 127.076925187293085, 37.498155147000851 ], [ 127.077071979002596, 37.498109895201488 ], [ 127.077212876760541, 37.498054001723858 ], [ 127.078427684774724, 37.497514680117234 ], [ 127.078551115588482, 37.497454240201108 ], [ 127.078667625734269, 37.497385631940112 ], [ 127.07927414460724, 37.4969955053392 ], [ 127.079386423107664, 37.49691651534053 ], [ 127.079489521625348, 37.496829944385389 ], [ 127.079582636901094, 37.496736466990846 ], [ 127.079665043468239, 37.496636811482922 ], [ 127.080243228268614, 37.495865526686366 ], [ 127.080352984973302, 37.495691839596141 ], [ 127.081220929281514, 37.494030540044541 ], [ 127.081277303408598, 37.493905692802436 ], [ 127.081318047714404, 37.493777043981737 ], [ 127.081342769884728, 37.493645832557483 ], [ 127.081351231913885, 37.49351332217789 ], [ 127.081343352393787, 37.493380788994322 ], [ 127.081319207294442, 37.493249509371097 ], [ 127.08127902922935, 37.493120747593515 ], [ 127.081223205211771, 37.492995743692418 ], [ 127.081152272924911, 37.492875701502676 ], [ 127.081066915540958, 37.492761777070328 ], [ 127.080967955139727, 37.492655067520317 ], [ 127.080856344789922, 37.492556600491639 ], [ 127.080733159369714, 37.492467324241844 ], [ 127.080599585214458, 37.492388098516187 ], [ 127.080456908692213, 37.492319686269013 ], [ 127.080306503815962, 37.492262746317429 ], [ 127.080149819012888, 37.492217826997631 ], [ 127.079988363177193, 37.492185360885188 ], [ 127.079823691141087, 37.492165660629936 ], [ 127.079657388704035, 37.492158915945602 ], [ 127.079491057363526, 37.492165191783243 ], [ 127.079326298895282, 37.492184427705794 ], [ 127.079164699930587, 37.492216438470066 ], [ 127.079007816679137, 37.49226091581027 ], [ 127.078857159945102, 37.492317431406441 ], [ 127.078714180579667, 37.492385441008246 ], [ 127.078580255510715, 37.492464289675745 ], [ 127.078456674483874, 37.492553218085462 ], [ 127.078344627642565, 37.492651369841923 ], [ 127.078245194066653, 37.492757799723904 ], [ 127.078159331379936, 37.492871482786178 ], [ 127.078087866526886, 37.492991324228932 ], [ 127.077266887882786, 37.494562605755114 ], [ 127.076906707516031, 37.495043054124316 ], [ 127.076648848190231, 37.495208911839548 ], [ 127.075768618656483, 37.49559969228681 ], [ 127.074253735401697, 37.495882276916248 ], [ 127.073700497856123, 37.495983238103946 ], [ 127.072863738900054, 37.495875833968242 ], [ 127.071757247007255, 37.495578634369657 ], [ 127.071755717968216, 37.495578289233201 ], [ 127.071754237665829, 37.495577828551539 ], [ 127.067956972279177, 37.494564100508754 ], [ 127.063627894486984, 37.493165070943263 ], [ 127.059982397137503, 37.49149476402448 ], [ 127.05997561508488, 37.49149167295981 ], [ 127.056411291135674, 37.489875734634481 ], [ 127.052407136670382, 37.488033409128974 ], [ 127.052403996405232, 37.488031967754466 ], [ 127.049358578107132, 37.486637511929189 ], [ 127.047657017744044, 37.485813930209268 ], [ 127.047652687411187, 37.485812059550142 ], [ 127.047648592082567, 37.485809878560772 ], [ 127.046374952486488, 37.485201419702733 ], [ 127.04622795227273, 37.485138798980557 ], [ 127.045655974374711, 37.48492322356995 ], [ 127.045516807222398, 37.484876688821657 ], [ 127.045373001425887, 37.484840193144827 ], [ 127.044679395102563, 37.484690888303511 ], [ 127.044670805395384, 37.484689058495476 ], [ 127.044123516461809, 37.484573695294607 ], [ 127.043957299432591, 37.484545669643481 ], [ 127.042682000966181, 37.484383304035887 ], [ 127.042674165017232, 37.484382321315771 ], [ 127.038244701168082, 37.483835180168803 ], [ 127.037095718730754, 37.483670014217829 ], [ 127.037422264825821, 37.483331920335509 ], [ 127.03783501951537, 37.482943207367455 ], [ 127.037873298694493, 37.482905824753892 ], [ 127.038465106523546, 37.482306344405536 ], [ 127.038514811327303, 37.482253378236365 ], [ 127.038842880523035, 37.481885342999902 ], [ 127.038929016598473, 37.481778400793424 ], [ 127.039297219727104, 37.481270199542593 ], [ 127.039397954909091, 37.481106599649841 ], [ 127.039740371120175, 37.480440342946778 ], [ 127.039807716441274, 37.480282042779301 ], [ 127.040044497202686, 37.479586769686541 ], [ 127.040078121186482, 37.479466650973947 ], [ 127.040195512263978, 37.478934288944536 ], [ 127.040213718498492, 37.478826406189 ], [ 127.040319155566195, 37.477929581165256 ], [ 127.040325765037181, 37.477844667959523 ], [ 127.040353339592897, 37.477124044121211 ], [ 127.040354126246299, 37.477080958969253 ], [ 127.04035255932294, 37.476179886782091 ], [ 127.040352354009627, 37.476160643134442 ], [ 127.040338234016531, 37.475440244095118 ], [ 127.040337919781265, 37.475427850242994 ], [ 127.040172113091771, 37.470097706773089 ], [ 127.040148237318746, 37.469310932607968 ], [ 127.040137052672137, 37.468619060688113 ], [ 127.040156194232878, 37.467771007436149 ], [ 127.040206875734754, 37.467153105925441 ], [ 127.040313307428377, 37.466653262595329 ], [ 127.040446140001876, 37.466387374200004 ], [ 127.040811318477296, 37.465903993321589 ], [ 127.042062102959335, 37.464477376996726 ], [ 127.042986409736514, 37.463472332053072 ], [ 127.042996551464284, 37.463461185661416 ], [ 127.044963835526616, 37.461275606513169 ], [ 127.046567269526747, 37.459564552260694 ], [ 127.047806691039426, 37.458294936612077 ], [ 127.047838024731064, 37.458261802045584 ], [ 127.050103438031371, 37.455788004061581 ], [ 127.05013373075532, 37.455753824945944 ], [ 127.052032399551621, 37.453539549682986 ], [ 127.056185570914948, 37.449005731743682 ], [ 127.0561860065514, 37.449005203548154 ], [ 127.056186504451077, 37.449004711568243 ], [ 127.057880271344231, 37.44715187495251 ], [ 127.057953565082897, 37.447064789354172 ], [ 127.059494317866026, 37.445071045452266 ], [ 127.059522738102316, 37.445032879370487 ], [ 127.062434885561274, 37.440971426252595 ], [ 127.062750161599553, 37.440542359791849 ], [ 127.063434549819718, 37.439715456505397 ], [ 127.064600697004181, 37.438524401128269 ], [ 127.074502786471328, 37.43000599985119 ], [ 127.077645036497074, 37.427478732365167 ], [ 127.079687311628732, 37.425993526052522 ], [ 127.089230137793422, 37.419221308162001 ], [ 127.099165229334034, 37.412827582655289 ], [ 127.105157623775867, 37.409606530829066 ], [ 127.109185390089962, 37.40767449850965 ], [ 127.109253373966496, 37.407640106521839 ], [ 127.110691490773419, 37.406873772304692 ], [ 127.11074264730749, 37.406845413443172 ], [ 127.111023238340493, 37.406683685743999 ], [ 127.111151419107799, 37.406601988776181 ], [ 127.111269096852283, 37.40651078777892 ], [ 127.111375168851552, 37.406410937399187 ], [ 127.111581485751742, 37.406196482421421 ], [ 127.111670025751238, 37.406095186719547 ], [ 127.111746610640665, 37.405987869167305 ], [ 127.111810601584608, 37.405875425030423 ], [ 127.11235199160987, 37.404795604614215 ], [ 127.112425545133945, 37.404611839634093 ], [ 127.112691042093431, 37.403737533670508 ], [ 127.112722798580933, 37.403603895032788 ], [ 127.112737562986212, 37.403468387243919 ], [ 127.112803212597527, 37.402029411168307 ], [ 127.112804252953509, 37.401967015086129 ], [ 127.112771317890335, 37.399279879871699 ], [ 127.112851066175239, 37.394587817370116 ], [ 127.112845158938129, 37.394455216751069 ], [ 127.112822990057282, 37.394323716599899 ], [ 127.112784773114171, 37.394194583326424 ], [ 127.112730876235986, 37.394069060539984 ], [ 127.112661818547338, 37.393948357073263 ], [ 127.112578265168281, 37.393833635341366 ], [ 127.112481020806626, 37.393726000148142 ], [ 127.112371022006428, 37.393626488047374 ], [ 127.112249328127618, 37.39353605736148 ], [ 127.112117111143263, 37.393455578953628 ], [ 127.111975644353109, 37.393385827842081 ], [ 127.111826290121783, 37.393327475737728 ], [ 127.111670486759976, 37.393281084576181 ], [ 127.111509734674698, 37.393247101107178 ], [ 127.11134558192208, 37.393225852592906 ], [ 127.111179609301573, 37.393217543657016 ], [ 127.111013415135019, 37.393222254314388 ], [ 127.110848599877372, 37.39323993920074 ], [ 127.110686750706677, 37.393270428009416 ], [ 127.11052942624174, 37.39331342713124 ], [ 127.110378141534966, 37.393368522481488 ], [ 127.110234353483989, 37.393435183487121 ], [ 127.110099446803318, 37.393512768195308 ], [ 127.109974720690261, 37.393600529454886 ], [ 127.109861376314115, 37.393697622110459 ], [ 127.109760505248673, 37.393803111140457 ], [ 127.109673078959545, 37.393915980660623 ], [ 127.109599939447563, 37.39403514370624 ], [ 127.109541791138426, 37.394159452699121 ], [ 127.109499194096614, 37.394287710498205 ], [ 127.109472558629292, 37.394418681927952 ], [ 127.109462141331903, 37.394551105673088 ], [ 127.109381912980894, 37.399258940937393 ], [ 127.109381836765778, 37.399290494078897 ], [ 127.109414462353826, 37.401962198842234 ], [ 127.10935640365328, 37.403233537375073 ], [ 127.109159715022656, 37.403881157686236 ], [ 127.108778633878927, 37.404641175189838 ], [ 127.107403994367431, 37.405373674930431 ], [ 127.103373306949564, 37.407307086503543 ], [ 127.103299511146176, 37.407344584237286 ], [ 127.097210435846392, 37.410617561551604 ], [ 127.097093182438513, 37.410686608055052 ], [ 127.087069516884767, 37.417137225328673 ], [ 127.087006978644496, 37.417179496123644 ], [ 127.077425824556002, 37.423978776940814 ], [ 127.077410396587482, 37.423989859525427 ], [ 127.075328927738923, 37.425503535853608 ], [ 127.07526734972366, 37.425550631878878 ], [ 127.072074929658896, 37.428118186528366 ], [ 127.072035376910989, 37.428151086852466 ], [ 127.062064969395792, 37.436728017299721 ], [ 127.061971895127414, 37.436815200687278 ], [ 127.060719990939035, 37.438093799221882 ], [ 127.06064130642973, 37.438181105689253 ], [ 127.059894814994593, 37.439083004101029 ], [ 127.059847020109032, 37.439144240841685 ], [ 127.059504297241673, 37.439610636059435 ], [ 127.059495254119525, 37.439623093882894 ], [ 127.056592338706906, 37.443671454099878 ], [ 127.055100670772873, 37.445601587826893 ], [ 127.053446106836915, 37.44741146736358 ], [ 127.049277725976339, 37.451961709172245 ], [ 127.049247196919012, 37.451996147391718 ], [ 127.047348372283807, 37.454210510759133 ], [ 127.045113744547322, 37.456650595708147 ], [ 127.04388000999316, 37.457914339943429 ], [ 127.043859709152358, 37.457935563024698 ], [ 127.042236472983902, 37.459667682773606 ], [ 127.042217212735267, 37.45968865168954 ], [ 127.040245422351333, 37.461879149856962 ], [ 127.039314854527433, 37.462890963000838 ], [ 127.039292505655965, 37.462915848511251 ], [ 127.03799767203472, 37.464392644206072 ], [ 127.037934906509548, 37.464469674668095 ], [ 127.037468474928062, 37.465087050840694 ], [ 127.037402038009787, 37.465183692113648 ], [ 127.037345695440621, 37.465284325061681 ], [ 127.037095170080462, 37.465785754722909 ], [ 127.037037882054122, 37.465920703280744 ], [ 127.03699872671497, 37.466059707577372 ], [ 127.036847625204445, 37.466769189739402 ], [ 127.036827317363191, 37.466907219688444 ], [ 127.036768291335818, 37.467626461644102 ], [ 127.03676494938793, 37.467690345801032 ], [ 127.036744574431694, 37.468591240733168 ], [ 127.036744438889542, 37.46863298019808 ], [ 127.03675605183102, 37.469353360101131 ], [ 127.036756406319029, 37.469368633123125 ], [ 127.036780490297772, 37.470163451941957 ], [ 127.03678052785412, 37.470163859953047 ], [ 127.036780515364001, 37.470164268939584 ], [ 127.036945901444909, 37.475488627638946 ], [ 127.036959679536324, 37.476193208115191 ], [ 127.036961152927148, 37.477063110104304 ], [ 127.036936000651366, 37.477719655944213 ], [ 127.036841885790196, 37.478519870716063 ], [ 127.036749685176119, 37.478937911166014 ], [ 127.036560649135225, 37.479492917954445 ], [ 127.036301473530358, 37.479997168408332 ], [ 127.036030473088459, 37.48037118844416 ], [ 127.035772662906666, 37.480660393675755 ], [ 127.035225234329687, 37.481214899753176 ], [ 127.034806656145278, 37.481609084167289 ], [ 127.03475731498078, 37.481657792848594 ], [ 127.033630227417945, 37.482824679667658 ], [ 127.033264755300536, 37.483128710379461 ], [ 127.032595503567649, 37.483039565087267 ], [ 127.028778339871209, 37.479258440094391 ], [ 127.023849683160492, 37.470959782901559 ], [ 127.016019641853291, 37.455266749780847 ], [ 127.015983062246775, 37.455198880933551 ], [ 127.009600271855675, 37.444193531831921 ], [ 127.009602714826954, 37.444185923864936 ], [ 127.00960585291584, 37.444169640629511 ], [ 127.009610485607979, 37.444153597853131 ], [ 127.009611040247705, 37.444150165227086 ], [ 127.009611992554781, 37.444146788548402 ], [ 127.009619139486873, 37.444100697833825 ], [ 127.009627988517636, 37.444054780953117 ], [ 127.009629109334597, 37.444038336747269 ], [ 127.009631748461416, 37.444022003322608 ], [ 127.009631878444836, 37.444018543879871 ], [ 127.009632411057879, 37.44401510903694 ], [ 127.010080470639934, 37.439190851573983 ], [ 127.010084880134713, 37.439069197195508 ], [ 127.010075551985523, 37.438947719516534 ], [ 127.010016397090212, 37.438505140714277 ], [ 127.009986261543716, 37.438357625116296 ], [ 127.00993589078783, 37.438213663098132 ], [ 127.009675211299765, 37.437601575176828 ], [ 127.009608049822518, 37.43746776555917 ], [ 127.009523406942776, 37.437340416986366 ], [ 127.008898394403616, 37.436510256392637 ], [ 127.0080624552198, 37.435135787248271 ], [ 127.008048572886267, 37.435115554525076 ], [ 127.008036341849873, 37.435094651472113 ], [ 127.008031649975905, 37.435088334825153 ], [ 127.00802766838099, 37.435081718483346 ], [ 127.007477112063881, 37.434271359066457 ], [ 127.007268070767523, 37.433934137202321 ], [ 127.006999469375813, 37.433464644832291 ], [ 127.006917739303276, 37.433339520328133 ], [ 127.00682010378145, 37.433221868455824 ], [ 127.00633830701473, 37.432702377173733 ], [ 127.006213226950948, 37.432582617248592 ], [ 127.005879523892773, 37.4322981857119 ], [ 127.005759926939007, 37.432205791135182 ], [ 127.005629541512704, 37.432123197570576 ], [ 127.005489625277292, 37.4320512016725 ], [ 127.005341527813215, 37.431990497873578 ], [ 127.005186677601287, 37.431941671687419 ], [ 127.005026568245754, 37.431905194061898 ], [ 127.004862744069442, 37.431881416837335 ], [ 127.004696785220304, 37.431870569353485 ], [ 127.004089344699196, 37.431854743536107 ], [ 127.004011939146721, 37.431854136609722 ], [ 127.002451969764522, 37.431870296873726 ], [ 126.999872469453251, 37.431893419567814 ], [ 126.99867104729185, 37.431867554045219 ], [ 126.99746543762609, 37.431487986348387 ], [ 126.996825373071204, 37.431264587222984 ], [ 126.996476697284351, 37.431090765797201 ], [ 126.996341154482039, 37.430944523165429 ], [ 126.994823364043469, 37.429172143272872 ], [ 126.994794146617352, 37.429139096167845 ], [ 126.992131236073106, 37.426220659122698 ], [ 126.992056035162719, 37.426144175505229 ], [ 126.99045676713321, 37.424632781256008 ], [ 126.990454514923897, 37.424630657176316 ], [ 126.987223865915965, 37.421589984354178 ], [ 126.985292530667806, 37.419646853193221 ], [ 126.984443018844942, 37.418656472326632 ], [ 126.983672173201185, 37.417559183797863 ], [ 126.98308429671728, 37.416292396766131 ], [ 126.982341216891172, 37.414571859745706 ], [ 126.981936614866243, 37.413581005239941 ], [ 126.97983139402055, 37.404550457685509 ], [ 126.979794979244375, 37.404426848816271 ], [ 126.979744189337268, 37.404306510238605 ], [ 126.978565448531683, 37.401894537241994 ], [ 126.978558644988837, 37.401568708036457 ], [ 126.978625656456785, 37.400860593438146 ], [ 126.978630453287764, 37.400763977802455 ], [ 126.978632690930979, 37.400297006523097 ], [ 126.97861898894304, 37.400120180880826 ], [ 126.978555053673432, 37.399721678302747 ], [ 126.978528156512724, 37.399599121603003 ], [ 126.978487251572673, 37.399479056453096 ], [ 126.97843268532155, 37.399362499620686 ], [ 126.978364919911968, 37.399250438158752 ], [ 126.97812560790733, 37.398897211413008 ], [ 126.978050269856396, 37.398796680782553 ], [ 126.977741951034744, 37.398423020306005 ], [ 126.977640736357458, 37.398312896360132 ], [ 126.977223902068303, 37.397904355027926 ], [ 126.97719092519209, 37.397873014838332 ], [ 126.976659078335061, 37.397382818506038 ], [ 126.976566448631715, 37.397304035262216 ], [ 126.976466231669647, 37.397231403004348 ], [ 126.975926796326206, 37.396870747472825 ], [ 126.975748351130861, 37.396766467755 ], [ 126.97494305504199, 37.396357475067497 ], [ 126.974820236675697, 37.396300718797377 ], [ 126.974397846575798, 37.396123940720891 ], [ 126.974233046495414, 37.396063703031629 ], [ 126.970299419342041, 37.394824300393964 ], [ 126.964342390588314, 37.392850747904809 ], [ 126.956528519193924, 37.390165999702681 ], [ 126.956526575305702, 37.390165332866864 ], [ 126.951442389407873, 37.388424093056905 ], [ 126.951440025655387, 37.388423285140192 ], [ 126.949671980292308, 37.387820226060619 ], [ 126.949641898106549, 37.387810236929887 ], [ 126.9488222771121, 37.387545416493616 ], [ 126.948812966448642, 37.387542433735696 ], [ 126.948757208071925, 37.387524723770639 ], [ 126.946679381450267, 37.385835736788209 ], [ 126.946675323397955, 37.385832449281672 ], [ 126.9451629544225, 37.384611395288687 ], [ 126.945069902449276, 37.384541719782746 ], [ 126.944207158940642, 37.383942823812745 ], [ 126.944098565971174, 37.383873477769491 ], [ 126.943983211392535, 37.383811472426004 ], [ 126.942960034167086, 37.383308930370866 ], [ 126.942920022854253, 37.383289878460978 ], [ 126.9421261992198, 37.382923600304387 ], [ 126.942123349981557, 37.382921090356923 ], [ 126.942044652118952, 37.382797761147195 ], [ 126.94173942309267, 37.38210068102925 ], [ 126.940913682993568, 37.380010550665361 ], [ 126.941331474585411, 37.379552435819832 ], [ 126.941352635045419, 37.379528699569654 ], [ 126.942058405923191, 37.378718672251104 ], [ 126.942074844177583, 37.378699454758127 ], [ 126.942734785228836, 37.377913486393901 ], [ 126.942808480522444, 37.377817268029105 ], [ 126.943515744308769, 37.376800863900364 ], [ 126.943615846788219, 37.376629870810646 ], [ 126.945253320466563, 37.373232377444097 ], [ 126.945253461406125, 37.373232035846172 ], [ 126.945253643401713, 37.37323170684099 ], [ 126.945257172128507, 37.373223138874714 ], [ 126.945261585455668, 37.373214864286822 ], [ 126.945265428545724, 37.373205096703124 ], [ 126.945270273578018, 37.373195617189133 ], [ 126.945279409231816, 37.373171106487604 ], [ 126.945290380962859, 37.373147080258711 ], [ 126.94529192317988, 37.373142286278046 ], [ 126.945294012568368, 37.373137604466152 ], [ 126.945819229545975, 37.371748502667906 ], [ 126.948724409113822, 37.365689527223168 ], [ 126.948730895826841, 37.365675774033221 ], [ 126.950214350181156, 37.362477791719975 ], [ 126.950262086357483, 37.362358064722983 ], [ 126.950526382662673, 37.361570210452122 ], [ 126.950561423528413, 37.361440627445198 ], [ 126.95058039737664, 37.361308928182972 ], [ 126.950647158952648, 37.3604958763204 ], [ 126.950650458765139, 37.360380895289197 ], [ 126.950498025538025, 37.354186480518578 ], [ 126.950309065035157, 37.343615505965928 ], [ 126.950308907988045, 37.343608129952372 ], [ 126.949840374762431, 37.324643063918053 ], [ 126.950067254808133, 37.320364277650661 ], [ 126.95006709020096, 37.320344852473767 ], [ 126.950068613983419, 37.320325465009326 ], [ 126.95012106612181, 37.317245527924996 ], [ 126.950213184858796, 37.316230889198224 ], [ 126.950332907827686, 37.315490760583273 ], [ 126.950495907814343, 37.315052750069299 ], [ 126.950974417331338, 37.314319010844358 ], [ 126.952197396950126, 37.31275504386349 ], [ 126.952238313623596, 37.312699844897665 ], [ 126.954958095308882, 37.308823569045643 ], [ 126.955938508085808, 37.307946260643824 ], [ 126.95899044388139, 37.305606429638367 ], [ 126.961707647158605, 37.303834119834278 ], [ 126.962950364553734, 37.303118874789028 ], [ 126.964318808780448, 37.302704063393804 ], [ 126.966275016889014, 37.302449028164595 ], [ 126.971318599607031, 37.301965363753006 ], [ 126.971469445371341, 37.30194533683629 ], [ 126.975501354331186, 37.301259161980703 ], [ 126.975652881196723, 37.301227450841949 ], [ 126.976657594208859, 37.30097696074909 ], [ 126.976830368381457, 37.300925477790791 ], [ 126.976995105666489, 37.300859284644808 ], [ 126.977940283931588, 37.30042642249083 ], [ 126.978078672376299, 37.30035570209921 ], [ 126.978207825917707, 37.300274596490048 ], [ 126.978956029652963, 37.29975587845427 ], [ 126.979118586351433, 37.299626757924976 ], [ 126.980831285065022, 37.298068239715626 ], [ 126.980938666761944, 37.297959805869084 ], [ 126.983909488476428, 37.294622190812824 ], [ 126.983932070250788, 37.294596180103071 ], [ 126.987700296691386, 37.290145071080488 ], [ 126.987735354598101, 37.290101909281994 ], [ 126.990034438900111, 37.287149701961503 ], [ 126.990100703556692, 37.287056575710466 ], [ 126.991605332202752, 37.284732186045197 ], [ 126.991620241475857, 37.284708590582497 ], [ 126.995890178080117, 37.277782820127157 ], [ 126.995923721259828, 37.277725009924318 ], [ 127.001148191728319, 37.268133562762863 ], [ 127.003359744199301, 37.268945684808813 ], [ 127.007167504982277, 37.270363755472921 ], [ 127.007408605589788, 37.270453580911642 ], [ 127.007547847219826, 37.270499542649929 ], [ 127.007660172909269, 37.270532021024437 ], [ 127.007817591378227, 37.270570724218508 ], [ 127.007978972991253, 37.270597011059131 ], [ 127.008077472182109, 37.270609098846784 ], [ 127.008316540508616, 37.270624688638875 ], [ 127.008415187286843, 37.270625513792709 ], [ 127.008638928101647, 37.270615523838778 ], [ 127.008723600432035, 37.270607220981837 ], [ 127.008933349885822, 37.270575816459036 ], [ 127.009029443456313, 37.270556345268432 ], [ 127.009183089713332, 37.27051892574918 ], [ 127.009331603007226, 37.270470029965935 ], [ 127.009408084906269, 37.270441383704522 ], [ 127.009531504444212, 37.270390109859044 ], [ 127.00964923612193, 37.270330906414657 ], [ 127.009725894519121, 37.270288745093389 ], [ 127.009842182981842, 37.270218708179002 ], [ 127.009950504802973, 37.270140939093828 ], [ 127.010007463055317, 37.270096360349058 ], [ 127.010111230113253, 37.270007499388136 ], [ 127.010204592224255, 37.2699115498963 ], [ 127.010256089915075, 37.269853409109054 ], [ 127.010362082612005, 37.269717291550407 ], [ 127.010413815546116, 37.269641130898592 ], [ 127.010468211011229, 37.26955365409389 ], [ 127.010505143686288, 37.269488450545758 ], [ 127.010911488980028, 37.268793359433367 ], [ 127.011066667330425, 37.268565279616737 ], [ 127.011077614756914, 37.268551036688407 ], [ 127.011084988588095, 37.268545709657921 ], [ 127.011239144804932, 37.26844015749046 ], [ 127.011999471876535, 37.268005591327018 ], [ 127.012526194784854, 37.267707250170588 ], [ 127.012670645805557, 37.267632011318106 ], [ 127.012952405842569, 37.267527045525974 ], [ 127.013164263326217, 37.267451285246125 ], [ 127.013490184198773, 37.267358014746272 ], [ 127.013946151573805, 37.267240742785567 ], [ 127.014331940650791, 37.267159758113273 ], [ 127.014704974852592, 37.267098534858469 ], [ 127.014762546713058, 37.267088246690697 ], [ 127.015231623581215, 37.266997529607238 ], [ 127.015249918188999, 37.266993905142492 ], [ 127.016103401214835, 37.266820773454086 ], [ 127.016124821009939, 37.266815521797703 ], [ 127.016146656519865, 37.266811510082427 ], [ 127.017609950137427, 37.266481476059418 ], [ 127.019504591023789, 37.266056232563734 ], [ 127.019891675070397, 37.265977860322323 ], [ 127.020020909542325, 37.265962644826011 ], [ 127.020035204843595, 37.265960911835165 ], [ 127.020221166786627, 37.265937717693291 ], [ 127.020474725159474, 37.265910377374652 ], [ 127.020666288488499, 37.265897036462661 ], [ 127.020810434278587, 37.265881986779512 ], [ 127.020952431195212, 37.265857101914555 ], [ 127.021116359143932, 37.265822411925157 ], [ 127.021134923679199, 37.265818392936588 ], [ 127.02146847395106, 37.265744553770453 ], [ 127.021532554977796, 37.265729271663297 ], [ 127.02758991235612, 37.264179673129711 ], [ 127.02759485614753, 37.264178401561416 ], [ 127.031256628475177, 37.263231546116252 ], [ 127.035326388493999, 37.26219327220349 ], [ 127.035354516393312, 37.262185878224379 ], [ 127.035524209969779, 37.262139951434115 ], [ 127.035658791889531, 37.262098333452236 ], [ 127.035797513754773, 37.262049901640651 ], [ 127.035939405456361, 37.261993907361465 ], [ 127.036074129829061, 37.261927560565695 ], [ 127.036196171361041, 37.261860970840139 ], [ 127.036371114808091, 37.261751384105104 ], [ 127.036470667741341, 37.261680105864777 ], [ 127.036583171853138, 37.261591655894634 ], [ 127.036684873935158, 37.261495211214587 ], [ 127.03674485741432, 37.261432622149677 ], [ 127.036790490599458, 37.261382680888453 ], [ 127.036882017795818, 37.261277546175137 ], [ 127.036985208070504, 37.261142865443226 ], [ 127.037054160898066, 37.261039799958191 ], [ 127.037121508779876, 37.260926857006837 ], [ 127.03717349513802, 37.26082815911397 ], [ 127.037213703134668, 37.260744104835481 ], [ 127.037260167498758, 37.260636351153863 ], [ 127.037295130915169, 37.260544888523555 ], [ 127.037324428645888, 37.26045726997522 ], [ 127.037339866369308, 37.260407308311606 ], [ 127.037387074575321, 37.260240989657291 ], [ 127.037405664287931, 37.260165636804309 ], [ 127.037507662316244, 37.259679875368647 ], [ 127.037514788307149, 37.259642793141673 ], [ 127.037742213966965, 37.258338993815066 ], [ 127.03785956533946, 37.25768885179108 ], [ 127.038880261391142, 37.257354088280181 ], [ 127.038979233721349, 37.257318622689212 ], [ 127.039086860915759, 37.257276693080854 ], [ 127.039229230846658, 37.257214298968137 ], [ 127.03936346066979, 37.257141281417056 ], [ 127.039437299944296, 37.257096825012702 ], [ 127.039576371628868, 37.257003325468851 ], [ 127.03964181377799, 37.256954295453745 ], [ 127.03971821629905, 37.256893276139465 ], [ 127.039783743903357, 37.256837488547887 ], [ 127.039926416789726, 37.256698569112096 ], [ 127.039986450811185, 37.256631473264633 ], [ 127.040067424644533, 37.256532024000343 ], [ 127.040207931329249, 37.25634167931014 ], [ 127.040257332134871, 37.256269868337363 ], [ 127.040688612976098, 37.255595286340871 ], [ 127.040697054594247, 37.255581899734295 ], [ 127.041448545245728, 37.254373554008637 ], [ 127.042325871140633, 37.253106247580781 ], [ 127.042540925426579, 37.252821590133671 ], [ 127.042717356878384, 37.252618931765703 ], [ 127.042773890277346, 37.252558949969817 ], [ 127.042854229287556, 37.25248992710339 ], [ 127.042945833421072, 37.252420598983598 ], [ 127.043270886446152, 37.252202947575739 ], [ 127.045371354383974, 37.250830674220218 ], [ 127.045377399626773, 37.250826705953813 ], [ 127.047483037819021, 37.249437932216729 ], [ 127.047485713155766, 37.249436163949646 ], [ 127.049528564707785, 37.248083072621014 ], [ 127.051287184096552, 37.246919154231882 ], [ 127.051310360279345, 37.246903533014994 ], [ 127.051349293103556, 37.246876810614033 ], [ 127.057261336280646, 37.247164400009204 ], [ 127.057272055242663, 37.247164499889529 ], [ 127.057282724369855, 37.247165331253257 ], [ 127.060080638153337, 37.247272918666816 ], [ 127.061586785106911, 37.247341386777926 ], [ 127.061966052778686, 37.247375519260245 ], [ 127.064262031477611, 37.247611702835691 ], [ 127.065495928913066, 37.247757018987912 ], [ 127.065572650161286, 37.247787724629596 ], [ 127.065643795423426, 37.247817504814613 ], [ 127.065686586722549, 37.247852394223401 ], [ 127.065929554091625, 37.248094622340986 ], [ 127.066551106366333, 37.248726186028037 ], [ 127.069920955525134, 37.252262144874436 ], [ 127.071245355735641, 37.253681719962962 ], [ 127.071285099233563, 37.253722657527376 ], [ 127.072051560166955, 37.254481647859834 ], [ 127.074864189778467, 37.257412485945103 ], [ 127.077601742956602, 37.260287007051964 ], [ 127.07839491177981, 37.26115397804675 ], [ 127.078446690303664, 37.2612076929003 ], [ 127.079196111635568, 37.261946065510962 ], [ 127.079304041343988, 37.262042567940732 ], [ 127.079423022097373, 37.26213037907246 ], [ 127.079985665880031, 37.262507388849869 ], [ 127.080097507406109, 37.26257618930731 ], [ 127.080574342316709, 37.262844968009226 ], [ 127.080693012803991, 37.262906096845427 ], [ 127.080817647562469, 37.262959103738559 ], [ 127.080947378469759, 37.263003619473047 ], [ 127.081621237418133, 37.263208672852585 ], [ 127.081724652139414, 37.263237117725929 ], [ 127.082248548321104, 37.26336623728065 ], [ 127.082422348828828, 37.26340113299252 ], [ 127.083060080779134, 37.263500811337948 ], [ 127.083202082049382, 37.263518040269332 ], [ 127.083345400084823, 37.263525579519083 ], [ 127.084362792520793, 37.263544490707581 ], [ 127.084558658957178, 37.263539054333982 ], [ 127.084752424181687, 37.263515548184074 ], [ 127.085862195803429, 37.263327792349408 ], [ 127.085895837526465, 37.263321813727117 ], [ 127.087804637867521, 37.262966228357087 ], [ 127.087839798370453, 37.262959360290438 ], [ 127.089191666474989, 37.262683001990681 ], [ 127.090744006902085, 37.26241509117785 ], [ 127.092301404184525, 37.262230015918512 ], [ 127.09371801271962, 37.262118857711371 ], [ 127.09479050797465, 37.262091209939193 ], [ 127.096422166689109, 37.262172392371262 ], [ 127.102093149359547, 37.262685159001116 ], [ 127.103293788976941, 37.262795486382053 ], [ 127.103325327477549, 37.262798145144345 ], [ 127.104074373298232, 37.262855619944517 ], [ 127.104142419298427, 37.262859735765637 ], [ 127.105981951285884, 37.262941201216194 ], [ 127.106005111847523, 37.262942099508095 ], [ 127.106759618672754, 37.262967219398796 ], [ 127.107380875279489, 37.263080428606585 ], [ 127.107521117692741, 37.263101057075275 ], [ 127.107663035560719, 37.263112171936065 ], [ 127.108676411153951, 37.263157180011724 ], [ 127.108680187312387, 37.263157199385468 ], [ 127.108683944632546, 37.263157501105127 ], [ 127.111189738922832, 37.263259798843094 ], [ 127.111876392787892, 37.263329387221866 ], [ 127.11252993497807, 37.263501949001842 ], [ 127.113087557115293, 37.263766341419064 ], [ 127.113631950724809, 37.264167934112699 ], [ 127.113899302857618, 37.264436839922993 ], [ 127.114084279973994, 37.264723047913414 ], [ 127.114263620999353, 37.265355585890433 ], [ 127.114315733175559, 37.266225150963116 ], [ 127.114306646999836, 37.267946963219671 ], [ 127.114292367711315, 37.270614058898211 ], [ 127.114292358501444, 37.270616160848519 ], [ 127.114285404918078, 37.272655843543774 ], [ 127.114269267804801, 37.275478535095878 ], [ 127.114228898089877, 37.278448740896017 ], [ 127.114170030603304, 37.281137578687016 ], [ 127.114106242150882, 37.281543953664304 ], [ 127.114020571008894, 37.281739593068579 ], [ 127.113814398188907, 37.281989278656432 ], [ 127.113513284010381, 37.282287792877213 ], [ 127.112345660711838, 37.283296045836508 ], [ 127.110097835253967, 37.285212821213172 ], [ 127.106947748903039, 37.287867873128818 ], [ 127.106913080703336, 37.287897991725089 ], [ 127.106462846116642, 37.288301216950863 ], [ 127.106376851819164, 37.288384728278992 ], [ 127.105968224937342, 37.288815579562005 ], [ 127.10586290184547, 37.288940524539186 ], [ 127.105516960512205, 37.28940479317891 ], [ 127.10546392967008, 37.289481515283612 ], [ 127.105156196278912, 37.289962966585101 ], [ 127.105110814071907, 37.290039840813499 ], [ 127.104662249091135, 37.290866021581735 ], [ 127.104599991593588, 37.29099955665572 ], [ 127.104397574883691, 37.291515310602378 ], [ 127.104348890332588, 37.291671301416528 ], [ 127.104224530670294, 37.292202569067143 ], [ 127.104212700143137, 37.292259900703357 ], [ 127.104085124223261, 37.292973333281665 ], [ 127.10406908954316, 37.293118630052255 ], [ 127.104039494709127, 37.293814258982053 ], [ 127.104039182190263, 37.293822311189643 ], [ 127.104013554742835, 37.294552858465259 ], [ 127.104012986765383, 37.294605160585597 ], [ 127.104022566904646, 37.295322609962909 ], [ 127.103978007214863, 37.298965542584092 ], [ 127.10397819286635, 37.298969313028763 ], [ 127.103977940827392, 37.298973088802711 ], [ 127.103979235534723, 37.29899610976603 ], [ 127.103978681559298, 37.299019140339077 ], [ 127.104042263445351, 37.30071889786111 ], [ 127.104040206890303, 37.301257059137704 ], [ 127.104040345335832, 37.30127896584721 ], [ 127.104058213504146, 37.302364380569223 ], [ 127.104059172299017, 37.30239545326063 ], [ 127.104107238748526, 37.303457471633159 ], [ 127.104117466065659, 37.304352685923206 ], [ 127.104124504847434, 37.305171687110132 ], [ 127.104128698671929, 37.305257975868173 ], [ 127.104198368218462, 37.30604333582562 ], [ 127.104214383520784, 37.306156277790365 ], [ 127.104318216342406, 37.306687661141815 ], [ 127.104349297435704, 37.306809593822429 ], [ 127.104513950316218, 37.307331416460904 ], [ 127.104557148953575, 37.307446485447656 ], [ 127.104612963830249, 37.30755803734781 ], [ 127.10468095437399, 37.307665191521743 ], [ 127.104988178685858, 37.308100290505052 ], [ 127.105126078650784, 37.308265825971198 ], [ 127.105429753346996, 37.30857789354306 ], [ 127.105547593720232, 37.308686538414705 ], [ 127.106122417490411, 37.309162795238848 ], [ 127.106498756856851, 37.309534880457839 ], [ 127.106687863836655, 37.309880776100755 ], [ 127.106749163271772, 37.310151473798271 ], [ 127.106771680956925, 37.310547177722746 ], [ 127.106746906352555, 37.311428056460713 ], [ 127.106728091810211, 37.312090705330291 ], [ 127.106655831113017, 37.31266247659957 ], [ 127.106654931124467, 37.312676417996592 ], [ 127.10665268177236, 37.312690261819405 ], [ 127.106624509484675, 37.312971043841515 ], [ 127.106509425693446, 37.313401933960364 ], [ 127.106141521354814, 37.314746008815312 ], [ 127.10612203570011, 37.314829758392406 ], [ 127.105784940381142, 37.316584677055623 ], [ 127.105779702936033, 37.316614095693573 ], [ 127.105543406825348, 37.318054754103933 ], [ 127.105531313394195, 37.318160716106071 ], [ 127.105529689998292, 37.318267109501441 ], [ 127.105614192711712, 37.32075024382182 ], [ 127.105618082246608, 37.320812183903257 ], [ 127.105735362136372, 37.322092163522719 ], [ 127.105819568937207, 37.323564819587922 ], [ 127.105874630876329, 37.324753331672689 ], [ 127.105877067779389, 37.324775886880253 ], [ 127.105877673430356, 37.324798520722091 ], [ 127.106114331116999, 37.327476533616696 ], [ 127.106118014743274, 37.32751168116922 ], [ 127.106298899102711, 37.329003217118348 ], [ 127.10630478241869, 37.329044959550195 ], [ 127.107041770906235, 37.333631389625758 ], [ 127.107226457063376, 37.335067013928622 ], [ 127.107312811398259, 37.336485568983477 ], [ 127.107272033993524, 37.339847789954419 ], [ 127.107191872927729, 37.345317093911426 ], [ 127.107192185874126, 37.345363343162568 ], [ 127.107307066192348, 37.349437657339813 ], [ 127.1073013942312, 37.349445806426743 ], [ 127.107235296103752, 37.349567547462421 ], [ 127.107184463062424, 37.349693874467015 ], [ 127.107149384726512, 37.349823570862526 ], [ 127.107130398997441, 37.349955387616113 ], [ 127.107127688801469, 37.350088055268564 ], [ 127.107141280324981, 37.350220296159428 ], [ 127.107171042758836, 37.350350836731636 ], [ 127.10721668955496, 37.350478419796644 ], [ 127.10727778118293, 37.350601816642396 ], [ 127.107315740116633, 37.350660804256542 ], [ 127.107279682731971, 37.353086466567227 ], [ 127.107182428208702, 37.35449812398619 ], [ 127.107060936470674, 37.355289030204958 ], [ 127.106685727105415, 37.357100046495596 ], [ 127.106672859795708, 37.357175186250544 ], [ 127.106505506906075, 37.358409532923723 ], [ 127.106496829852759, 37.35850505739792 ], [ 127.106403003902315, 37.360530657297957 ], [ 127.10640188064022, 37.36057212412247 ], [ 127.106356387170266, 37.366353724070471 ], [ 127.106314181209981, 37.368221519197867 ], [ 127.106314016820079, 37.36826138285268 ], [ 127.106358502315473, 37.371361769771013 ], [ 127.10635336797678, 37.372166875706668 ], [ 127.106333446901303, 37.372892622477536 ], [ 127.106333060228394, 37.372928754962665 ], [ 127.106336102014922, 37.373432152386464 ], [ 127.10634487992715, 37.373563243262268 ], [ 127.106369546354415, 37.373693036816832 ], [ 127.10640986883584, 37.373820309424154 ], [ 127.106635236846074, 37.374409621237369 ], [ 127.106685401869115, 37.374522596139656 ], [ 127.106747906838009, 37.374631581508474 ], [ 127.106822260588757, 37.374735720845351 ], [ 127.106907878832544, 37.374834195732532 ], [ 127.107396529965229, 37.375346178109091 ], [ 127.107485783895342, 37.375432091421303 ], [ 127.107583612258395, 37.375511837582017 ], [ 127.10768934854093, 37.37558487325213 ], [ 127.108033602089733, 37.375803495288011 ], [ 127.113222640053934, 37.379462666112353 ], [ 127.122318066694717, 37.386030501834718 ], [ 127.122446693531785, 37.386114590379094 ], [ 127.122585030479229, 37.386188213684989 ], [ 127.12273174524411, 37.386250662688269 ], [ 127.122885424835715, 37.386301335942562 ], [ 127.123044589175137, 37.386339745412499 ], [ 127.123207705351632, 37.386365521174731 ], [ 127.123373202388066, 37.386378414981266 ], [ 127.123539486373332, 37.386378302650684 ], [ 127.123704955815867, 37.386365185264388 ], [ 127.123868017070151, 37.386339189156182 ], [ 127.124027099687666, 37.386300564695333 ], [ 127.124180671544138, 37.386249683875 ], [ 127.124327253597656, 37.386187036728892 ], [ 127.124465434134777, 37.386113226611215 ], [ 127.12459388236816, 37.386028964384828 ], [ 127.124711361253844, 37.385935061574152 ], [ 127.124816739405574, 37.38583242254839 ], [ 127.124909001990446, 37.385722035810765 ], [ 127.124987260501754, 37.385604964477302 ], [ 127.125050761314668, 37.385482336037278 ], [ 127.125098892942034, 37.385355331493862 ], [ 127.12513119192117, 37.385225173989333 ], [ 127.125147347274392, 37.385093117024944 ], [ 127.125147203500973, 37.384960432388475 ], [ 127.12513076207145, 37.384828397905885 ], [ 127.125098181410053, 37.384698285135244 ], [ 127.125049775365895, 37.384571347121081 ], [ 127.124986010187314, 37.38444880632742 ], [ 127.12490750002884, 37.38433184286545 ], [ 127.124815001034307, 37.384221583129367 ], [ 127.124709404052851, 37.384119088949582 ], [ 127.124591726058341, 37.384025347367988 ], [ 127.115488867246711, 37.377452287614368 ], [ 127.115481064295679, 37.377447185167028 ], [ 127.11547384132119, 37.37744156511328 ], [ 127.110244531235892, 37.373754071650637 ], [ 127.110177586811162, 37.373709260961 ], [ 127.109964165048268, 37.373573727927599 ], [ 127.109787303740234, 37.37338842930312 ], [ 127.10972313943104, 37.373220665702178 ], [ 127.109721392739672, 37.3729337344746 ], [ 127.109741097583111, 37.37221468719175 ], [ 127.109741480975813, 37.372191956694586 ], [ 127.109746721891995, 37.371364301687066 ], [ 127.109746631753907, 37.371341937910358 ], [ 127.109702729931342, 37.368291791885902 ], [ 127.109724853689556, 37.368275955533768 ], [ 127.10983713978591, 37.368178110510755 ], [ 127.109936868776785, 37.368071952307822 ], [ 127.110023080240992, 37.367958503319059 ], [ 127.110094943954067, 37.367838856150485 ], [ 127.110151767882499, 37.367714163096359 ], [ 127.110193004846124, 37.36758562504108 ], [ 127.110218257785405, 37.367454479893055 ], [ 127.11022728358239, 37.367321990662376 ], [ 127.110219995398964, 37.367189433296886 ], [ 127.11019646350988, 37.367058084394024 ], [ 127.110156914622578, 37.366929208906512 ], [ 127.110101729690868, 37.366804047960564 ], [ 127.109746335599965, 37.366108963645878 ], [ 127.109789359259565, 37.360609797848348 ], [ 127.109879919417182, 37.358652806395654 ], [ 127.110035649388905, 37.357503808522345 ], [ 127.110408815568618, 37.355702267457758 ], [ 127.110418919427858, 37.355646218765159 ], [ 127.1105516069685, 37.354782177503168 ], [ 127.110561639164388, 37.354691863584875 ], [ 127.11066395103677, 37.353205831278423 ], [ 127.110666384769729, 37.353147628453897 ], [ 127.110711993485026, 37.350070093904485 ], [ 127.110711750063388, 37.350064880427126 ], [ 127.110712097711726, 37.350059669399712 ], [ 127.110711082098589, 37.350041650015527 ], [ 127.110711681662906, 37.350023621993181 ], [ 127.110579002032125, 37.345325561865806 ], [ 127.110658599523092, 37.339878017657483 ], [ 127.110658535559267, 37.339876653577079 ], [ 127.110658635917417, 37.339875290894838 ], [ 127.110699754801274, 37.336472314368429 ], [ 127.110697833771127, 37.336393578759726 ], [ 127.110606805576936, 37.334899346665665 ], [ 127.110599935310105, 37.334826826947648 ], [ 127.110408342749025, 37.333338034466706 ], [ 127.110403434164127, 37.333304110077805 ], [ 127.109666870518922, 37.328721596701918 ], [ 127.109490586250089, 37.327268527642964 ], [ 127.109257360536319, 37.324630687799228 ], [ 127.109203023009698, 37.323458946118578 ], [ 127.109202417524116, 37.323447256847317 ], [ 127.109116750953405, 37.321950245046501 ], [ 127.109113997022376, 37.321913246902355 ], [ 127.108997801371316, 37.320645720601085 ], [ 127.108917876588805, 37.318300203366341 ], [ 127.109134354094152, 37.316980016503081 ], [ 127.10946046448116, 37.315281894686862 ], [ 127.109817834329874, 37.313976096410791 ], [ 127.109819642817456, 37.313969407132703 ], [ 127.10995862342125, 37.313448958063155 ], [ 127.109990456785894, 37.313274881995163 ], [ 127.110026034270007, 37.312920137876112 ], [ 127.110103141573362, 37.312309801414706 ], [ 127.110111260736844, 37.312204663193206 ], [ 127.110131543521064, 37.311489173834502 ], [ 127.110157579646852, 37.310561963842908 ], [ 127.1101562565851, 37.310470204686766 ], [ 127.110125966395046, 37.30993833280921 ], [ 127.110100675266764, 37.309759069787781 ], [ 127.109983981540864, 37.309243851474839 ], [ 127.109937714931476, 37.309090966705917 ], [ 127.109869533490993, 37.308943408266536 ], [ 127.109509941596983, 37.308285727890762 ], [ 127.109443369625311, 37.308177420315069 ], [ 127.109364974945791, 37.308074284605595 ], [ 127.109275381890185, 37.30797714206863 ], [ 127.108709125938915, 37.307417307352971 ], [ 127.108611033697656, 37.307328572273626 ], [ 127.108047269511189, 37.306861491974544 ], [ 127.107875481920701, 37.30668496306307 ], [ 127.107741085256094, 37.306494637791609 ], [ 127.107650958704198, 37.306209045078575 ], [ 127.10757011449266, 37.305795403935655 ], [ 127.107509270461932, 37.305109876464861 ], [ 127.107502554958884, 37.304332544892766 ], [ 127.107502524228011, 37.304329488379487 ], [ 127.107492029799062, 37.30341448343242 ], [ 127.107490993469995, 37.303377969669356 ], [ 127.107442756267801, 37.302313233017252 ], [ 127.10742527678245, 37.301254312169277 ], [ 127.107427351923022, 37.300704842774195 ], [ 127.107426602618105, 37.30066032917275 ], [ 127.107363114678392, 37.298965114650471 ], [ 127.107407352869018, 37.29533516678346 ], [ 127.107407336127693, 37.295307532354116 ], [ 127.10739788914691, 37.294602421362143 ], [ 127.107422426788645, 37.293902046359733 ], [ 127.107448717252225, 37.293283436649453 ], [ 127.107558193274386, 37.292671070631144 ], [ 127.107657320334255, 37.292247518065167 ], [ 127.107802847552861, 37.291876677180454 ], [ 127.108194671889493, 37.291154948498153 ], [ 127.10845323102518, 37.290750405663481 ], [ 127.10872279199441, 37.290388624526024 ], [ 127.109033484533938, 37.290061021807254 ], [ 127.109421579295599, 37.289713437994216 ], [ 127.11255739681792, 37.287070341013539 ], [ 127.112560580366832, 37.287067379077484 ], [ 127.112564092397065, 37.287064664493307 ], [ 127.114818858368778, 37.28514191845327 ], [ 127.114826053818419, 37.285135743825528 ], [ 127.116036485452724, 37.284090495897821 ], [ 127.116111957304739, 37.284020688519256 ], [ 127.116499872370937, 37.283636109735461 ], [ 127.116594802217918, 37.283532247937366 ], [ 127.116960843242211, 37.283088933522151 ], [ 127.1170325974403, 37.282993738097161 ], [ 127.117094325523553, 37.282894155758008 ], [ 127.117145610531736, 37.282790859227106 ], [ 127.117359943760619, 37.282301359020636 ], [ 127.117410066542263, 37.282163945863687 ], [ 127.117441729234898, 37.282023068801315 ], [ 127.117539184394971, 37.28140203947293 ], [ 127.11755207417626, 37.281257419052338 ], [ 127.117612505273939, 37.27849150989951 ], [ 127.117612663930998, 37.278482544881257 ], [ 127.117635525125962, 37.276795011077411 ], [ 127.117635867430508, 37.276794988387088 ], [ 127.117680473980371, 37.276793661807567 ], [ 127.118092385758956, 37.276765188045239 ], [ 127.118216304060539, 37.276752926211614 ], [ 127.118645442875817, 37.276697545785886 ], [ 127.118663729891949, 37.276695103578319 ], [ 127.119623744050244, 37.276562566010291 ], [ 127.11974755265031, 37.276541634767327 ], [ 127.120137487972116, 37.27646343050332 ], [ 127.120304972220595, 37.276422367333602 ], [ 127.120486002473783, 37.276369644627152 ], [ 127.120564943252447, 37.276344845691298 ], [ 127.120734750327429, 37.276287533887718 ], [ 127.120860247895834, 37.276240241573348 ], [ 127.120980474224638, 37.276184890867725 ], [ 127.121156284229627, 37.27609608463397 ], [ 127.121302813479161, 37.276013054039943 ], [ 127.121437501265589, 37.275918077239588 ], [ 127.121609457363306, 37.275783187573602 ], [ 127.122634392245132, 37.27500568858315 ], [ 127.122644909825965, 37.274997640944541 ], [ 127.124755417919133, 37.273368739649776 ], [ 127.124829298206834, 37.273308029443555 ], [ 127.124977378848556, 37.27317846346741 ], [ 127.125049378655646, 37.273111166847329 ], [ 127.125389187149125, 37.272771647820022 ], [ 127.126252737448638, 37.271953611946998 ], [ 127.12628872774917, 37.271918329679295 ], [ 127.126427267737483, 37.271777747403384 ], [ 127.126620853792801, 37.271619116803691 ], [ 127.126625975351999, 37.27161490173787 ], [ 127.127191682874439, 37.271147289089619 ], [ 127.127744824403806, 37.270789571437511 ], [ 127.128737429394903, 37.270175287049753 ], [ 127.129201849304764, 37.269924676017908 ], [ 127.129751665619807, 37.269704852526651 ], [ 127.13039792361522, 37.269504431583925 ], [ 127.130767857242262, 37.26943772365582 ], [ 127.131118169242853, 37.26940381421975 ], [ 127.131850636466851, 37.269391550479256 ], [ 127.132364121453293, 37.269440956115496 ], [ 127.133318010107871, 37.26965383595693 ], [ 127.13410568456618, 37.269965455101719 ], [ 127.135017073909694, 37.270458072352916 ], [ 127.135596806717587, 37.270813245979056 ], [ 127.135991952455086, 37.271065195599277 ], [ 127.136038905429658, 37.271195612369674 ], [ 127.13620396160924, 37.271744461417676 ], [ 127.136216691446378, 37.271784135943811 ], [ 127.136418539740703, 37.272375824577431 ], [ 127.136419894341387, 37.272379771805277 ], [ 127.136507214363647, 37.272632714807152 ], [ 127.136554047313311, 37.272747960941864 ], [ 127.136613603140518, 37.272859393496432 ], [ 127.136805530930616, 37.273178145824374 ], [ 127.136892711828494, 37.273305057888066 ], [ 127.136996373690735, 37.273423792813695 ], [ 127.137277801915388, 37.273711938938511 ], [ 127.137360408321953, 37.2737902149509 ], [ 127.137450190639854, 37.273863270562337 ], [ 127.137793967360949, 37.274122583332634 ], [ 127.137902100082243, 37.274197496876965 ], [ 127.138017768219939, 37.274264839662344 ], [ 127.138550147277954, 37.27454804855924 ], [ 127.13874857385666, 37.274638777096477 ], [ 127.139133075790397, 37.274787997447689 ], [ 127.13923117904929, 37.274823038313393 ], [ 127.139668119472304, 37.274965981156519 ], [ 127.140613582805742, 37.275315345398539 ], [ 127.140992518494969, 37.275456725313134 ], [ 127.141040100399067, 37.275473769249636 ], [ 127.141494776749369, 37.275629955475438 ], [ 127.143058849435022, 37.276194620062043 ], [ 127.143676896499301, 37.276428350382425 ], [ 127.143717083800567, 37.276443037884121 ], [ 127.144062447183117, 37.27656492673875 ], [ 127.144272361507831, 37.276626121774775 ], [ 127.144581641892046, 37.276698188395464 ], [ 127.144721791149891, 37.276725721258323 ], [ 127.145059464036493, 37.276779969490107 ], [ 127.145190929843167, 37.276796819453807 ], [ 127.145444369274387, 37.276821173671657 ], [ 127.145584785599041, 37.276829948430553 ], [ 127.14599623168516, 37.27684192348412 ], [ 127.146163144746154, 37.276840196517384 ], [ 127.146479055787623, 37.276824449017511 ], [ 127.146658971172599, 37.276807717659828 ], [ 127.147003425454386, 37.276760635789266 ], [ 127.147142426572387, 37.2767367938471 ], [ 127.147521061075651, 37.276658417932723 ], [ 127.147732365278358, 37.27660259587163 ], [ 127.148018129877698, 37.276510034352839 ], [ 127.148180862704521, 37.276449093631904 ], [ 127.14857460189576, 37.276280713172874 ], [ 127.148692723851141, 37.276225167369496 ], [ 127.149089684568352, 37.276020764446756 ], [ 127.149191234742503, 37.275964167600897 ], [ 127.149435320646916, 37.275817237767185 ], [ 127.149542274956744, 37.275747202275774 ], [ 127.14964171547831, 37.275670421384902 ], [ 127.149852303042721, 37.275493964788872 ], [ 127.149999002350427, 37.27535303503624 ], [ 127.150298713840655, 37.275021777263909 ], [ 127.150406368821507, 37.274886583081646 ], [ 127.150775974648525, 37.274355330728788 ], [ 127.15085975796012, 37.274216910867864 ], [ 127.151521020160558, 37.272944488599158 ], [ 127.151622235937424, 37.272769691244733 ], [ 127.151741852120381, 37.272590038001852 ], [ 127.151828133478375, 37.272486350940653 ], [ 127.152476846447499, 37.271832860219099 ], [ 127.152508674397694, 37.271799760620056 ], [ 127.152933791000052, 37.271343238378343 ], [ 127.152991759121733, 37.271276934881925 ], [ 127.153546174091531, 37.270600564897443 ], [ 127.153559068081151, 37.270584590563708 ], [ 127.154139443696451, 37.269854337090443 ], [ 127.154161834614939, 37.269822848938574 ], [ 127.154185960246139, 37.269792190095302 ], [ 127.154971412219211, 37.26867598694313 ], [ 127.155332428951155, 37.268185150500571 ], [ 127.15537174994077, 37.268128638252591 ], [ 127.15616886982977, 37.26691557748989 ], [ 127.156179754864993, 37.266898726237763 ], [ 127.156742411375248, 37.266012465792947 ], [ 127.156919538048029, 37.265747797211048 ], [ 127.157136176823656, 37.2654868885705 ], [ 127.157780603921495, 37.264875001260236 ], [ 127.157785214829019, 37.264870604226488 ], [ 127.158716807359085, 37.263978370362004 ], [ 127.158775407060944, 37.263918940908255 ], [ 127.159400123679859, 37.263247546266705 ], [ 127.159425872567411, 37.26321910955803 ], [ 127.160818303415354, 37.261638486022655 ], [ 127.161342062464428, 37.261143915510743 ], [ 127.161960972664431, 37.260623349825323 ], [ 127.162821870222288, 37.259964527097381 ], [ 127.163978697156651, 37.259087241697628 ], [ 127.164037957225247, 37.259040020284772 ], [ 127.164424830238829, 37.25871609776506 ], [ 127.164523928437802, 37.258625353757267 ], [ 127.164612529460669, 37.258527920277061 ], [ 127.165273708524552, 37.257728197541638 ], [ 127.165299611031386, 37.257695878879886 ], [ 127.16550986255659, 37.257425161876824 ], [ 127.16647299356184, 37.25624119262018 ], [ 127.168877107938698, 37.253819033604643 ], [ 127.168941981869082, 37.253749165386424 ], [ 127.169221699356498, 37.253426728546785 ], [ 127.169316531289397, 37.2533038918763 ], [ 127.169517022104301, 37.253010185177651 ], [ 127.169610727762191, 37.252848362770742 ], [ 127.169809706027507, 37.252435249012642 ], [ 127.169861829635764, 37.252308783182386 ], [ 127.169898139290154, 37.25217883228823 ], [ 127.169990181877566, 37.25175145317273 ], [ 127.170013414273868, 37.251574836987089 ], [ 127.17003157387353, 37.251203259605298 ], [ 127.170030991510998, 37.2510868874461 ], [ 127.170017893346667, 37.250970986348612 ], [ 127.169922666758197, 37.250402625787757 ], [ 127.169892842052036, 37.250273003455526 ], [ 127.169847372207855, 37.25014631815916 ], [ 127.169677033765907, 37.249746388197444 ], [ 127.169588562599841, 37.249577235934439 ], [ 127.169400233817043, 37.249276300815346 ], [ 127.169340008467415, 37.249188370935919 ], [ 127.169184482845608, 37.248980028156765 ], [ 127.169072223431669, 37.24884802944694 ], [ 127.168799167402625, 37.248564521782953 ], [ 127.16875238009932, 37.248518097730063 ], [ 127.166199708354242, 37.246096415815465 ], [ 127.166088613682689, 37.2459664486598 ], [ 127.167478831506457, 37.244710876200628 ], [ 127.168484530911428, 37.243812822323541 ], [ 127.169360166700415, 37.243057928937382 ], [ 127.169568868978601, 37.242889461486257 ], [ 127.170162803804288, 37.242526027675417 ], [ 127.174183633105542, 37.240818726331888 ], [ 127.174197651883844, 37.240812705606047 ], [ 127.174886252592287, 37.240513618910001 ], [ 127.174958138710878, 37.240493978769983 ], [ 127.175351710177594, 37.240468173935298 ], [ 127.176474892215722, 37.240587021294921 ], [ 127.1765113215437, 37.240590554725472 ], [ 127.178701403673131, 37.24078370630523 ], [ 127.178705212725617, 37.240783891591981 ], [ 127.178708983405173, 37.240784360896299 ], [ 127.179550709433997, 37.24085551569312 ], [ 127.179579636311487, 37.240857760136059 ], [ 127.180604502078822, 37.240930173938061 ], [ 127.180829019406417, 37.240934069276122 ], [ 127.181567546961332, 37.240907628353149 ], [ 127.181707770472812, 37.240897920258071 ], [ 127.181846498601431, 37.240878923486548 ], [ 127.182831702085281, 37.240709999080494 ], [ 127.182913099900347, 37.240694347711297 ], [ 127.184118785197782, 37.240437109818814 ], [ 127.185456802394157, 37.240167750934447 ], [ 127.18627076617139, 37.240060150855406 ], [ 127.187074052263142, 37.239998218325958 ], [ 127.188478200178395, 37.239923738479135 ], [ 127.188652242840632, 37.239907228725826 ], [ 127.189199676076399, 37.239832124983536 ], [ 127.189351428207672, 37.239805516522694 ], [ 127.189499485726486, 37.239767886135169 ], [ 127.189994738190052, 37.239621666771889 ], [ 127.190025643179965, 37.23961226672467 ], [ 127.190895795944428, 37.239339782128049 ], [ 127.191047170565668, 37.239285386645811 ], [ 127.19119114738352, 37.239219390254199 ], [ 127.191326339779124, 37.23914242856344 ], [ 127.191451445747376, 37.239055242788304 ], [ 127.191565260437329, 37.238958672608817 ], [ 127.191666687755898, 37.23885364808217 ], [ 127.191754750923607, 37.23874118068462 ], [ 127.191828601880871, 37.238622353569127 ], [ 127.191887529453709, 37.238498311132844 ], [ 127.191930966200829, 37.238370247994858 ], [ 127.191958493875958, 37.23823939749051 ], [ 127.191969847452924, 37.238107019793084 ], [ 127.191964917674994, 37.237974389777136 ], [ 127.191943752103754, 37.237842784740607 ], [ 127.191906554657848, 37.237713472103813 ], [ 127.191853683645931, 37.237587697203772 ], [ 127.191785648312987, 37.237466671301483 ], [ 127.191703103933364, 37.237351559917698 ], [ 127.191606845498143, 37.237243471609091 ], [ 127.191497800056965, 37.237143447293498 ], [ 127.191377017789179, 37.237052450226479 ], [ 127.191245661889454, 37.236971356725924 ], [ 127.191104997365784, 37.236900947733915 ], [ 127.190956378857692, 37.236841901297119 ], [ 127.190801237591472, 37.236794786037933 ], [ 127.190641067598946, 37.23676005567944 ], [ 127.190477411331315, 37.236738044676649 ], [ 127.190311844807539, 37.236728964996153 ], [ 127.190145962439374, 37.236732904075289 ], [ 127.189981361679529, 37.236749823980169 ], [ 127.189819627640716, 37.236779561771009 ], [ 127.189662317833196, 37.236821831070941 ], [ 127.188807584284092, 37.237089486176934 ], [ 127.18847405377312, 37.237187958301099 ], [ 127.188166723910143, 37.237230121591722 ], [ 127.186824951154534, 37.237301292486116 ], [ 127.186774555098026, 37.237304571008096 ], [ 127.185889100788074, 37.237372838655716 ], [ 127.185775545372294, 37.237384707927575 ], [ 127.184835953747978, 37.237508915132942 ], [ 127.184698877009637, 37.237531732315936 ], [ 127.18328137231552, 37.237817093108013 ], [ 127.183258246961174, 37.237821887491158 ], [ 127.182081514188425, 37.238072948235974 ], [ 127.181275256690128, 37.238211190644535 ], [ 127.180790140974082, 37.238228558891279 ], [ 127.179891878924082, 37.238165090275089 ], [ 127.179068423952216, 37.238095480108306 ], [ 127.176900445352516, 37.23790427842161 ], [ 127.17561591444732, 37.237768357373334 ], [ 127.175436095934529, 37.237757086680546 ], [ 127.175255798846536, 37.237761192278917 ], [ 127.174472088828566, 37.237812576913903 ], [ 127.174333687073428, 37.237826263610131 ], [ 127.174197166294491, 37.237849021074226 ], [ 127.174063454837523, 37.237880694554725 ], [ 127.173657510261052, 37.237991603245682 ], [ 127.173524883994205, 37.238032898409536 ], [ 127.173397070368125, 37.238082963744368 ], [ 127.172590077698857, 37.238433470553041 ], [ 127.16845280601531, 37.240190197285713 ], [ 127.16833236558962, 37.240246545927945 ], [ 127.168218145655899, 37.240310641469598 ], [ 127.167421017903777, 37.240798403158635 ], [ 127.167247300852495, 37.240920639378849 ], [ 127.166937421540311, 37.241170772367745 ], [ 127.16691884590918, 37.241187316622025 ], [ 127.166898959439592, 37.241202856437695 ], [ 127.165994344091757, 37.241982711915853 ], [ 127.165974385753486, 37.242000222655577 ], [ 127.164955609671452, 37.242909927139628 ], [ 127.164949254158586, 37.242915634496228 ], [ 127.163335483482641, 37.244373059782632 ], [ 127.16323539567405, 37.244472541585615 ], [ 127.163147490290697, 37.244579126778007 ], [ 127.16307255109686, 37.244691865109885 ], [ 127.162900259369295, 37.244983507613291 ], [ 127.162837504897993, 37.245104612400809 ], [ 127.16278971429054, 37.245230006202704 ], [ 127.162687513546757, 37.245553681661441 ], [ 127.162654684795314, 37.245684581304239 ], [ 127.162638163610836, 37.245817431081313 ], [ 127.162638111150741, 37.245950935788336 ], [ 127.162657218885542, 37.246261950992889 ], [ 127.162674815437796, 37.24640104071193 ], [ 127.162710282998333, 37.246537934404124 ], [ 127.162763242494123, 37.246671168596883 ], [ 127.16289815106677, 37.246958220761208 ], [ 127.16298076167412, 37.247106341204535 ], [ 127.163084961972586, 37.247245488997393 ], [ 127.163454972054268, 37.247678375499568 ], [ 127.163558019085244, 37.247786781472051 ], [ 127.166141574073265, 37.250237844617111 ], [ 127.166330862621308, 37.250434385833714 ], [ 127.166402984797188, 37.250531005937056 ], [ 127.166511810729133, 37.250704912740652 ], [ 127.166591766404551, 37.250892655842783 ], [ 127.166645634884844, 37.251214255286001 ], [ 127.166637512361262, 37.25138030460451 ], [ 127.166592711807894, 37.251588283566178 ], [ 127.166493959147545, 37.251793293599818 ], [ 127.166390315002957, 37.251945117196506 ], [ 127.166193146455981, 37.2521723883616 ], [ 127.163773301943067, 37.254610307321364 ], [ 127.163680305288537, 37.254713633941613 ], [ 127.162664022466629, 37.25596288620779 ], [ 127.162644989113502, 37.255986828065922 ], [ 127.162438036422898, 37.25625328475288 ], [ 127.161873412866328, 37.256936190186003 ], [ 127.161619806322591, 37.25714852496538 ], [ 127.160490550516514, 37.258004881786526 ], [ 127.160484976556575, 37.258009127961991 ], [ 127.159592438763113, 37.258692148143922 ], [ 127.1595360526793, 37.258737384862158 ], [ 127.158856111660356, 37.259309268305067 ], [ 127.158791183158655, 37.259367120001222 ], [ 127.158187347266562, 37.259937286544741 ], [ 127.158181352276415, 37.259943545864587 ], [ 127.158174728558862, 37.259949344993267 ], [ 127.158135624652886, 37.259991171582953 ], [ 127.158095348612974, 37.260032430437249 ], [ 127.156672182682428, 37.26164787853628 ], [ 127.156088820718864, 37.262274804891213 ], [ 127.155189859732317, 37.263135757622457 ], [ 127.154485686238971, 37.263804352413338 ], [ 127.154370353551357, 37.263927434608782 ], [ 127.154056084408907, 37.264305907533974 ], [ 127.153973915287906, 37.264415827005223 ], [ 127.153750333484027, 37.264749891081649 ], [ 127.153733438272965, 37.264775804285641 ], [ 127.153167852135667, 37.26566662400716 ], [ 127.152395030093686, 37.266842638214293 ], [ 127.152046308061756, 37.267316733928233 ], [ 127.152030176502763, 37.267339153032374 ], [ 127.151258980909105, 37.268435037011393 ], [ 127.150709266566722, 37.269126678390457 ], [ 127.150189098173868, 37.269761240176884 ], [ 127.149809794873249, 37.27016854905807 ], [ 127.149133219502488, 37.270850082982314 ], [ 127.149049849693483, 37.270941697815687 ], [ 127.148878404514065, 37.271147719814635 ], [ 127.148793604421769, 37.27126130410398 ], [ 127.148612967558563, 37.271532589308151 ], [ 127.148571117566533, 37.271599886076544 ], [ 127.148436007870345, 37.271833201233761 ], [ 127.148408965716214, 37.271882445373294 ], [ 127.147771713502024, 37.273108571558694 ], [ 127.147497727345637, 37.273502363195362 ], [ 127.147324219806919, 37.273694125805086 ], [ 127.147288644255283, 37.273723934668844 ], [ 127.147204761840598, 37.273774427659461 ], [ 127.146917530014221, 37.273922327292475 ], [ 127.146663604837983, 37.274030916184046 ], [ 127.146564587309939, 37.27406298865067 ], [ 127.146362786840726, 37.274104760508948 ], [ 127.146177863271859, 37.274130036896537 ], [ 127.146035879300882, 37.274137114522674 ], [ 127.145778389178446, 37.274129620356184 ], [ 127.145661081347029, 37.27411834770129 ], [ 127.145459543007306, 37.274085969995525 ], [ 127.145327097055969, 37.274055108378384 ], [ 127.145104376382676, 37.27397650413522 ], [ 127.144492785806037, 37.273745217080986 ], [ 127.144478945206501, 37.273740632837743 ], [ 127.144465610565504, 37.273735174245857 ], [ 127.142873780394069, 37.273160492503067 ], [ 127.142845356295993, 37.273150480627514 ], [ 127.142400377158225, 37.272997626551799 ], [ 127.142042245731801, 37.272864009558653 ], [ 127.142036578327904, 37.272861905245819 ], [ 127.141054081274618, 37.272498858822864 ], [ 127.140984967326673, 37.272474798573462 ], [ 127.140562893317195, 37.272336720196947 ], [ 127.140329809432799, 37.272246264058317 ], [ 127.140012254244638, 37.272077336993867 ], [ 127.139866209945552, 37.271967177469143 ], [ 127.139775738501982, 37.271874549806903 ], [ 127.139728644078119, 37.271796340936547 ], [ 127.139682445557099, 37.271662532572911 ], [ 127.139487988889528, 37.271092583755241 ], [ 127.139320141645712, 37.270534534240745 ], [ 127.139301020524869, 37.270476634651367 ], [ 127.139164393092884, 37.270097182126868 ], [ 127.139117477895013, 37.269985456898326 ], [ 127.139058567690256, 37.269877420928808 ], [ 127.138992151578734, 37.269768807046688 ], [ 127.138878559550022, 37.269610967147898 ], [ 127.13879513022448, 37.269511240562096 ], [ 127.13871940848388, 37.269427796249914 ], [ 127.138635952824359, 37.269349204575697 ], [ 127.138479652251689, 37.269212904507874 ], [ 127.138387059649133, 37.269138210673397 ], [ 127.138287484788975, 37.269069492742361 ], [ 127.137694214948851, 37.268691224561337 ], [ 127.137680900261998, 37.268683558287201 ], [ 127.137668381887039, 37.268675078251292 ], [ 127.137035761985445, 37.268287509637403 ], [ 127.136954259466435, 37.268240580506273 ], [ 127.135906516688607, 37.267674269782297 ], [ 127.135709265273988, 37.267582506315769 ], [ 127.134676650291226, 37.267173986997115 ], [ 127.134531531649515, 37.267123189864648 ], [ 127.134381104005328, 37.267083464577887 ], [ 127.133149666119991, 37.266808644960712 ], [ 127.133024220221486, 37.266784727423477 ], [ 127.132896859220054, 37.266768516656839 ], [ 127.132136656130669, 37.266695372897097 ], [ 127.131898997903889, 37.266685976125409 ], [ 127.130963020366366, 37.266701647576667 ], [ 127.130795027692372, 37.266711160750361 ], [ 127.130275815550419, 37.266761419445388 ], [ 127.130106872324674, 37.266784766507826 ], [ 127.129530669253157, 37.266888669648502 ], [ 127.129409476991256, 37.266914329268985 ], [ 127.129290995095232, 37.266947091439548 ], [ 127.128453678585615, 37.267206763638548 ], [ 127.128308780381644, 37.26725806273744 ], [ 127.127589521113904, 37.267545629502351 ], [ 127.127399718833928, 37.267634277161918 ], [ 127.12679841297583, 37.267958750916378 ], [ 127.126709303658131, 37.268010283107643 ], [ 127.125658874006078, 37.268660342674622 ], [ 127.125630454859063, 37.268678322067217 ], [ 127.124982943920628, 37.269097060858684 ], [ 127.124981110117147, 37.269098370821418 ], [ 127.12497906304452, 37.269099574150019 ], [ 127.124965924781108, 37.269109015309887 ], [ 127.12495199172605, 37.269117568268236 ], [ 127.124906080021503, 37.269151967901649 ], [ 127.124859158408725, 37.269185485874331 ], [ 127.124857492040633, 37.269186934961439 ], [ 127.124855604928598, 37.269188291035817 ], [ 127.124843690388374, 37.269198713647356 ], [ 127.124830870309623, 37.269208319144383 ], [ 127.124195929256274, 37.269733147103899 ], [ 127.123942377876759, 37.269940909671483 ], [ 127.123824432706741, 37.270048377190001 ], [ 127.123648101112735, 37.270227302132035 ], [ 127.12278864645981, 37.271041431890112 ], [ 127.122760566158433, 37.271068747622216 ], [ 127.122441557716314, 37.271387473650393 ], [ 127.122366606034944, 37.271453052194907 ], [ 127.120299469662712, 37.273048440944258 ], [ 127.119269535815448, 37.273829714155433 ], [ 127.119249136025715, 37.273845450257028 ], [ 127.119236428997709, 37.273855417979526 ], [ 127.119228707066782, 37.273857666883671 ], [ 127.118985267962557, 37.273906490241146 ], [ 127.118096813830874, 37.274029148274074 ], [ 127.117738515093166, 37.27407538691223 ], [ 127.117661123553674, 37.274080736756446 ], [ 127.117669142792067, 37.272666902378546 ], [ 127.117669154055591, 37.272664409451579 ], [ 127.11767601701861, 37.270624530558379 ], [ 127.117690171607961, 37.267958443609416 ], [ 127.117699365648193, 37.266201292397497 ], [ 127.117697440314927, 37.266130902974794 ], [ 127.117636075220389, 37.265107702108999 ], [ 127.117622534631565, 37.264989940449119 ], [ 127.117596171202351, 37.264873574850881 ], [ 127.117336266286458, 37.263957027595438 ], [ 127.11729874178549, 37.263846602182205 ], [ 127.117249669826521, 37.263739108074276 ], [ 127.117189401909741, 37.263635315140824 ], [ 127.116829482747548, 37.263078460626723 ], [ 127.116746921033084, 37.262964664823727 ], [ 127.116650914931839, 37.262857819927788 ], [ 127.116199610280702, 37.262403908764782 ], [ 127.116114738972584, 37.262324984143994 ], [ 127.116022524358797, 37.262251510666211 ], [ 127.115251263508938, 37.261682573152477 ], [ 127.115114697408387, 37.26159195853154 ], [ 127.114967004517638, 37.261513279515931 ], [ 127.114098096304986, 37.261101297576815 ], [ 127.113935964821124, 37.261033614097641 ], [ 127.113765638401119, 37.260980317878669 ], [ 127.112782221509107, 37.260720656885624 ], [ 127.112625030558675, 37.260685773025195 ], [ 127.11246436663771, 37.260663153700598 ], [ 127.111552276342323, 37.260570719242324 ], [ 127.11142575053718, 37.260561738525425 ], [ 127.108860338503362, 37.260457008143277 ], [ 127.107993518602484, 37.260418509870533 ], [ 127.107360731569841, 37.260303198952826 ], [ 127.107208846965364, 37.260281292865983 ], [ 127.107055096651479, 37.260270542436906 ], [ 127.106157513356337, 37.260240659889043 ], [ 127.104363696531692, 37.260161219494215 ], [ 127.103664431229774, 37.260107564471802 ], [ 127.102478029103992, 37.259998545542402 ], [ 127.102474913526081, 37.259998261573138 ], [ 127.096760105877095, 37.259481532512417 ], [ 127.096674986275715, 37.259475569841868 ], [ 127.094920961976499, 37.259388299233798 ], [ 127.094761310115047, 37.259386389463366 ], [ 127.093553468690729, 37.259417526708646 ], [ 127.09344270137025, 37.259423294145982 ], [ 127.091928987903771, 37.259542072392023 ], [ 127.091845464858622, 37.25955030698487 ], [ 127.090192022347367, 37.259746796098923 ], [ 127.09008373252361, 37.259762557854749 ], [ 127.08844640484476, 37.260045136397302 ], [ 127.08838425111044, 37.260056848319159 ], [ 127.087019022096158, 37.260335938061324 ], [ 127.085144692686541, 37.260685101837112 ], [ 127.08424451759835, 37.260837398007276 ], [ 127.083568052190486, 37.260824823926818 ], [ 127.083159732596656, 37.260761003084589 ], [ 127.082773873502688, 37.26066590446829 ], [ 127.082350170482101, 37.260536973842456 ], [ 127.082105080797604, 37.260398825321531 ], [ 127.081721095608842, 37.260141534257784 ], [ 127.081100777518756, 37.259530381676882 ], [ 127.080323018746327, 37.258680287665591 ], [ 127.080312755341524, 37.258670153382319 ], [ 127.080303523228665, 37.258659404009961 ], [ 127.077554136322121, 37.25577256558568 ], [ 127.077550295185134, 37.255768547829028 ], [ 127.074722932143786, 37.252822465668991 ], [ 127.074696995302475, 37.252796121223611 ], [ 127.073937714913384, 37.252044267842699 ], [ 127.072627480514527, 37.250639929991991 ], [ 127.072621947580174, 37.250634569891268 ], [ 127.072617024673292, 37.250628842182863 ], [ 127.069233867755528, 37.247079052158298 ], [ 127.069217725314289, 37.247062384751196 ], [ 127.068583162774615, 37.246417624345149 ], [ 127.068573407725168, 37.246407806431982 ], [ 127.068272759356461, 37.246108083008984 ], [ 127.068160929564641, 37.246007322387101 ], [ 127.067999114670613, 37.245875391858441 ], [ 127.067883317939675, 37.245789411577825 ], [ 127.067687692823199, 37.24565721485969 ], [ 127.067539703777484, 37.245567852805507 ], [ 127.067380365813023, 37.245491981802893 ], [ 127.067128057908405, 37.245386371238794 ], [ 127.067100667924976, 37.245375158961394 ], [ 127.066859520212375, 37.245278646580751 ], [ 127.06663745209913, 37.245205044224832 ], [ 127.066463316993747, 37.245158618743375 ], [ 127.066320538452757, 37.245126045475864 ], [ 127.066174736663299, 37.245103608839422 ], [ 127.064739718718357, 37.244934608177623 ], [ 127.06470904188572, 37.244931224300949 ], [ 127.06238446179664, 37.244692099136437 ], [ 127.062357789338606, 37.244689527115661 ], [ 127.061918696383941, 37.244650010649899 ], [ 127.061825499075155, 37.244643703737367 ], [ 127.060265299670988, 37.244572779045662 ], [ 127.06025049987484, 37.244572158162164 ], [ 127.057455981394924, 37.244464702128788 ], [ 127.051304673108959, 37.244165468281288 ], [ 127.051205374648646, 37.244162972336966 ], [ 127.051028208381524, 37.244162681068744 ], [ 127.05086989435145, 37.24416835633 ], [ 127.050731694361346, 37.24417851381866 ], [ 127.050579202644286, 37.244195346052749 ], [ 127.050429256925867, 37.244223193397794 ], [ 127.050293620282659, 37.244253645533249 ], [ 127.05016376628393, 37.244287375819397 ], [ 127.050037738703168, 37.244329370230417 ], [ 127.04991317420297, 37.244375679789769 ], [ 127.049771855451525, 37.244434851418944 ], [ 127.049638138844273, 37.244504404618226 ], [ 127.04954163625986, 37.244559949624744 ], [ 127.049428122916183, 37.24463136192972 ], [ 127.049118442917973, 37.244843914494609 ], [ 127.047371246167657, 37.246000251882982 ], [ 127.045328943303645, 37.247352955232898 ], [ 127.04322768008997, 37.248738818621071 ], [ 127.041122337518885, 37.250114252147419 ], [ 127.041106570306312, 37.250124680442639 ], [ 127.040734252221512, 37.250373975229948 ], [ 127.040657483718306, 37.250428635038496 ], [ 127.040489610412649, 37.250555682564794 ], [ 127.040414172464708, 37.250616510334304 ], [ 127.040237531189732, 37.250768266602741 ], [ 127.04012492552998, 37.250875668924685 ], [ 127.039996385045882, 37.251012045064527 ], [ 127.039958980169217, 37.251053326654358 ], [ 127.039733064443027, 37.251312814400855 ], [ 127.039673504288871, 37.251386176702447 ], [ 127.039413591796347, 37.251730193749189 ], [ 127.03939839650927, 37.251752736325344 ], [ 127.039381529076778, 37.251774505756401 ], [ 127.038470602387022, 37.253090275196243 ], [ 127.038435937886518, 37.253143058726891 ], [ 127.037671981566419, 37.254371370598619 ], [ 127.037303012103749, 37.25494845421948 ], [ 127.036322553689914, 37.25527001632949 ], [ 127.036205318466259, 37.255312703996047 ], [ 127.036111839504457, 37.255350240541631 ], [ 127.035927083626234, 37.255436536953979 ], [ 127.035836278985016, 37.255485358676495 ], [ 127.035715200632353, 37.255556913509679 ], [ 127.035632792182227, 37.255610308825254 ], [ 127.035514084191348, 37.255694917442753 ], [ 127.035425838808308, 37.255764034253644 ], [ 127.035348094066549, 37.255829119041117 ], [ 127.035268273556781, 37.255900556996863 ], [ 127.035198013452941, 37.255967691473977 ], [ 127.035132339823775, 37.256034738987267 ], [ 127.035026611144232, 37.256155747364879 ], [ 127.034969305011501, 37.2562296210778 ], [ 127.03492007897556, 37.256297387587054 ], [ 127.034868379874027, 37.25637355962219 ], [ 127.034841256682327, 37.256415233420562 ], [ 127.034792346699035, 37.256493680846688 ], [ 127.034752683068206, 37.256562000946808 ], [ 127.034700725305115, 37.256658445371023 ], [ 127.03464817096382, 37.256769094083403 ], [ 127.034607923488792, 37.256882992541016 ], [ 127.0345814133711, 37.256972885900026 ], [ 127.034561255165144, 37.257051660553763 ], [ 127.034537304568815, 37.257161849323282 ], [ 127.034529681688539, 37.257200172662266 ], [ 127.034393224612359, 37.257955978767477 ], [ 127.034392093898035, 37.25796234864773 ], [ 127.034167297805254, 37.259250746716589 ], [ 127.03407860604564, 37.259673049194369 ], [ 127.030224743665173, 37.26065623711267 ], [ 127.030221597017544, 37.260657178127808 ], [ 127.030218353575123, 37.260657878382908 ], [ 127.026555971061029, 37.261604889704991 ], [ 127.020533123542236, 37.263145657670677 ], [ 127.020241080106103, 37.263210308227258 ], [ 127.020227367587282, 37.263213210039957 ], [ 127.020141260048675, 37.263219206721985 ], [ 127.020061927651568, 37.263226242301272 ], [ 127.019751457709219, 37.263259719299299 ], [ 127.019716793770201, 37.263263749440299 ], [ 127.019520675158631, 37.263288210435974 ], [ 127.019313292823384, 37.263312626677184 ], [ 127.019144403715302, 37.263339593412269 ], [ 127.018652691395928, 37.263439149657451 ], [ 127.018610722986267, 37.263448106669259 ], [ 127.016694179516733, 37.263878265810199 ], [ 127.016692078449481, 37.263878738534068 ], [ 127.01524933134246, 37.264204138249134 ], [ 127.014426714156571, 37.26437100857315 ], [ 127.013995485083584, 37.264454406105187 ], [ 127.013606341885065, 37.264518273109921 ], [ 127.013516872647386, 37.264534992723213 ], [ 127.013042055200444, 37.264634666122468 ], [ 127.012953578453576, 37.264655313805058 ], [ 127.012427560817912, 37.264790602025691 ], [ 127.012375492654527, 37.264804743920287 ], [ 127.011962438928308, 37.264922949264452 ], [ 127.01184179975921, 37.264961714726205 ], [ 127.011558620245552, 37.265062979318287 ], [ 127.011534822971043, 37.265071666274615 ], [ 127.011132627865777, 37.265221497363598 ], [ 127.010923672583502, 37.265314227109613 ], [ 127.010651234020045, 37.265456128124576 ], [ 127.010596715351383, 37.26548574966295 ], [ 127.010040149319153, 37.265800990051432 ], [ 127.010034252792494, 37.265804344998593 ], [ 127.009210697782322, 37.266275042217707 ], [ 127.009094109518983, 37.266348046883728 ], [ 127.008866580167123, 37.266503835425262 ], [ 127.008832812638062, 37.266527585173549 ], [ 127.008684844258369, 37.266634478631978 ], [ 127.008572592352678, 37.266723535524399 ], [ 127.008471237428154, 37.266820581701722 ], [ 127.008339765043942, 37.266959150790456 ], [ 127.008246307609255, 37.267068367616211 ], [ 127.008160282052287, 37.26718028401438 ], [ 127.008115536719714, 37.267242099078516 ], [ 127.007914356617903, 37.267537774944422 ], [ 127.007867874674346, 37.26761134779953 ], [ 127.007853507028656, 37.267635923565187 ], [ 127.004784783260419, 37.266493076598735 ], [ 127.004776501457229, 37.266490013856227 ], [ 127.002021825757396, 37.26547844561631 ], [ 127.007291938794566, 37.256735203712118 ], [ 127.008469603363679, 37.255234930928424 ], [ 127.011025499620274, 37.252622628243309 ], [ 127.011128714563, 37.252504695203825 ], [ 127.012067706952436, 37.251299992041631 ], [ 127.012148635751359, 37.251183791077572 ], [ 127.01221489164962, 37.251061796394843 ], [ 127.015414439696642, 37.244274180524805 ], [ 127.018521939809801, 37.238626252749988 ], [ 127.018541336188648, 37.238589537628201 ], [ 127.018769471184953, 37.238139300114106 ], [ 127.021215833841097, 37.233446598965017 ], [ 127.021217358888762, 37.233443663651734 ], [ 127.023404178041503, 37.229220350824868 ], [ 127.023920209442295, 37.228223563288076 ], [ 127.024052476587343, 37.22797605188557 ], [ 127.024053615023135, 37.227973916452399 ], [ 127.02412146084967, 37.227846350217781 ], [ 127.024133270647738, 37.227823570350779 ], [ 127.024547603752183, 37.227003289000621 ], [ 127.024586441541956, 37.226930813958106 ], [ 127.024602933236892, 37.226898920525933 ], [ 127.024755254149483, 37.226593357444493 ], [ 127.026683789864975, 37.222858057942325 ], [ 127.027629806379494, 37.22106347971836 ], [ 127.027630772395412, 37.221061643375037 ], [ 127.028361284151771, 37.21967008499216 ], [ 127.028362493640358, 37.21966777498799 ], [ 127.030043124319363, 37.216449422049443 ], [ 127.030092603167489, 37.216355505541252 ], [ 127.031353646641747, 37.213959434148443 ], [ 127.0313582290499, 37.213950640427647 ], [ 127.032410825919726, 37.211910415966173 ], [ 127.032828994578409, 37.211108241281508 ], [ 127.032830179797443, 37.211105961787467 ], [ 127.033242011083317, 37.210311846568629 ], [ 127.033248171742784, 37.210299803697865 ], [ 127.033322984277575, 37.210151527949208 ], [ 127.033474094183788, 37.209871454352346 ], [ 127.033497326924603, 37.209838681869201 ], [ 127.033589195020298, 37.209688025969825 ], [ 127.033800358760033, 37.209279182923588 ], [ 127.033809992483114, 37.209260121121289 ], [ 127.033973033864427, 37.208930322191037 ], [ 127.034007403880324, 37.208872318781033 ], [ 127.034022758038944, 37.208845663085789 ], [ 127.034283088423109, 37.208380492879186 ], [ 127.034640588316506, 37.207786087570028 ], [ 127.034657270872103, 37.20775446476663 ], [ 127.034675814951058, 37.207723498400767 ], [ 127.034676578799122, 37.207721816944108 ], [ 127.034677536352461, 37.207720207055779 ], [ 127.035017466500179, 37.207067986211896 ], [ 127.035020060058201, 37.207062981722522 ], [ 127.03519342733054, 37.206726549508069 ], [ 127.035583595784232, 37.205978214421542 ], [ 127.035628835808453, 37.205881130485729 ], [ 127.036063980339591, 37.20482535407659 ], [ 127.036783882528596, 37.203450794596122 ], [ 127.036903178696008, 37.203291530159682 ], [ 127.036983510885591, 37.203170830703463 ], [ 127.037116832531694, 37.20294349357318 ], [ 127.037617869472072, 37.202478513247208 ], [ 127.038119158351151, 37.202125324282761 ], [ 127.038585190551728, 37.201827291882935 ], [ 127.039110055668772, 37.201594103657598 ], [ 127.040110883795293, 37.20140843676581 ], [ 127.040157638905413, 37.201399199453682 ], [ 127.041969037091263, 37.201019327855526 ], [ 127.042087116011288, 37.200990843337365 ], [ 127.044736776755755, 37.200266265281613 ], [ 127.044835107759496, 37.200236612579261 ], [ 127.046885691617675, 37.199559256278484 ], [ 127.047099078262065, 37.199474216009648 ], [ 127.052768570809221, 37.196799700548191 ], [ 127.052804846325074, 37.196780607722893 ], [ 127.052842353330362, 37.196762815616303 ], [ 127.052874229852677, 37.196744089160724 ], [ 127.05290713576241, 37.196726769799746 ], [ 127.052940902655848, 37.1967049209251 ], [ 127.052976042967515, 37.196684277033583 ], [ 127.05300546641088, 37.196663144873114 ], [ 127.053036097298232, 37.19664332509354 ], [ 127.053067030087774, 37.196618929268695 ], [ 127.053099465556713, 37.196595633779786 ], [ 127.053126152956594, 37.196572300650963 ], [ 127.053154213428158, 37.196550170080457 ], [ 127.053182013606943, 37.196523460916296 ], [ 127.053211432461168, 37.196497739571271 ], [ 127.0532351275005, 37.196472431399705 ], [ 127.053260346627383, 37.196448201927808 ], [ 127.053284745540196, 37.196419435347529 ], [ 127.053310865385214, 37.196391537216286 ], [ 127.053331340855422, 37.196364498894852 ], [ 127.053353474789887, 37.19633840267776 ], [ 127.053374236234674, 37.196307854501519 ], [ 127.053396806758684, 37.196278049533952 ], [ 127.053413866729088, 37.19624954252032 ], [ 127.053432701071344, 37.196221829788541 ], [ 127.053449623599946, 37.196189793123111 ], [ 127.053468428957984, 37.196158369502733 ], [ 127.05348191063365, 37.196128669261107 ], [ 127.053497262525042, 37.196099605949321 ], [ 127.053510181419725, 37.196066388406408 ], [ 127.053525042274941, 37.196033649733302 ], [ 127.053534817526, 37.19600304304663 ], [ 127.053546537447673, 37.195972908266953 ], [ 127.053555326353347, 37.195938829035185 ], [ 127.053566101557237, 37.195905091367166 ], [ 127.05357207810647, 37.195873873547043 ], [ 127.053580051364506, 37.195842956928914 ], [ 127.053584623558876, 37.195808343726597 ], [ 127.053591211455824, 37.195773932508295 ], [ 127.053593333715114, 37.195742404530264 ], [ 127.053597481596043, 37.195711003451422 ], [ 127.053597790883401, 37.195676189388223 ], [ 127.053600130229668, 37.195641436298793 ], [ 127.053598379778833, 37.195609901891736 ], [ 127.053598660362681, 37.19557831862619 ], [ 127.053594701580849, 37.195543639003333 ], [ 127.053592772070587, 37.195508878753742 ], [ 127.05358716777647, 37.195477641471747 ], [ 127.05358357639733, 37.195446180281621 ], [ 127.053575385529896, 37.195411969361082 ], [ 127.053569207926472, 37.195377536472336 ], [ 127.053559805703372, 37.195346896777281 ], [ 127.053552375050614, 37.19531586097672 ], [ 127.053540028941555, 37.195282448750596 ], [ 127.053529664814775, 37.195248674343652 ], [ 127.053516557030562, 37.195218926726511 ], [ 127.053505356887882, 37.195188615745693 ], [ 127.053488972558597, 37.195156324737397 ], [ 127.053474523633042, 37.195123533365361 ], [ 127.053457838168896, 37.195094963533208 ], [ 127.053442974791523, 37.1950656700119 ], [ 127.053422708364792, 37.195034812140626 ], [ 127.053404315487654, 37.195003318692841 ], [ 127.053384214462625, 37.19497620084794 ], [ 127.053365829596729, 37.194948207786943 ], [ 127.053341874836008, 37.19491908132683 ], [ 127.05331971657661, 37.19488918803372 ], [ 127.053296394750561, 37.194863782269628 ], [ 127.053274664302748, 37.194837360268913 ], [ 127.053247250779123, 37.194810246933599 ], [ 127.053221541675057, 37.194782240499421 ], [ 127.05319522454721, 37.194758790337694 ], [ 127.053170356915516, 37.194734194949383 ], [ 127.053139747818946, 37.194709357131671 ], [ 127.05311073628711, 37.194683506021278 ], [ 127.053081677909077, 37.194662236111121 ], [ 127.053053911990617, 37.194639705334012 ], [ 127.053020401605451, 37.194617383529071 ], [ 127.052988367539044, 37.19459393543292 ], [ 127.052956848064213, 37.194575049434015 ], [ 127.05292645095831, 37.194554801375894 ], [ 127.052890361826982, 37.194535211814639 ], [ 127.05285561390194, 37.194514391314598 ], [ 127.052821936895128, 37.194498069981741 ], [ 127.052789201323236, 37.194480300713408 ], [ 127.052750881125775, 37.19446363323086 ], [ 127.052713753842681, 37.194445639687245 ], [ 127.052678243375141, 37.194432039173613 ], [ 127.052643484843628, 37.194416920797224 ], [ 127.052603303023403, 37.194403336958374 ], [ 127.052564153512392, 37.194388342636586 ], [ 127.052527151070038, 37.194377593030055 ], [ 127.052490704803191, 37.194365271982107 ], [ 127.052449048972321, 37.194354903484779 ], [ 127.05240825359121, 37.194343051938006 ], [ 127.052370114824498, 37.194335256043402 ], [ 127.052332332498409, 37.194325851649864 ], [ 127.052289604659165, 37.194318799022 ], [ 127.052247555415832, 37.194310203743711 ], [ 127.052208646760661, 37.194305436120914 ], [ 127.05216989307155, 37.194299039420372 ], [ 127.052126505691447, 37.194295371025063 ], [ 127.052083606523183, 37.194290114383172 ], [ 127.052044301724621, 37.194288420649713 ], [ 127.052004950825193, 37.194285093496198 ], [ 127.051961322806079, 37.194284844855687 ], [ 127.051917985749782, 37.194282977317322 ], [ 127.051878662318785, 37.194284373721132 ], [ 127.051839094160272, 37.194284148176678 ], [ 127.051795646742235, 37.194287321621943 ], [ 127.051752288029704, 37.194288861275822 ], [ 127.051713323665908, 37.19429333454184 ], [ 127.051673920282127, 37.194296212564687 ], [ 127.05163107292401, 37.194302777214645 ], [ 127.051588109037738, 37.194307709595364 ], [ 127.051549878050011, 37.194315217047375 ], [ 127.051511019821675, 37.194321170479121 ], [ 127.051469186100249, 37.19433106254958 ], [ 127.051427029825518, 37.194339340765247 ], [ 127.051389899582418, 37.194349810721995 ], [ 127.051351961520083, 37.194358781573513 ], [ 127.051311545090257, 37.194371905012197 ], [ 127.051270601598148, 37.194383450175053 ], [ 127.05123492904066, 37.194396782617424 ], [ 127.051198277123959, 37.194408683650266 ], [ 127.051159667780183, 37.19442491109136 ], [ 127.051120330778303, 37.194439613047678 ], [ 127.051086459026251, 37.194455680551386 ], [ 127.051051446636563, 37.194470396148091 ], [ 127.045485002508002, 37.197096278379973 ], [ 127.043593511274821, 37.19772107920155 ], [ 127.04105205818982, 37.198416065033882 ], [ 127.039323700576332, 37.198778521471311 ], [ 127.039141887605382, 37.198812250843794 ], [ 127.039501466080495, 37.198011582465732 ], [ 127.040169796196139, 37.196759897576051 ], [ 127.04183089960739, 37.193759489921547 ], [ 127.041833402072044, 37.193754947079043 ], [ 127.043562702663124, 37.190599836634917 ], [ 127.043590714401802, 37.190545550467981 ], [ 127.044040472018011, 37.189617251864732 ], [ 127.045011008371404, 37.187761457842036 ], [ 127.045884530179762, 37.186496741139933 ], [ 127.048609733958997, 37.18435894947519 ], [ 127.049733955233521, 37.183607571639286 ], [ 127.049759227438443, 37.183590340485836 ], [ 127.05100705060201, 37.182722454877663 ], [ 127.052616160192528, 37.181774862698298 ], [ 127.052697962935028, 37.181723510563693 ], [ 127.053469674602511, 37.181207593973227 ], [ 127.05681113849694, 37.179048340143567 ], [ 127.056839246160351, 37.179029771714987 ], [ 127.059642275728791, 37.177136911863457 ], [ 127.059757798845766, 37.177051207531427 ], [ 127.061390223234895, 37.17572162617126 ], [ 127.061548346586164, 37.175572679573925 ], [ 127.062830177408017, 37.174171352048724 ], [ 127.062920015760369, 37.174062479179796 ], [ 127.062996322774595, 37.173947184411432 ], [ 127.063835280733656, 37.172516650290817 ], [ 127.063892072885523, 37.172407675250142 ], [ 127.063936767836992, 37.172295150841194 ], [ 127.064311331798223, 37.171186607081872 ], [ 127.064333887773699, 37.171111368678588 ], [ 127.064717826932721, 37.169647170325383 ], [ 127.06695267291758, 37.161134095982057 ], [ 127.066957897054564, 37.161113391109716 ], [ 127.067204193266832, 37.160096348475825 ], [ 127.067433859660682, 37.159153130301512 ], [ 127.067772089637188, 37.157775296990458 ], [ 127.067772417114156, 37.15777395937215 ], [ 127.068112982846259, 37.156379126303896 ], [ 127.068334551764465, 37.155478123039778 ], [ 127.068715667886423, 37.153921751791444 ], [ 127.068878329997915, 37.153262170198616 ], [ 127.068882349291655, 37.153245309537631 ], [ 127.068948860035036, 37.152956349754753 ], [ 127.068988530446603, 37.152783131437324 ], [ 127.068990561508855, 37.152774089669201 ], [ 127.069013284428195, 37.152670921854018 ], [ 127.069017962607134, 37.15264858959376 ], [ 127.069070822493984, 37.152382613583036 ], [ 127.069077877608692, 37.152343423970095 ], [ 127.069118228824806, 37.152093400826395 ], [ 127.069122212080501, 37.15206662039693 ], [ 127.069150430918043, 37.151859304818565 ], [ 127.069156312573242, 37.151806497430492 ], [ 127.069165733407942, 37.151697874915754 ], [ 127.069166223352312, 37.151692043436462 ], [ 127.069186930317883, 37.151437360638276 ], [ 127.069189707791367, 37.151390857325872 ], [ 127.069199027281243, 37.151146785901155 ], [ 127.069199776840534, 37.151096306855898 ], [ 127.069197905653013, 37.150875520202121 ], [ 127.069197454449267, 37.150852124813802 ], [ 127.069190451623385, 37.150619470847261 ], [ 127.069188572345453, 37.150580448492335 ], [ 127.069171944340155, 37.150329415221108 ], [ 127.069169071873844, 37.150294567642973 ], [ 127.06913746271232, 37.14997414403598 ], [ 127.069135466336562, 37.149955543812993 ], [ 127.069081050860106, 37.14948653970275 ], [ 127.069079124572895, 37.149470921916212 ], [ 127.069017842487114, 37.149001914956159 ], [ 127.068946050291231, 37.148442996267711 ], [ 127.068945111485476, 37.148435872895959 ], [ 127.068880921560989, 37.147960878393647 ], [ 127.068875364171916, 37.147924398233116 ], [ 127.068851219395981, 37.147782034707625 ], [ 127.068785149185885, 37.147340871911908 ], [ 127.06878166051014, 37.147319077174345 ], [ 127.068700268106113, 37.146841413159656 ], [ 127.068616181365414, 37.146349424151694 ], [ 127.0683862477227, 37.144680003080069 ], [ 127.068230725287563, 37.143520711278313 ], [ 127.068071983499223, 37.142118037069757 ], [ 127.068011157860496, 37.141423773508961 ], [ 127.067994811640801, 37.140854507925717 ], [ 127.067993243111616, 37.140819560294652 ], [ 127.067943437903651, 37.140003944845695 ], [ 127.067936714718698, 37.139932606036822 ], [ 127.067781391027452, 37.138714885529325 ], [ 127.067780813040059, 37.138710427233661 ], [ 127.067640793183045, 37.137647531585579 ], [ 127.067491855870998, 37.136437261613999 ], [ 127.06737058233098, 37.135384512770791 ], [ 127.067369610063224, 37.135376343757351 ], [ 127.066986486356583, 37.132257455175171 ], [ 127.066530691182123, 37.128562956370516 ], [ 127.066405982235537, 37.127534412406142 ], [ 127.066369938745837, 37.127235902486412 ], [ 127.066369412393541, 37.127231614587465 ], [ 127.066141506994143, 37.125404855236894 ], [ 127.065985692223848, 37.124093425048201 ], [ 127.065985337936979, 37.12409047734819 ], [ 127.065827540863651, 37.122792476537882 ], [ 127.065826948532361, 37.122787692300392 ], [ 127.065645362677984, 37.121347095144785 ], [ 127.065513107899989, 37.120240863155445 ], [ 127.065509761873642, 37.120215415836434 ], [ 127.065479962407522, 37.120007678118192 ], [ 127.065296198939436, 37.118449622321371 ], [ 127.065294668286825, 37.118437251990443 ], [ 127.065138812905118, 37.117234043111189 ], [ 127.065020880202113, 37.116261764718637 ], [ 127.065020500847581, 37.116258674037915 ], [ 127.064850886162148, 37.114892876681125 ], [ 127.064707035845657, 37.113690609848099 ], [ 127.064706263853665, 37.113684312832454 ], [ 127.064573492451615, 37.11262675446325 ], [ 127.064394059446869, 37.111171998899437 ], [ 127.064217308817803, 37.109715247306951 ], [ 127.064216754999421, 37.10971222997221 ], [ 127.06421655598308, 37.109709184378289 ], [ 127.063969705940295, 37.10776561529746 ], [ 127.063969049251611, 37.107760539882683 ], [ 127.06380488886019, 37.106514689898262 ], [ 127.06369430688494, 37.105627739720155 ], [ 127.063691338344256, 37.10560575011452 ], [ 127.063634668499546, 37.10521583037751 ], [ 127.063497019208157, 37.104063016476807 ], [ 127.063496183837174, 37.104056202237501 ], [ 127.063409801734352, 37.103369448837292 ], [ 127.063337426821278, 37.102739412547109 ], [ 127.063335680945016, 37.102725054220819 ], [ 127.063259860953579, 37.102134184646651 ], [ 127.063146480882295, 37.101192993854752 ], [ 127.063145808289761, 37.101187526663061 ], [ 127.063054694311475, 37.10046200230763 ], [ 127.062981101827404, 37.099865680401336 ], [ 127.062851908394194, 37.098803687093422 ], [ 127.062851151436021, 37.09879760702961 ], [ 127.062749760498193, 37.0980014259802 ], [ 127.062637796222205, 37.09706183034406 ], [ 127.06263722114636, 37.097057092478053 ], [ 127.062561447116764, 37.096444015909277 ], [ 127.062559496393121, 37.096429079304073 ], [ 127.06252400008151, 37.096171135736789 ], [ 127.062520886208333, 37.096150031943537 ], [ 127.062497226314292, 37.095999816810888 ], [ 127.062471629123849, 37.095835506578645 ], [ 127.062470950967352, 37.095831209456158 ], [ 127.062449407525762, 37.095696434904212 ], [ 127.062444330435895, 37.095667208061705 ], [ 127.062389566398821, 37.095375320388627 ], [ 127.062380539306886, 37.095332004889542 ], [ 127.062319150755073, 37.095064282415791 ], [ 127.062287220719369, 37.094952120808919 ], [ 127.062284674551691, 37.094944657219294 ], [ 127.062266446603118, 37.094862594220011 ], [ 127.062246411451653, 37.094785488603151 ], [ 127.062195434755907, 37.094614436853099 ], [ 127.062182824933132, 37.094574790292434 ], [ 127.062117021705433, 37.094380248665303 ], [ 127.062097579364021, 37.094327105198907 ], [ 127.062075303495618, 37.094270535731695 ], [ 127.06200827411115, 37.094075338449272 ], [ 127.061983164214084, 37.094008928379289 ], [ 127.061954265640992, 37.093939016806587 ], [ 127.061838702752439, 37.093651603512022 ], [ 127.061831945899755, 37.093635160126823 ], [ 127.061676216274691, 37.093264189776896 ], [ 127.061674985001687, 37.093261267727101 ], [ 127.061429982325748, 37.092682005061782 ], [ 127.06106349348363, 37.091805541458811 ], [ 127.061057385254372, 37.091791200669782 ], [ 127.060665323660132, 37.090887317412083 ], [ 127.060547030459801, 37.090599824459716 ], [ 127.060539425396897, 37.090581770343952 ], [ 127.060243327669852, 37.089894854038988 ], [ 127.059758439640717, 37.088753634749921 ], [ 127.059751173196645, 37.088736892923748 ], [ 127.059598380534638, 37.088392159037049 ], [ 127.059245157622357, 37.087552814843811 ], [ 127.059241516593801, 37.087544257379498 ], [ 127.058598944157282, 37.086050369340263 ], [ 127.058123776985454, 37.084916296048178 ], [ 127.058120786198543, 37.084909222687479 ], [ 127.05767364215221, 37.083861222399328 ], [ 127.057672753262182, 37.083859144536206 ], [ 127.057218266703146, 37.082799531272862 ], [ 127.05686039579895, 37.081945582917442 ], [ 127.05672903111217, 37.081631847599859 ], [ 127.05643323295304, 37.080927462088809 ], [ 127.056308545654531, 37.080630936434602 ], [ 127.056177629987772, 37.080286071110706 ], [ 127.056066727007376, 37.079954806402206 ], [ 127.056035471236228, 37.079844234214711 ], [ 127.055986721952266, 37.079634447327976 ], [ 127.055921729259552, 37.079236263768301 ], [ 127.055885457062757, 37.078971403124271 ], [ 127.055866877462421, 37.078766085780138 ], [ 127.055866596763408, 37.078700175338902 ], [ 127.055886569709358, 37.078372354055325 ], [ 127.055922944637018, 37.078049622599458 ], [ 127.055983907727537, 37.07756342105462 ], [ 127.056056804487042, 37.077082615476328 ], [ 127.056060737696484, 37.077054159535038 ], [ 127.056155927919249, 37.076291779729864 ], [ 127.056160214039792, 37.076251329914847 ], [ 127.056243284033542, 37.075297728178619 ], [ 127.056379538187826, 37.073903559696753 ], [ 127.056379852096981, 37.073900296955451 ], [ 127.056417448010066, 37.073503257695215 ], [ 127.056419782351057, 37.073474563930127 ], [ 127.056435675531475, 37.073240961969134 ], [ 127.056436164113322, 37.073233390129204 ], [ 127.056442776263211, 37.073125026552226 ], [ 127.056442913246016, 37.073122741985848 ], [ 127.056456259385598, 37.072896159790652 ], [ 127.056458128537102, 37.072836357067267 ], [ 127.056460179201409, 37.072272891193165 ], [ 127.05645741639033, 37.072191505407019 ], [ 127.056426552360008, 37.071760411767912 ], [ 127.056423083573819, 37.071721691101033 ], [ 127.056260762371764, 37.070213276520334 ], [ 127.05617934881468, 37.069464916154274 ], [ 127.05609446781915, 37.06866823282644 ], [ 127.056093389460983, 37.068658524352436 ], [ 127.056017544172406, 37.068002467953214 ], [ 127.055143570603633, 37.060065789748883 ], [ 127.055067320399175, 37.059366220818475 ], [ 127.055067216741563, 37.05923830351086 ], [ 127.055062148445927, 37.059134449896931 ], [ 127.055049902035506, 37.059008118327682 ], [ 127.055023180821124, 37.058677520001574 ], [ 127.055019661147199, 37.058641458576886 ], [ 127.054959421991597, 37.05811494890559 ], [ 127.054958372187713, 37.05810609364665 ], [ 127.054875435869093, 37.057430127305196 ], [ 127.054829921107583, 37.057006555571739 ], [ 127.054807966785077, 37.056782284188223 ], [ 127.054807681746027, 37.056780500507195 ], [ 127.054807610261051, 37.05677870316908 ], [ 127.054678633758755, 37.055504558824147 ], [ 127.054676943692769, 37.055488980733379 ], [ 127.054610919193038, 37.05491863373387 ], [ 127.054577718984078, 37.054618885962583 ], [ 127.054576068630354, 37.054604820375488 ], [ 127.054554029016487, 37.054426954709555 ], [ 127.054553075093992, 37.054419468183511 ], [ 127.054515976399443, 37.054136114974575 ], [ 127.054462155142772, 37.053605702488333 ], [ 127.054460681680965, 37.053592039301613 ], [ 127.054417574773254, 37.053214632311295 ], [ 127.054410798913707, 37.053165299752187 ], [ 127.054330886391028, 37.052667637679406 ], [ 127.054326086023949, 37.052639998658478 ], [ 127.054302692441922, 37.052514781532892 ], [ 127.054301204924428, 37.052508034363008 ], [ 127.054287259065731, 37.052389114558324 ], [ 127.054274929847153, 37.052202068794792 ], [ 127.054270678724563, 37.052018458483204 ], [ 127.05426445416677, 37.051730563447293 ], [ 127.054272671812797, 37.051642972566995 ], [ 127.054288585034584, 37.051489806550322 ], [ 127.054302952754611, 37.051395300333056 ], [ 127.054328419643682, 37.051258811234945 ], [ 127.054355338543104, 37.051126338195012 ], [ 127.054396410523466, 37.050986587935483 ], [ 127.054439980568276, 37.050846862677474 ], [ 127.054496957848173, 37.050688802785103 ], [ 127.054502177895401, 37.050674006928311 ], [ 127.054519575413096, 37.050623602054003 ], [ 127.054600495001026, 37.050428234296412 ], [ 127.054685787112106, 37.05025060883407 ], [ 127.054838176560963, 37.049943233785754 ], [ 127.054926097349323, 37.049775959206244 ], [ 127.054941828674757, 37.049744962793788 ], [ 127.055091513376937, 37.049439243235369 ], [ 127.055253404556041, 37.049111653177562 ], [ 127.055437213128016, 37.04873964708446 ], [ 127.055573033563647, 37.048469361328493 ], [ 127.055813116739785, 37.047999097489559 ], [ 127.055914805236199, 37.047809893676849 ], [ 127.056025224083712, 37.047613921510418 ], [ 127.056155948518452, 37.047399734183351 ], [ 127.056302506940767, 37.047175549832403 ], [ 127.056439708864517, 37.047004284184418 ], [ 127.056588543673385, 37.046829772629792 ], [ 127.056599334534653, 37.046818513162627 ], [ 127.056748773196375, 37.046670313644924 ], [ 127.056753895868894, 37.046665208183796 ], [ 127.056760508763944, 37.046658584710627 ], [ 127.05681949431262, 37.046613512583697 ], [ 127.056864375264993, 37.04657790922036 ], [ 127.056999154130338, 37.046466912153946 ], [ 127.057059214244561, 37.046418410542685 ], [ 127.057125671793244, 37.046373050996927 ], [ 127.057676633098325, 37.046004720132935 ], [ 127.058488779452489, 37.045483119146887 ], [ 127.05923109314206, 37.045005761763356 ], [ 127.060004636947497, 37.044514857615901 ], [ 127.060757928527423, 37.044042148635391 ], [ 127.060765029765591, 37.044037667736418 ], [ 127.06162114857311, 37.043494463653161 ], [ 127.061626804777589, 37.043490858943294 ], [ 127.062293706025812, 37.04306396515031 ], [ 127.062742103104313, 37.042783991176655 ], [ 127.063802050569151, 37.042144831906107 ], [ 127.063839698038606, 37.042121455408918 ], [ 127.065189917816809, 37.041258324644268 ], [ 127.066006581753143, 37.040752439124354 ], [ 127.066008727192298, 37.040751107897194 ], [ 127.066176511418561, 37.040646825824858 ], [ 127.066196042937776, 37.040634500678046 ], [ 127.066357139119276, 37.040531292195809 ], [ 127.066372139425198, 37.040521568815826 ], [ 127.066511309664861, 37.040430296738052 ], [ 127.066552747600767, 37.040402216483734 ], [ 127.066660108991428, 37.040327056752318 ], [ 127.066795050692761, 37.040239090281695 ], [ 127.066843931238779, 37.040205971082351 ], [ 127.066969718510109, 37.040117409373032 ], [ 127.066982364924669, 37.040108415130781 ], [ 127.0671266025102, 37.040004791611345 ], [ 127.067163353338387, 37.039977590529368 ], [ 127.067281429621204, 37.039887559941462 ], [ 127.067288745818388, 37.039881947861588 ], [ 127.067540527698114, 37.039687647251156 ], [ 127.067558395401718, 37.039673652816241 ], [ 127.067670957730542, 37.039584175392712 ], [ 127.067787393515673, 37.039495870613941 ], [ 127.067870457827397, 37.039428292707463 ], [ 127.067976621033495, 37.039335633536766 ], [ 127.068004903458544, 37.039310317232228 ], [ 127.068127467525571, 37.039197792817205 ], [ 127.068200323191348, 37.039126097008591 ], [ 127.068396758474762, 37.038918688420118 ], [ 127.068419513042826, 37.038894089108027 ], [ 127.068535952680932, 37.038765183317892 ], [ 127.068540435099607, 37.038760197179471 ], [ 127.068646392706924, 37.038641765616028 ], [ 127.068741970390818, 37.038536469509538 ], [ 127.068801568625034, 37.038466280213761 ], [ 127.0688861206973, 37.038359652351964 ], [ 127.068908761722255, 37.038330278055852 ], [ 127.068993760781964, 37.038216785084487 ], [ 127.06907713758774, 37.038116069848705 ], [ 127.069099296433023, 37.038088586821132 ], [ 127.069185645028242, 37.037978593578863 ], [ 127.069219352120527, 37.037933753613842 ], [ 127.069299385399503, 37.03782246844559 ], [ 127.069381554598664, 37.037708664556689 ], [ 127.069439188093881, 37.037621681493036 ], [ 127.069512319052109, 37.037500883604302 ], [ 127.069529907379177, 37.037470901395089 ], [ 127.069597752351228, 37.037351470068081 ], [ 127.06961506271287, 37.037319938683964 ], [ 127.069755998463705, 37.037054083140703 ], [ 127.069761610022965, 37.037043370036038 ], [ 127.069836794423168, 37.036898088616482 ], [ 127.069845112106975, 37.036881714396316 ], [ 127.069917124817749, 37.036737252893026 ], [ 127.069919421526052, 37.036732620799562 ], [ 127.070046557620643, 37.036474823333769 ], [ 127.07007396782754, 37.036415179009211 ], [ 127.07012712100456, 37.036290563537669 ], [ 127.070148350323095, 37.036237207427128 ], [ 127.070202108153353, 37.036091758075095 ], [ 127.070203517161673, 37.036087925012389 ], [ 127.070254024594561, 37.035949771872879 ], [ 127.070280678597044, 37.035867328138345 ], [ 127.070315188520638, 37.035744819525334 ], [ 127.070322657919348, 37.035716938312326 ], [ 127.07034720714546, 37.03562035252947 ], [ 127.070378919086622, 37.0355171138266 ], [ 127.070392012239211, 37.035471034742322 ], [ 127.0704351174832, 37.035306071376233 ], [ 127.070453344194476, 37.035223693535826 ], [ 127.070473674300189, 37.035111774835869 ], [ 127.070475981414575, 37.03509862123623 ], [ 127.070545244788192, 37.034689149973438 ], [ 127.070550443953877, 37.034655192383568 ], [ 127.07061481672649, 37.034185701493229 ], [ 127.070616636051398, 37.034171768281844 ], [ 127.070684790663876, 37.033622331793708 ], [ 127.07068806419943, 37.033592616234195 ], [ 127.070718382407961, 37.033277810438491 ], [ 127.070778045507794, 37.03279762566379 ], [ 127.070782015421159, 37.032760492775175 ], [ 127.070823326550681, 37.032299497070191 ], [ 127.070881270234864, 37.031725964998678 ], [ 127.071021502341821, 37.030540638234491 ], [ 127.071022458675301, 37.030532278616832 ], [ 127.071101393014558, 37.029817906666651 ], [ 127.071101609430087, 37.029815931568912 ], [ 127.07121478545605, 37.028774265204873 ], [ 127.071400217963941, 37.027152131529967 ], [ 127.071540905052188, 37.025941972986139 ], [ 127.071710127621031, 37.024478584682463 ], [ 127.071710990250736, 37.024470885393264 ], [ 127.071899620551932, 37.022731468384869 ], [ 127.071999395634265, 37.021815480981701 ], [ 127.072170169645133, 37.020295598021093 ], [ 127.07235474798351, 37.018722444858689 ], [ 127.072354845956312, 37.018720689208678 ], [ 127.07235515242705, 37.018718949069005 ], [ 127.07246498611444, 37.017756004073796 ], [ 127.072629654967571, 37.016353903599821 ], [ 127.072630613606023, 37.016345457263007 ], [ 127.072775148258472, 37.015026147058769 ], [ 127.07277595136236, 37.015018571985038 ], [ 127.072874750075272, 37.014054566351348 ], [ 127.073001408702339, 37.012968741394495 ], [ 127.073107752700309, 37.012083627995302 ], [ 127.073205097373531, 37.011317938055534 ], [ 127.073208176246382, 37.011291065033696 ], [ 127.07332358163292, 37.010159991928987 ], [ 127.073425534221528, 37.009306721452184 ], [ 127.073537037323348, 37.00838531397698 ], [ 127.073539194719189, 37.008366054664229 ], [ 127.073637551075137, 37.007411458080718 ], [ 127.073701152857751, 37.006828071187869 ], [ 127.073778306923259, 37.006202293685568 ], [ 127.073811607910699, 37.006003407507883 ], [ 127.07385608427866, 37.005776579647979 ], [ 127.073885716160305, 37.005672915579311 ], [ 127.073919343280892, 37.005574418579215 ], [ 127.07392313433698, 37.005563122588583 ], [ 127.073994538013949, 37.005346637599388 ], [ 127.074073868615642, 37.005151097744793 ], [ 127.074099221090876, 37.005094403726495 ], [ 127.074126255094498, 37.00504442890513 ], [ 127.074131984519468, 37.005033711189796 ], [ 127.074183760389829, 37.004935691879439 ], [ 127.074225198652485, 37.004859778455405 ], [ 127.074257862112191, 37.004808792398606 ], [ 127.074262760269704, 37.004801086068376 ], [ 127.074331852792895, 37.004691517023424 ], [ 127.0743781776373, 37.004618053443146 ], [ 127.07440542199528, 37.004580593892697 ], [ 127.07447716938141, 37.004496163906651 ], [ 127.074518486881047, 37.004445110304097 ], [ 127.074602020475481, 37.00433662136966 ], [ 127.07475737413057, 37.004161759398322 ], [ 127.074765545966144, 37.004152479114985 ], [ 127.074933246533135, 37.003960322415459 ], [ 127.07494852707697, 37.00394251200585 ], [ 127.075093866757399, 37.003770174928164 ], [ 127.075110357957911, 37.003750242677434 ], [ 127.075302229459851, 37.003513821297481 ], [ 127.076411846405747, 37.002358912525978 ], [ 127.076755221618939, 37.002002170672633 ], [ 127.076756764497389, 37.002000565238021 ], [ 127.078598269921912, 37.000081359205794 ], [ 127.079672663575394, 36.998960936638547 ], [ 127.080983838662405, 36.997597635020057 ], [ 127.08098494807389, 36.997596480189436 ], [ 127.08208326705892, 36.996451897973373 ], [ 127.082619102387639, 36.995894898001055 ], [ 127.083823375206279, 36.994640751420846 ], [ 127.084632428027049, 36.993800705062192 ], [ 127.084639288874726, 36.99379353183987 ], [ 127.084974507606262, 36.993440611518693 ], [ 127.08681028770566, 36.991519419909444 ], [ 127.086811231495702, 36.991518324792345 ], [ 127.086812280283041, 36.991517328203813 ], [ 127.123954817224899, 36.952462363698558 ], [ 127.124079129324386, 36.952311643557906 ], [ 127.12575673244902, 36.949948216006945 ], [ 127.125828066679745, 36.949835831635816 ], [ 127.125886043233862, 36.949718601483816 ], [ 127.125930157714308, 36.949597545580808 ], [ 127.125960026345183, 36.949473717240075 ], [ 127.125975389308792, 36.949348193892924 ], [ 127.126077361638394, 36.947752965020165 ], [ 127.128530049624487, 36.916169172973319 ], [ 127.128530189809567, 36.916160619906933 ], [ 127.12853123947589, 36.916152107725239 ], [ 127.129053732537344, 36.907700685135779 ], [ 127.129439212902639, 36.905630828731589 ], [ 127.130016695986441, 36.904116270343224 ], [ 127.134338822680988, 36.894623788163351 ], [ 127.145403583247244, 36.871391739688683 ], [ 127.146543458364803, 36.869024536216948 ], [ 127.14654508896966, 36.869021136183825 ], [ 127.147381555650611, 36.867269916893996 ], [ 127.147424101918659, 36.867169155844969 ], [ 127.148076783946891, 36.865397072372929 ], [ 127.148107835867506, 36.865299559932694 ], [ 127.148420513141673, 36.864139408068915 ], [ 127.148445305015926, 36.864023085998888 ], [ 127.148574927499396, 36.863200547323871 ], [ 127.148587173502762, 36.863079228171422 ], [ 127.148585792691023, 36.862957515679447 ], [ 127.148504739178051, 36.861755681497129 ], [ 127.148488196794645, 36.861626188221493 ], [ 127.148329113986463, 36.860782923198464 ], [ 127.148308779715123, 36.860694906164348 ], [ 127.147624870233599, 36.858198151555946 ], [ 127.146929294710091, 36.855425601910504 ], [ 127.147040667961804, 36.853692717570965 ], [ 127.148636182042566, 36.846177863201568 ], [ 127.148636532906821, 36.846176204240741 ], [ 127.150196267214653, 36.838772827180371 ], [ 127.150210770335917, 36.838687585222438 ], [ 127.150390845417121, 36.837302098720031 ], [ 127.15067457072486, 36.83530495966211 ], [ 127.150684169572358, 36.835203932557519 ], [ 127.15075618900147, 36.833710710062896 ], [ 127.150756137865912, 36.833706734134992 ], [ 127.150756542834415, 36.833702771342544 ], [ 127.150834951001997, 36.831786209125937 ], [ 127.151011644272685, 36.828439646627722 ], [ 127.151011810234536, 36.828328205287754 ], [ 127.150902580667847, 36.826135325972167 ], [ 127.150896200146335, 36.826059962007534 ], [ 127.150524049319827, 36.822949474077213 ], [ 127.150070389244192, 36.818468460745486 ], [ 127.150050107122254, 36.818342101979198 ], [ 127.149362132823683, 36.815222129276641 ], [ 127.149350071537199, 36.815172785620426 ], [ 127.148953954186496, 36.813697716934463 ], [ 127.148461543818158, 36.811857142544262 ], [ 127.148120044790943, 36.81014383952332 ], [ 127.147870835739269, 36.808792013877188 ], [ 127.147688112241084, 36.806919769772527 ], [ 127.147672095641965, 36.806811669069695 ], [ 127.147645316505091, 36.806704954778894 ], [ 127.147434195545401, 36.806009352742798 ], [ 127.14739188341801, 36.805892897201552 ], [ 127.147336760818732, 36.805779960125406 ], [ 127.147269271553924, 36.805671450686482 ], [ 127.146874839117402, 36.805102595161571 ], [ 127.146793706636785, 36.804997243184488 ], [ 127.146700921477077, 36.804898306114005 ], [ 127.146201767405699, 36.804413924588872 ], [ 127.146099738605585, 36.80432354884146 ], [ 127.14598799085266, 36.804240939979529 ], [ 127.145867434742868, 36.804166771133723 ], [ 127.145739052637438, 36.804101646660072 ], [ 127.144820472085925, 36.803681032962487 ], [ 127.144759662334138, 36.803654505010122 ], [ 127.142581528968762, 36.80275040416506 ], [ 127.142547383688708, 36.802736623404947 ], [ 127.140046583935657, 36.801755721647268 ], [ 127.138823583217118, 36.801246118143929 ], [ 127.136942597496514, 36.800269946769454 ], [ 127.136799730199556, 36.800203550324007 ], [ 127.136649458459104, 36.800148734826003 ], [ 127.136493229419671, 36.800106028153479 ], [ 127.136332547586505, 36.800075841574476 ], [ 127.136168960338907, 36.800058465787174 ], [ 127.136004043031107, 36.800054068120843 ], [ 127.135839383823679, 36.80006269092479 ], [ 127.135676568392029, 36.800084251160527 ], [ 127.135517164658523, 36.800118541201364 ], [ 127.135362707695691, 36.800165230831631 ], [ 127.135214684945382, 36.800223870426123 ], [ 127.135074521896271, 36.800293895279452 ], [ 127.134943568357656, 36.800374631043503 ], [ 127.134823085461491, 36.800465300220587 ], [ 127.13471423351784, 36.800565029649945 ], [ 127.134618060840651, 36.800672858915604 ], [ 127.134535493651626, 36.800787749594278 ], [ 127.134467327159044, 36.800908595254846 ], [ 127.134414217898055, 36.801034232112769 ], [ 127.134376677405655, 36.80116345023697 ], [ 127.134355067291892, 36.801295005201347 ], [ 127.134349595754358, 36.801427630068737 ], [ 127.134360315570234, 36.801560047591828 ], [ 127.134387123584602, 36.80169098251362 ], [ 127.134429761700872, 36.801819173849083 ], [ 127.134487819363258, 36.801943387029432 ], [ 127.134560737507911, 36.802062425792379 ], [ 127.13464781394454, 36.802175143703579 ], [ 127.134748210116953, 36.802280455198449 ], [ 127.134860959177374, 36.802377346037858 ], [ 127.13498497529676, 36.802464883077029 ], [ 127.135119064121852, 36.802542223253539 ], [ 127.137067250645757, 36.803553281186097 ], [ 127.137205397906214, 36.803617715430647 ], [ 127.138517500522937, 36.804164451265997 ], [ 127.138553914171041, 36.804179176643238 ], [ 127.141055921050395, 36.805160559937562 ], [ 127.143186383249059, 36.80604488105557 ], [ 127.143808101651643, 36.80632956683958 ], [ 127.144012712063486, 36.806528127936637 ], [ 127.144220934740318, 36.806828446144635 ], [ 127.144345857671993, 36.807240099921167 ], [ 127.144522415366339, 36.809049972638178 ], [ 127.144535432893164, 36.809142452981312 ], [ 127.14479452235517, 36.810548205435794 ], [ 127.144796450767046, 36.810556006240752 ], [ 127.144797534600414, 36.810563911771496 ], [ 127.145147571997882, 36.812320432157286 ], [ 127.145163984373283, 36.812390807210171 ], [ 127.14566582043139, 36.814266914819534 ], [ 127.146055685300198, 36.815718934239733 ], [ 127.146724225558856, 36.818751367802285 ], [ 127.147172259664273, 36.823178715147847 ], [ 127.14717444104808, 36.823198475298085 ], [ 127.147543139874159, 36.826281236069519 ], [ 127.147647621491643, 36.828380640748804 ], [ 127.147473385556779, 36.831677927399809 ], [ 127.147472780681383, 36.83169082508055 ], [ 127.147394187193228, 36.833609864892736 ], [ 127.147324739696145, 36.835048457982872 ], [ 127.147047168962516, 36.837001675835005 ], [ 127.147045411277347, 36.83701459427332 ], [ 127.146870001962171, 36.838363731730333 ], [ 127.145319073697905, 36.845723799416298 ], [ 127.143706784015464, 36.853316115976519 ], [ 127.143685042652024, 36.853473817233713 ], [ 127.143557552730528, 36.855456112571176 ], [ 127.143556164449606, 36.855568998124973 ], [ 127.143566498740682, 36.855681583315302 ], [ 127.143588483621954, 36.855793083389983 ], [ 127.144328757256986, 36.858744310831916 ], [ 127.144334904882101, 36.858767745086432 ], [ 127.14500993598935, 36.86123247482314 ], [ 127.145148480184275, 36.861967038051631 ], [ 127.145216879302382, 36.862981897023765 ], [ 127.145115550682362, 36.863624714955975 ], [ 127.144831654149584, 36.864677912019296 ], [ 127.144215498368624, 36.866350633502869 ], [ 127.143403527253881, 36.86805042289182 ], [ 127.142263234500817, 36.870418293323091 ], [ 127.14226222712378, 36.870420734874976 ], [ 127.142260937864819, 36.870423089291293 ], [ 127.131189739345757, 36.893666661604485 ], [ 127.131180940399119, 36.89368554931248 ], [ 127.126838700004313, 36.903221342763821 ], [ 127.126810052478504, 36.903289870952442 ], [ 127.126182607730101, 36.904935281127763 ], [ 127.126150434681421, 36.905032404672689 ], [ 127.126127333171439, 36.905131179011924 ], [ 127.125710888090623, 36.907366781956298 ], [ 127.125694431520301, 36.907499747075711 ], [ 127.125167963871149, 36.91600942680666 ], [ 127.122713979952024, 36.9475920459153 ], [ 127.122712926403537, 36.947606916447626 ], [ 127.122630933296492, 36.948888719783945 ], [ 127.121207292122548, 36.950894249375729 ], [ 127.084133132800488, 36.989875854805781 ], [ 127.082297341085649, 36.991796989232817 ], [ 127.082294367422705, 36.991800110413266 ], [ 127.081961075160152, 36.992150989815023 ], [ 127.081154702901614, 36.99298822301833 ], [ 127.081153197565968, 36.992989788306431 ], [ 127.079949506950584, 36.994243284599001 ], [ 127.07941348000422, 36.994800463853423 ], [ 127.079412211403124, 36.994801784184396 ], [ 127.078313797111846, 36.995946424731493 ], [ 127.07700241008969, 36.997309897977551 ], [ 127.077000914867213, 36.997311454889655 ], [ 127.075926182904524, 36.998432190167492 ], [ 127.074085563025122, 37.00035040456325 ], [ 127.073742495818678, 37.000706813694308 ], [ 127.072590536243197, 37.001905748795707 ], [ 127.072512988237818, 37.001993461619158 ], [ 127.072292649513784, 37.002264947929433 ], [ 127.072163213873964, 37.002418420162478 ], [ 127.072007300736971, 37.002597063135482 ], [ 127.071823813470715, 37.002803583181453 ], [ 127.07176238030857, 37.002877782707849 ], [ 127.071669594749395, 37.002998281905462 ], [ 127.071585891490543, 37.003096776898282 ], [ 127.071522742188762, 37.003176994686655 ], [ 127.071440258164742, 37.003290399979988 ], [ 127.071392070091179, 37.003361453627008 ], [ 127.071322974599681, 37.003471020975013 ], [ 127.07125631279564, 37.003576728765424 ], [ 127.071202229249124, 37.003661145341695 ], [ 127.071157387310905, 37.003736816427782 ], [ 127.071090952689786, 37.003858513386746 ], [ 127.071082992676878, 37.003873334868658 ], [ 127.071030124773088, 37.003973413920377 ], [ 127.070984169675597, 37.004058359732142 ], [ 127.070943854236987, 37.004140051904166 ], [ 127.070891520419963, 37.004257071675923 ], [ 127.070875273900114, 37.004295175396599 ], [ 127.070773563543213, 37.004545852604274 ], [ 127.070746890698743, 37.004618432651469 ], [ 127.070665273875264, 37.004865850549898 ], [ 127.070624238572265, 37.004986031812116 ], [ 127.070607012952379, 37.005040974416879 ], [ 127.07055640651933, 37.005217989146288 ], [ 127.07053424051216, 37.005310076966957 ], [ 127.07047771739893, 37.005598278885223 ], [ 127.07047224670626, 37.005628374203212 ], [ 127.07043249292289, 37.005865736933089 ], [ 127.070425674499276, 37.005912642839249 ], [ 127.070344653036273, 37.006569554008898 ], [ 127.070342877692596, 37.006584832664686 ], [ 127.070278066542187, 37.007179072858143 ], [ 127.070277385029712, 37.00718549790696 ], [ 127.070179649045315, 37.008133668838802 ], [ 127.070069171668024, 37.009046268817158 ], [ 127.070068974542309, 37.009047907528277 ], [ 127.069965769619216, 37.009911341554222 ], [ 127.06996369705756, 37.009930047555791 ], [ 127.069848659794687, 37.011057027101209 ], [ 127.069752514363088, 37.011813022798442 ], [ 127.06975159073319, 37.011820490505393 ], [ 127.069644534140139, 37.012711209190293 ], [ 127.069644090254812, 37.012714956926786 ], [ 127.069516280375765, 37.013810238583012 ], [ 127.069514616483275, 37.013825418948706 ], [ 127.069415385489577, 37.01479322706269 ], [ 127.069271671272475, 37.016104521880855 ], [ 127.069107224379096, 37.01750420842184 ], [ 127.069106804447529, 37.017507834885691 ], [ 127.068996921343725, 37.018470841902904 ], [ 127.068812167099296, 37.020044904386374 ], [ 127.068811555183927, 37.020050230544761 ], [ 127.068640208527569, 37.021574613285978 ], [ 127.068639800835697, 37.021578296558822 ], [ 127.068539756708262, 37.022496383093227 ], [ 127.068351383396106, 37.024232724685767 ], [ 127.068182656388316, 37.025691274424162 ], [ 127.068041833650909, 37.026902141643653 ], [ 127.068041593474831, 37.026904224189003 ], [ 127.067855623987427, 37.028530429372218 ], [ 127.067854946713879, 37.028536502190164 ], [ 127.067741502461743, 37.029580214510155 ], [ 127.06766310826626, 37.030289415586942 ], [ 127.067522223974336, 37.031479812198349 ], [ 127.067520192565098, 37.031498328793901 ], [ 127.067460667602191, 37.032087255768161 ], [ 127.067459497507997, 37.032099525615934 ], [ 127.067419282527226, 37.03254806876668 ], [ 127.067360044733149, 37.033024661692664 ], [ 127.067356742264863, 37.033054599905007 ], [ 127.067326399533215, 37.033369516371955 ], [ 127.067260927827917, 37.033897137197577 ], [ 127.067199822043335, 37.034342658268329 ], [ 127.067134522904837, 37.034728593840406 ], [ 127.067122907000922, 37.034792524878718 ], [ 127.067096545488567, 37.034893393442239 ], [ 127.067063722839293, 37.035000233103268 ], [ 127.067048755560037, 37.035053574667437 ], [ 127.067020943328203, 37.035162979774718 ], [ 127.0670020555457, 37.035230020301483 ], [ 127.066967192616531, 37.035325369898615 ], [ 127.06692406366173, 37.035442048038426 ], [ 127.066895042450227, 37.035510080451985 ], [ 127.066783621336583, 37.035735993379433 ], [ 127.066716849789714, 37.035869929854854 ], [ 127.066648663650327, 37.036001677949145 ], [ 127.066518958922131, 37.036246329110206 ], [ 127.066468581915487, 37.036335004352836 ], [ 127.066431311887754, 37.036396563084253 ], [ 127.066379210116565, 37.036468719915987 ], [ 127.066377762678215, 37.036470728472977 ], [ 127.066313316531719, 37.036560335256645 ], [ 127.066255233347491, 37.036634319736798 ], [ 127.066162056704428, 37.036746867696678 ], [ 127.066121343967666, 37.036798542427171 ], [ 127.066027801315002, 37.036923436854003 ], [ 127.065983226375479, 37.03697964731677 ], [ 127.065915415228702, 37.03705435061503 ], [ 127.065908634162383, 37.037061875034929 ], [ 127.065801534296185, 37.037181578607246 ], [ 127.065698544555943, 37.037295590106076 ], [ 127.065548555772764, 37.037453951866645 ], [ 127.065477891899903, 37.03751882544725 ], [ 127.06542612063916, 37.037564010132364 ], [ 127.065338299362665, 37.037630612151602 ], [ 127.065309828274408, 37.037652717985409 ], [ 127.065192061702945, 37.037746330120996 ], [ 127.064952926448711, 37.037930867055429 ], [ 127.064856642857777, 37.038004279556098 ], [ 127.064737328045879, 37.038089996226674 ], [ 127.0646419409874, 37.038157153070642 ], [ 127.064508844251264, 37.038243915264552 ], [ 127.064463538211626, 37.038274524239782 ], [ 127.064354296951322, 37.038350998549916 ], [ 127.064243593950764, 37.038423599655708 ], [ 127.06409974320691, 37.038515758058608 ], [ 127.063942855249735, 37.038613266253428 ], [ 127.063117066637176, 37.039124795853162 ], [ 127.063096773322215, 37.039137566148185 ], [ 127.061755099603502, 37.039995219775157 ], [ 127.060702854892043, 37.040629724274552 ], [ 127.060680319993821, 37.04064355209875 ], [ 127.060212680031711, 37.040935536406216 ], [ 127.06019665036537, 37.040945670442966 ], [ 127.059524602729937, 37.041375851337342 ], [ 127.058674869104266, 37.041914995102516 ], [ 127.057921508938733, 37.042387739370923 ], [ 127.057914254431608, 37.042392317349098 ], [ 127.057132829000651, 37.042888215071187 ], [ 127.057124309931879, 37.042893657227189 ], [ 127.056378957872482, 37.043372960706371 ], [ 127.055554283034041, 37.043902599027163 ], [ 127.055528613595769, 37.04391941940824 ], [ 127.054958302836539, 37.044300678965065 ], [ 127.054945114406735, 37.044309587537832 ], [ 127.054818276969627, 37.044396156730151 ], [ 127.05471466940844, 37.044473095712355 ], [ 127.0545989883136, 37.044566511872226 ], [ 127.054587390138494, 37.044575970073701 ], [ 127.054468865731565, 37.044673578354264 ], [ 127.054350567577927, 37.04476397032888 ], [ 127.054197465184075, 37.044897800416237 ], [ 127.054122472405041, 37.044972910702079 ], [ 127.053962498211121, 37.045131553038154 ], [ 127.053936696918129, 37.045157796181115 ], [ 127.0538847345275, 37.045212013134282 ], [ 127.05382988433054, 37.045272648064795 ], [ 127.053640946549564, 37.045494171792591 ], [ 127.053614085854264, 37.045526660320277 ], [ 127.053423539222464, 37.045764503757425 ], [ 127.053348801369935, 37.045867509319869 ], [ 127.053156859026856, 37.046161098290717 ], [ 127.05313575095991, 37.046194501298899 ], [ 127.052983346999099, 37.046444193616693 ], [ 127.052961254592176, 37.046481845473593 ], [ 127.052834090600413, 37.046707521029212 ], [ 127.052822217017507, 37.046729092166117 ], [ 127.05270857895205, 37.046940513719214 ], [ 127.052696593008832, 37.046963388555717 ], [ 127.052448867233423, 37.047448583728887 ], [ 127.052445361807742, 37.047455503860554 ], [ 127.052305959122691, 37.04773289584525 ], [ 127.052302321125168, 37.047740196083986 ], [ 127.05211674716891, 37.048115744029332 ], [ 127.051953875827735, 37.048445290173106 ], [ 127.0519519105097, 37.048449285201393 ], [ 127.051808863447505, 37.04874142351737 ], [ 127.051722334977754, 37.048906036366127 ], [ 127.051709247254436, 37.048931664901069 ], [ 127.051547088668116, 37.04925871770525 ], [ 127.051540424201022, 37.049272374312075 ], [ 127.051437637150315, 37.049486415556572 ], [ 127.051410975968864, 37.049546066955976 ], [ 127.051304129342753, 37.049804005460153 ], [ 127.051279276077366, 37.049869503575472 ], [ 127.05125304245044, 37.04994549950635 ], [ 127.051190208208382, 37.050119786556394 ], [ 127.051174257413933, 37.05016724836991 ], [ 127.051120468187307, 37.050339721988792 ], [ 127.051115066365668, 37.050357556305009 ], [ 127.051057838672548, 37.050552248932853 ], [ 127.051034831305344, 37.050644916999538 ], [ 127.05099666067035, 37.050832721763953 ], [ 127.05099327476951, 37.050850091644875 ], [ 127.050962785746393, 37.051013458439492 ], [ 127.050956616320832, 37.051049895044002 ], [ 127.050935572465377, 37.051188274758829 ], [ 127.050929002461515, 37.051239619286449 ], [ 127.050909846885702, 37.051423915075404 ], [ 127.050908776901409, 37.051434733988238 ], [ 127.050894197451001, 37.051590061402571 ], [ 127.050889695753838, 37.05171487941255 ], [ 127.050897273843901, 37.052066096657377 ], [ 127.050897310919879, 37.052067756081705 ], [ 127.050902107786797, 37.0522753344911 ], [ 127.050904164772831, 37.052321582931079 ], [ 127.050919828738415, 37.05255937946017 ], [ 127.05092487992458, 37.052614577311189 ], [ 127.050948703364398, 37.052817802064318 ], [ 127.050966730253251, 37.052915110923301 ], [ 127.050965927244235, 37.052915207275923 ], [ 127.05098673793232, 37.053026625289789 ], [ 127.051060455498458, 37.053485833485155 ], [ 127.051099944276331, 37.053831696756987 ], [ 127.05115464870893, 37.054371047549786 ], [ 127.051158308106451, 37.054402556346751 ], [ 127.051196964378789, 37.054697905534276 ], [ 127.05121766170862, 37.054864998064794 ], [ 127.051250366114985, 37.055160387143353 ], [ 127.051250972106459, 37.055165739646888 ], [ 127.051316380383142, 37.055730978943473 ], [ 127.05144433130036, 37.056995543220573 ], [ 127.051466602562101, 37.057223154935294 ], [ 127.051467655289514, 37.057233412695481 ], [ 127.051514578237885, 37.057670268823379 ], [ 127.0515164534755, 37.057686571664327 ], [ 127.051599816559218, 37.058366260738616 ], [ 127.051657466120062, 37.05887033101741 ], [ 127.051683414849137, 37.059191547658862 ], [ 127.051684954059496, 37.05920887429118 ], [ 127.051693010092478, 37.059292016701356 ], [ 127.051693113062726, 37.059426432723029 ], [ 127.051699507730248, 37.059543218287168 ], [ 127.051782141917968, 37.060301665774055 ], [ 127.052656285972304, 37.06824308222798 ], [ 127.052656947448867, 37.068248945163418 ], [ 127.052732541900255, 37.068903081690394 ], [ 127.052816998914878, 37.069696114320244 ], [ 127.052817257826831, 37.069698520065252 ], [ 127.052898563381191, 37.070446184363554 ], [ 127.053058669812515, 37.071934628945279 ], [ 127.053085218922945, 37.072305683382247 ], [ 127.053083403520901, 37.072798504896035 ], [ 127.053071876304941, 37.072994059590243 ], [ 127.053065560332385, 37.073097494253908 ], [ 127.053050891966933, 37.073312953542199 ], [ 127.053014791390268, 37.073694023220696 ], [ 127.052878077713586, 37.075092261776653 ], [ 127.052877869698392, 37.075097988054281 ], [ 127.052877022268291, 37.075103676372926 ], [ 127.052795177779288, 37.076042733959014 ], [ 127.05270425644639, 37.076770667232047 ], [ 127.052631381093249, 37.077251192144942 ], [ 127.052627516463701, 37.077279089743932 ], [ 127.052563931205924, 37.077786025883604 ], [ 127.052562317589079, 37.077799575528779 ], [ 127.052522029479405, 37.078156886205768 ], [ 127.052517194668837, 37.078212570695158 ], [ 127.05249335807936, 37.078603522968926 ], [ 127.052491357622657, 37.078674063629578 ], [ 127.052491980710101, 37.078821908603942 ], [ 127.052496385044932, 37.07891507346249 ], [ 127.052521414755475, 37.079191804306284 ], [ 127.052527062441598, 37.079241503739397 ], [ 127.052568628546311, 37.079545118462917 ], [ 127.052572807586785, 37.079572974097083 ], [ 127.052645965208413, 37.08002130153681 ], [ 127.052660223520704, 37.080093456283613 ], [ 127.052723278792229, 37.080364858323946 ], [ 127.052736450946185, 37.080416036065209 ], [ 127.052782237946303, 37.080578039562624 ], [ 127.052798170737645, 37.080629675619818 ], [ 127.052924916805182, 37.081008311790704 ], [ 127.052940322588, 37.081051459082907 ], [ 127.053086666582047, 37.081437009720375 ], [ 127.053101959078361, 37.081475249111747 ], [ 127.053234309459313, 37.08179002998105 ], [ 127.053529256622369, 37.08249245776117 ], [ 127.053660440774578, 37.082805793415403 ], [ 127.054020384035724, 37.083664773196254 ], [ 127.054024215796403, 37.083673811453941 ], [ 127.054480153249642, 37.084736911591321 ], [ 127.054925307408894, 37.085780350868262 ], [ 127.05540109445603, 37.086916017600032 ], [ 127.055405436485415, 37.086926245880605 ], [ 127.0560483116775, 37.088420983914489 ], [ 127.056404016947255, 37.089266311180751 ], [ 127.056412854025695, 37.089286769560204 ], [ 127.05656645337227, 37.089633356330339 ], [ 127.057048934415761, 37.0907690228345 ], [ 127.05705135009903, 37.09077466792106 ], [ 127.057344756320276, 37.091455406638097 ], [ 127.057463546208638, 37.091744136242852 ], [ 127.057472211876558, 37.091764645029436 ], [ 127.057865571281127, 37.092671608311356 ], [ 127.058229949600204, 37.093543112259511 ], [ 127.058231811346204, 37.093547539634486 ], [ 127.058477110329363, 37.094127560600519 ], [ 127.058628768712367, 37.094488868947984 ], [ 127.058743120266499, 37.09477329943045 ], [ 127.058747397766169, 37.094783791988178 ], [ 127.058764841530888, 37.09482599635998 ], [ 127.058828682824796, 37.095011932604983 ], [ 127.058846417011679, 37.095060070264452 ], [ 127.058867715992207, 37.095114164787589 ], [ 127.058917792219859, 37.095262229637832 ], [ 127.058951414009584, 37.095375063575858 ], [ 127.05897443716988, 37.09547873509549 ], [ 127.059008033875656, 37.095598303875946 ], [ 127.059011820375346, 37.095609404666654 ], [ 127.05905526414557, 37.095798903915664 ], [ 127.059103205139905, 37.09605448514764 ], [ 127.059122060619558, 37.09617247645383 ], [ 127.059147457736699, 37.096335548516642 ], [ 127.059147742780979, 37.096337368698258 ], [ 127.059169879451062, 37.096477952322722 ], [ 127.059202884733253, 37.09671787108315 ], [ 127.059277416019, 37.097321108395924 ], [ 127.05938957720339, 37.098262705638227 ], [ 127.059390653233677, 37.098271439015477 ], [ 127.059492178118248, 37.099068948606316 ], [ 127.059621069263358, 37.100128842041634 ], [ 127.059621298921797, 37.100130716998052 ], [ 127.059695123834132, 37.100729136555444 ], [ 127.05969541212869, 37.100731453053328 ], [ 127.059786296626271, 37.101455404842774 ], [ 127.059899810877624, 37.102398055303532 ], [ 127.059900852808028, 37.102406434537166 ], [ 127.059976263759097, 37.102994318923962 ], [ 127.060048455360359, 37.103623001375183 ], [ 127.060049856599605, 37.103634650975899 ], [ 127.060136512420272, 37.104323822684883 ], [ 127.060275354276143, 37.105487054794466 ], [ 127.06027900811506, 37.105514670064849 ], [ 127.060336068859172, 37.105907398761182 ], [ 127.060445711328043, 37.106787125101683 ], [ 127.060446679514229, 37.106794678690257 ], [ 127.060610948547136, 37.108041771396621 ], [ 127.060857006428648, 37.109979777822971 ], [ 127.061033455294677, 37.111434572456538 ], [ 127.061033717142891, 37.111436713613088 ], [ 127.061213363025914, 37.11289371740159 ], [ 127.061213654873001, 37.112896063443117 ], [ 127.061346132090762, 37.113951650351147 ], [ 127.061489842523159, 37.115153192181182 ], [ 127.061490432422005, 37.115158032437243 ], [ 127.061660095809387, 37.116524708685162 ], [ 127.061778331130796, 37.117499837502272 ], [ 127.061779432235923, 37.117508620462687 ], [ 127.061935002838283, 37.118710041032891 ], [ 127.062119571310078, 37.12027550905723 ], [ 127.062123119775734, 37.1203026714104 ], [ 127.062153032892638, 37.120511265700067 ], [ 127.062284131059286, 37.12160822909604 ], [ 127.06228498139626, 37.121615156130794 ], [ 127.062466639052005, 37.123056828896019 ], [ 127.062623909340303, 37.124350967508555 ], [ 127.06277986819984, 37.125664099513848 ], [ 127.06278064030549, 37.125670441726925 ], [ 127.063008593651091, 37.127498233696826 ], [ 127.063044397523569, 37.127794867842724 ], [ 127.063169295362712, 37.128825346960056 ], [ 127.06316957145583, 37.128827605145659 ], [ 127.063625236919535, 37.132522376803308 ], [ 127.064007686816339, 37.135636902596033 ], [ 127.064128927089499, 37.136689767382954 ], [ 127.064129926746787, 37.136698161974238 ], [ 127.064279895675497, 37.137917253470221 ], [ 127.064281072416236, 37.13792649353055 ], [ 127.064421360401212, 37.138991782437508 ], [ 127.064571807266532, 37.140171679111759 ], [ 127.064618329658742, 37.140934089329818 ], [ 127.064635061047511, 37.141517671927105 ], [ 127.064638751137352, 37.14158119975562 ], [ 127.064703524992311, 37.142320903105741 ], [ 127.064706273779294, 37.142348298962723 ], [ 127.064867768929417, 37.143775861479398 ], [ 127.064870534879233, 37.143798238087378 ], [ 127.065027760695713, 37.144970614038584 ], [ 127.065028132280844, 37.144972504906988 ], [ 127.065028277306681, 37.14497441550607 ], [ 127.065260819893965, 37.146663320821787 ], [ 127.065266233994365, 37.146698419815699 ], [ 127.065353153705502, 37.147207114992035 ], [ 127.065432624516788, 37.147673622665202 ], [ 127.065498612263085, 37.14811436478557 ], [ 127.065501956754488, 37.14813531659221 ], [ 127.065524782230696, 37.148269936268647 ], [ 127.065586002122842, 37.148723101355309 ], [ 127.065657463719489, 37.149279638072876 ], [ 127.065657769046197, 37.149281995596418 ], [ 127.065718165111747, 37.149744378349084 ], [ 127.065770575788918, 37.150196275838439 ], [ 127.065799536647162, 37.150489985606875 ], [ 127.065813708388276, 37.150704080263779 ], [ 127.065819762598764, 37.150905516171726 ], [ 127.065821312500162, 37.151089358436252 ], [ 127.06581383640389, 37.151284924877054 ], [ 127.065795245357293, 37.15151345841015 ], [ 127.065788367870411, 37.151592715539955 ], [ 127.06576555416332, 37.15176026678445 ], [ 127.065730521111661, 37.151977278422024 ], [ 127.065683759477153, 37.152212517801182 ], [ 127.065664485104023, 37.152300010961525 ], [ 127.065626251898195, 37.152466924866978 ], [ 127.065561809102689, 37.152746847253077 ], [ 127.065400976008405, 37.153398897082944 ], [ 127.065400536993437, 37.153400683248854 ], [ 127.065019524748095, 37.15495635575995 ], [ 127.064797826559087, 37.155857724993957 ], [ 127.064797385711415, 37.155859523780542 ], [ 127.064456705262657, 37.157254577708912 ], [ 127.064118331329198, 37.158632752780065 ], [ 127.064117832309506, 37.158634793508689 ], [ 127.063887712129201, 37.159579706181425 ], [ 127.063887381505793, 37.159581067477028 ], [ 127.063643389250188, 37.160588415052345 ], [ 127.061410858608355, 37.16909126063365 ], [ 127.061410824179518, 37.169091433512996 ], [ 127.061410768796819, 37.169091602870743 ], [ 127.061036657916546, 37.170518084120999 ], [ 127.060713302775852, 37.171474952095238 ], [ 127.060006680923564, 37.172679753673208 ], [ 127.058893783772902, 37.17389635136275 ], [ 127.057402426734527, 37.175111004663336 ], [ 127.054673609022188, 37.176953714356422 ], [ 127.051335382021733, 37.179110838436799 ], [ 127.051313580706065, 37.179125167718631 ], [ 127.050570963082947, 37.179621625214537 ], [ 127.048948537711979, 37.180577043525176 ], [ 127.048841560113985, 37.180645558661155 ], [ 127.047554524319537, 37.181540700824748 ], [ 127.046391387709093, 37.182318072909482 ], [ 127.046291650639361, 37.182390312952272 ], [ 127.043341890664053, 37.184704198578615 ], [ 127.043230781507305, 37.18480021921679 ], [ 127.043131793345722, 37.184904383500346 ], [ 127.043045853340899, 37.18501571583964 ], [ 127.042008332838904, 37.186517794361301 ], [ 127.042004919564846, 37.186523365215486 ], [ 127.042000901551617, 37.186528670374408 ], [ 127.042000453068781, 37.186529419652025 ], [ 127.041999915400481, 37.186530131529743 ], [ 127.041967971490322, 37.186583668645341 ], [ 127.041935333660462, 37.186636937178484 ], [ 127.041932619142585, 37.186642749202321 ], [ 127.041929270579899, 37.186648343606976 ], [ 127.041928916183608, 37.186649124150037 ], [ 127.041928468147631, 37.186649875043948 ], [ 127.040913778581952, 37.188589945754508 ], [ 127.040897041693128, 37.18862317505269 ], [ 127.040452428047104, 37.18954077883479 ], [ 127.038739014243831, 37.192666671461488 ], [ 127.037074530923675, 37.195672963886032 ], [ 127.037065589157592, 37.195689406860652 ], [ 127.036373293011806, 37.19698587719158 ], [ 127.036336968201297, 37.197059847225823 ], [ 127.03583126736487, 37.198185775522916 ], [ 127.035807113201386, 37.198243620876099 ], [ 127.035364519228835, 37.199388875286324 ], [ 127.035146394772482, 37.199936219308796 ], [ 127.034156058885173, 37.201624859527776 ], [ 127.034154068804938, 37.201627888972034 ], [ 127.033959137084651, 37.201960567319155 ], [ 127.033821714888276, 37.202144020946953 ], [ 127.03371264056706, 37.202316514031402 ], [ 127.032920306329686, 37.203829255913355 ], [ 127.032874006317442, 37.203928362930299 ], [ 127.032438392701238, 37.204985170824479 ], [ 127.032071797659782, 37.205688236911513 ], [ 127.032069111260554, 37.20569341914377 ], [ 127.031895686685772, 37.2060299358196 ], [ 127.031574412757195, 37.206646313041844 ], [ 127.031226390091476, 37.207224922032538 ], [ 127.031206810748216, 37.207258653303214 ], [ 127.030944462347719, 37.207727395742964 ], [ 127.030894031490078, 37.207812497883907 ], [ 127.030849578924034, 37.207894393639357 ], [ 127.030670717517296, 37.208256163290137 ], [ 127.030504535226385, 37.208577890647668 ], [ 127.03048784289129, 37.208601435802343 ], [ 127.03040625379596, 37.208732613033831 ], [ 127.030210807771482, 37.209094834062654 ], [ 127.030195287419616, 37.20912456667002 ], [ 127.030115975395745, 37.209281747481498 ], [ 127.029707825354365, 37.210068702132119 ], [ 127.029289026389065, 37.210872022841485 ], [ 127.029286642562383, 37.210876619125166 ], [ 127.028235061825157, 37.212914712324441 ], [ 127.026976598526062, 37.215305695652091 ], [ 127.02692619253159, 37.215401364567427 ], [ 127.026924119017508, 37.215405317522702 ], [ 127.025242950475132, 37.218624448351861 ], [ 127.024513480272091, 37.220013914439676 ], [ 127.023565450461462, 37.221812172307111 ], [ 127.023560619375999, 37.221821431664104 ], [ 127.021625610931935, 37.225568970122275 ], [ 127.021617824631335, 37.225584314755871 ], [ 127.021469650612204, 37.225881534490725 ], [ 127.021432326377024, 37.225951179767591 ], [ 127.021418699830974, 37.225977361220245 ], [ 127.021003472345512, 37.226799346565215 ], [ 127.020942225549035, 37.226914496204536 ], [ 127.020806750262437, 37.22716799162199 ], [ 127.020799310001095, 37.227182135007141 ], [ 127.020279616728303, 37.228185916586717 ], [ 127.018093428817707, 37.232407676128979 ], [ 127.0156444118347, 37.237105099251735 ], [ 127.015637969172928, 37.237117632444679 ], [ 127.015415997038858, 37.237555671780285 ], [ 127.012299934988818, 37.243218738690906 ], [ 127.012294918343002, 37.243229222840874 ], [ 127.012288839066045, 37.243239363422802 ], [ 127.012278004573503, 37.243263184179163 ], [ 127.012265394403201, 37.243286412691575 ], [ 127.00910836692168, 37.249983248659838 ], [ 127.008305327682521, 37.251013477040438 ], [ 127.005751019436246, 37.253624059395989 ], [ 127.005650585989841, 37.253738419369576 ], [ 127.004376228101094, 37.255361796098839 ], [ 127.004285137379341, 37.255493607962961 ], [ 126.998950094222593, 37.264343987545573 ], [ 126.997747533111095, 37.263899065980297 ], [ 126.997395574680098, 37.263598958163783 ], [ 126.996927004432095, 37.262935406553332 ], [ 126.996447720891155, 37.261906490204773 ], [ 126.994427306426203, 37.256008935780017 ], [ 126.994410150238963, 37.255962177843514 ], [ 126.993544952897111, 37.253752331219701 ], [ 126.993490986174109, 37.253634099587572 ], [ 126.993423500593366, 37.253520391307894 ], [ 126.993343080934224, 37.253412191590641 ], [ 126.992708272411463, 37.252642117140866 ], [ 126.992599121566641, 37.252524172282811 ], [ 126.992474627265182, 37.252416375248792 ], [ 126.992336255305602, 37.25231999518919 ], [ 126.992185634856071, 37.252236166831707 ], [ 126.991468062284113, 37.251881382104791 ], [ 126.991335135528985, 37.251822097024146 ], [ 126.991196079701737, 37.251772604887591 ], [ 126.987173895620259, 37.250511076564727 ], [ 126.981454654919247, 37.248656511709413 ], [ 126.968346427531856, 37.244112442022775 ], [ 126.96834120035507, 37.244110637934675 ], [ 126.967471111489303, 37.243811722432994 ], [ 126.966942059228657, 37.243509581091793 ], [ 126.966303143486499, 37.243144690454713 ], [ 126.964588066747766, 37.242045219412461 ], [ 126.964584731132703, 37.242043288110438 ], [ 126.964581635107223, 37.242041116734967 ], [ 126.963864997784299, 37.241586252811892 ], [ 126.963699308469671, 37.24149343825983 ], [ 126.962583430676105, 37.240944834826884 ], [ 126.962441834448896, 37.240882471994425 ], [ 126.962293437510212, 37.240831203082003 ], [ 126.962139595821725, 37.240791496549413 ], [ 126.960781978160071, 37.240497563545517 ], [ 126.960704611161731, 37.240482366883874 ], [ 126.95587179281074, 37.239628955608907 ], [ 126.955669808065892, 37.239603406804143 ], [ 126.95435084427973, 37.239501417047066 ], [ 126.954197780336443, 37.239495158896027 ], [ 126.953158053720955, 37.239490362158087 ], [ 126.952970599165141, 37.239497823527415 ], [ 126.952785333143112, 37.23952184645352 ], [ 126.951544037394711, 37.239739916296244 ], [ 126.95152183372025, 37.239743942345406 ], [ 126.950520701211659, 37.239931140354507 ], [ 126.950353724730903, 37.239969694746357 ], [ 126.95019257923714, 37.240021747149072 ], [ 126.945897325191495, 37.241618965408179 ], [ 126.944110096766153, 37.242204519990722 ], [ 126.943377631894606, 37.24236053662861 ], [ 126.941967931060603, 37.242597282615058 ], [ 126.916172829663921, 37.246209726737916 ], [ 126.91606435760562, 37.246227851442733 ], [ 126.914622391843707, 37.246508489660691 ], [ 126.914394018198507, 37.246566920156312 ], [ 126.913311482117038, 37.246913265581149 ], [ 126.913222746490192, 37.246944036569616 ], [ 126.908167219191668, 37.248836086441955 ], [ 126.89556135299847, 37.253335580453111 ], [ 126.895512701930159, 37.253353687427904 ] ], [ [ 127.003843713173126, 37.434560175146174 ], [ 127.003988082548204, 37.434715845353381 ], [ 127.004193874046308, 37.435075576466446 ], [ 127.00421648403838, 37.435113526413481 ], [ 127.004451241741648, 37.435492258297089 ], [ 127.004480399146857, 37.435537163222406 ], [ 127.005027883052861, 37.436343048159131 ], [ 127.005880134095321, 37.437744429688927 ], [ 127.005952027522753, 37.43785034971642 ], [ 127.006522496870204, 37.438608105519563 ], [ 127.006664242371784, 37.438940964228642 ], [ 127.006687209018949, 37.439112851337732 ], [ 127.006682665809222, 37.439161747554763 ], [ 127.006060307537254, 37.438088315165921 ], [ 127.005999098922672, 37.437992869535528 ], [ 127.003579871086231, 37.434562909281489 ], [ 127.003843713173126, 37.434560175146174 ] ], [ [ 126.863827902806548, 37.270530472424923 ], [ 126.864691064030239, 37.270203151141708 ], [ 126.866711313815074, 37.269647201447484 ], [ 126.875831951682414, 37.267693878156237 ], [ 126.875965878437441, 37.267660373597472 ], [ 126.877168889914898, 37.267315006507999 ], [ 126.877316098810596, 37.267266375509003 ], [ 126.877456931941921, 37.267206894363134 ], [ 126.877590140681875, 37.267137090436329 ], [ 126.878956826111619, 37.266344944302432 ], [ 126.879044481740053, 37.266290542975646 ], [ 126.884900639139317, 37.262403037393781 ], [ 126.890122466169473, 37.258977245074604 ], [ 126.891418949286518, 37.25816513095495 ], [ 126.892386264526976, 37.257656815943079 ], [ 126.894176266748872, 37.256877252104964 ], [ 126.896964923419091, 37.255796056698323 ], [ 126.909560366390977, 37.251300257187005 ], [ 126.909573808088197, 37.25129481095248 ], [ 126.909587753363823, 37.251290244945764 ], [ 126.914613229399507, 37.249409432780411 ], [ 126.915539283392732, 37.249113151268958 ], [ 126.916810642575101, 37.248865716461665 ], [ 126.94257991841242, 37.245256885045755 ], [ 126.942635539966744, 37.245248319220281 ], [ 126.944117139658829, 37.244999498554428 ], [ 126.944204843867951, 37.244982805822708 ], [ 126.945086081610214, 37.244795099859971 ], [ 126.94529197262932, 37.244739700046033 ], [ 126.947216269194641, 37.244109235522863 ], [ 126.947288146194225, 37.244084113483559 ], [ 126.95146086585514, 37.242532456452899 ], [ 126.952281033169854, 37.242379095852471 ], [ 126.953327079940607, 37.242195328113716 ], [ 126.954101569074609, 37.242198901043388 ], [ 126.955242258359164, 37.24228710604779 ], [ 126.959936299728284, 37.243116012238829 ], [ 126.961019724628059, 37.243350582577023 ], [ 126.961841227430767, 37.243754465286763 ], [ 126.962475282379657, 37.244156919261641 ], [ 126.964223827813299, 37.24527786547268 ], [ 126.964298727753615, 37.24532320649395 ], [ 126.964975890266047, 37.24570994626049 ], [ 126.96565305970762, 37.246096682183847 ], [ 126.965805964148146, 37.246174465389451 ], [ 126.965968402290073, 37.246238721561156 ], [ 126.967003131276243, 37.246594201843614 ], [ 126.980127481709715, 37.251143889199895 ], [ 126.980136091026836, 37.251146479771748 ], [ 126.980144448356484, 37.251149684551692 ], [ 126.980154656031573, 37.251152654863944 ], [ 126.980164444390894, 37.251156286019999 ], [ 126.985911355219343, 37.253019834759584 ], [ 126.985929276215757, 37.253025550482562 ], [ 126.989818416708516, 37.254245360757118 ], [ 126.990088813600607, 37.254379053293924 ], [ 126.990387460544696, 37.254741352303569 ], [ 126.991172450192337, 37.256746550826719 ], [ 126.993204497568684, 37.262678803273261 ], [ 126.993250732752003, 37.262793450610467 ], [ 126.993802843995027, 37.263978818208791 ], [ 126.993854157738852, 37.264076987468151 ], [ 126.993914970274716, 37.264171628072397 ], [ 126.994549031813349, 37.26506958419273 ], [ 126.994658777676264, 37.265205346817773 ], [ 126.994788009874881, 37.265329672345956 ], [ 126.995504018804397, 37.265940214868628 ], [ 126.99562065306209, 37.2660305555981 ], [ 126.995747589907211, 37.266111540390952 ], [ 126.9958836592468, 37.266182422716284 ], [ 126.996027606792026, 37.266242549167288 ], [ 126.997554787076481, 37.266807579441121 ], [ 126.992313000187124, 37.276361454830969 ], [ 126.988075146240547, 37.283383898567891 ], [ 126.988074744485289, 37.283384657298846 ], [ 126.988074252695228, 37.283385381389699 ], [ 126.986747721230984, 37.285590094522952 ], [ 126.984575503188339, 37.288401920245825 ], [ 126.980813040852013, 37.292904129851259 ], [ 126.977965925848082, 37.296203062218417 ], [ 126.976531263355128, 37.297523246375626 ], [ 126.976010201063488, 37.297872286174474 ], [ 126.97531642754339, 37.29819266255852 ], [ 126.974672758261832, 37.298384043546356 ], [ 126.970859252973256, 37.298977211167362 ], [ 126.965822732408796, 37.299430679226511 ], [ 126.965731614479424, 37.299440891764739 ], [ 126.963579983549835, 37.299729869020283 ], [ 126.963432711284895, 37.299755075958174 ], [ 126.96328882723391, 37.299790642449757 ], [ 126.96135418357899, 37.300345324723956 ], [ 126.961218835225893, 37.300389488710458 ], [ 126.961088762870176, 37.300442819309829 ], [ 126.96096493710651, 37.300504918575534 ], [ 126.960848281924626, 37.3005753231295 ], [ 126.959321309982712, 37.301582499904427 ], [ 126.956530676342339, 37.303395798797922 ], [ 126.956429038336751, 37.303467426288165 ], [ 126.953305470892346, 37.305852900362495 ], [ 126.953165181015933, 37.305973956977461 ], [ 126.952048830426648, 37.307063687062545 ], [ 126.951959271896612, 37.307159451767482 ], [ 126.951880652017593, 37.307261160672546 ], [ 126.949093957210209, 37.311250386459193 ], [ 126.94787862111599, 37.312787803122156 ], [ 126.947784535716323, 37.312923481943486 ], [ 126.947185099580167, 37.313918634556195 ], [ 126.947132923375918, 37.3140145881599 ], [ 126.947090191491, 37.314113476562007 ], [ 126.946821166747128, 37.314824062853369 ], [ 126.946787812755488, 37.314926465632176 ], [ 126.946764586886758, 37.31503063806209 ], [ 126.946611955238708, 37.315914307668862 ], [ 126.946599838876821, 37.316008943194021 ], [ 126.946511000316292, 37.317070860690457 ], [ 126.946507969977162, 37.317121135362136 ], [ 126.946391653682809, 37.320270343068337 ], [ 126.946391725915063, 37.320273286519431 ], [ 126.946391452542215, 37.320276222428959 ], [ 126.946255539126909, 37.324592551809481 ], [ 126.946255227621037, 37.324648516472919 ], [ 126.946632736752363, 37.343193079370472 ], [ 126.94664073473011, 37.343655921030077 ], [ 126.946819086563636, 37.354218800840108 ], [ 126.94687942821723, 37.360382616133123 ], [ 126.946870411376352, 37.361028711486902 ], [ 126.94672378390203, 37.361528448489452 ], [ 126.945885228857961, 37.363352230676448 ], [ 126.945731715619928, 37.36325854005046 ], [ 126.945638230631843, 37.363180420400248 ], [ 126.945504164723545, 37.363089478768075 ], [ 126.941874022745651, 37.360875428887901 ], [ 126.941808670627097, 37.360837503853986 ], [ 126.931063655963627, 37.354908459108117 ], [ 126.929066612046825, 37.353631155152669 ], [ 126.928230984742243, 37.35199022735965 ], [ 126.926743720543783, 37.347075995436093 ], [ 126.925146642338447, 37.340825587446751 ], [ 126.92430120664028, 37.33485789806393 ], [ 126.924269226654417, 37.334708109822472 ], [ 126.924216400000446, 37.334562132801445 ], [ 126.923310875522262, 37.332501791402855 ], [ 126.923255619250597, 37.332391758255191 ], [ 126.923188504879775, 37.332286013139225 ], [ 126.923110048432235, 37.332185369020706 ], [ 126.91977786906196, 37.32830116293038 ], [ 126.905763203234073, 37.311401904505473 ], [ 126.905701068248888, 37.31133189282901 ], [ 126.901790544638004, 37.307209180339512 ], [ 126.901705550151547, 37.307126569574393 ], [ 126.901612648862724, 37.307049582338706 ], [ 126.900515459690467, 37.306209500898795 ], [ 126.900394483241854, 37.306125288111296 ], [ 126.900264067229841, 37.306050604903241 ], [ 126.900125383805985, 37.305986122496222 ], [ 126.899979679415679, 37.305932420429528 ], [ 126.895015779009441, 37.304326080534906 ], [ 126.894922395062878, 37.304298384850306 ], [ 126.885996738821447, 37.301887062250479 ], [ 126.885855428501443, 37.301854274213603 ], [ 126.885711087240608, 37.301831415183578 ], [ 126.876927084701691, 37.300754579978829 ], [ 126.876772638397526, 37.300741400700566 ], [ 126.876617330064278, 37.300739587925413 ], [ 126.872224329809455, 37.300849358859466 ], [ 126.87214192722702, 37.300853024604486 ], [ 126.86657864983404, 37.301209251102279 ], [ 126.866568972305728, 37.301210254285166 ], [ 126.866559222406366, 37.301210584627995 ], [ 126.866486637243597, 37.301218789192077 ], [ 126.866413938560527, 37.301226325136277 ], [ 126.866404430714198, 37.301228081238087 ], [ 126.866394768290931, 37.301229173406327 ], [ 126.866323539275086, 37.301243021874662 ], [ 126.866252115244052, 37.301256213831365 ], [ 126.866242868640825, 37.301258705940668 ], [ 126.866233386743318, 37.301260549416689 ], [ 126.866164199814605, 37.301279908427261 ], [ 126.866094738254347, 37.301298629357184 ], [ 126.866085841939906, 37.301301833474724 ], [ 126.866076631879636, 37.301304410505757 ], [ 126.866010153315599, 37.301329093629533 ], [ 126.865943323149224, 37.301353163248805 ], [ 126.865934862796365, 37.301357048518632 ], [ 126.865926013267412, 37.301360334287693 ], [ 126.865862883267454, 37.301390103823771 ], [ 126.865799328081522, 37.301419290339823 ], [ 126.865791385165366, 37.301423819346283 ], [ 126.865782981390382, 37.301427782211178 ], [ 126.865723807911351, 37.301462351475422 ], [ 126.865664139758593, 37.301496373818942 ], [ 126.865656790771766, 37.301501502947126 ], [ 126.865648913681468, 37.301506104744973 ], [ 126.865594266583585, 37.301545140830534 ], [ 126.865547882361, 37.30157751399598 ], [ 126.863026233350226, 37.301743914802593 ], [ 126.862938055519265, 37.30175159566901 ], [ 126.861797644336335, 37.301875160520993 ], [ 126.861628749462142, 37.301900492532695 ], [ 126.861463940593381, 37.301939375150887 ], [ 126.860747679073029, 37.302140460565575 ], [ 126.860594036790218, 37.298135266942609 ], [ 126.860591805163267, 37.298095868681678 ], [ 126.860555918151206, 37.297617057023032 ], [ 126.860502185503663, 37.296882367007584 ], [ 126.860487089587153, 37.296764684676404 ], [ 126.860372311289169, 37.296140595790277 ], [ 126.86036980953331, 37.296127443031153 ], [ 126.860177974918358, 37.295151237127563 ], [ 126.860151478679725, 37.295044589656122 ], [ 126.858629977648008, 37.289993158516495 ], [ 126.856511199573362, 37.282739007187857 ], [ 126.856406228081553, 37.282213725392907 ], [ 126.856343596731463, 37.281889416637959 ], [ 126.856421862283781, 37.28124978856313 ], [ 126.856844817716492, 37.279589004331513 ], [ 126.857138992905533, 37.27879939802726 ], [ 126.857954684887744, 37.277628074499141 ], [ 126.863419120701849, 37.270818841440622 ], [ 126.863827902806548, 37.270530472424923 ] ], [ [ 126.900034905752435, 37.43740275561693 ], [ 126.899523863833153, 37.439219505513421 ], [ 126.899349094077309, 37.439608834014315 ], [ 126.896016495565604, 37.433704558858601 ], [ 126.894678613203965, 37.431275039868524 ], [ 126.89480742142301, 37.431337900403342 ], [ 126.90066513232189, 37.434861070105896 ], [ 126.900633062451575, 37.435014183332001 ], [ 126.900034905752435, 37.43740275561693 ] ], [ [ 126.977244671848112, 37.560702568711882 ], [ 126.977191535187515, 37.560581907167418 ], [ 126.976913253621376, 37.560034404381661 ], [ 126.976839667443429, 37.559908611918893 ], [ 126.976750272367497, 37.559789486428969 ], [ 126.975400555454016, 37.558184138957287 ], [ 126.975390909565817, 37.558172790709484 ], [ 126.974540125318441, 37.557182685821772 ], [ 126.974512329724078, 37.557151303805753 ], [ 126.973808697967343, 37.556380356581236 ], [ 126.973711857575211, 37.55628423305987 ], [ 126.973717378281293, 37.556267368588102 ], [ 126.973743398024695, 37.556136316513623 ], [ 126.973753157352164, 37.556003865093146 ], [ 126.973746562361953, 37.555871289910911 ], [ 126.973723676653833, 37.555739867736342 ], [ 126.973684720713266, 37.555610864228179 ], [ 126.973630069784718, 37.555485521745887 ], [ 126.973560250255076, 37.55536504738545 ], [ 126.973475934581359, 37.555250601355404 ], [ 126.973377934812589, 37.555143285804142 ], [ 126.973267194767615, 37.555044134206938 ], [ 126.973144780944565, 37.554954101414161 ], [ 126.97301187224943, 37.554874054456796 ], [ 126.972877889060626, 37.554808732946064 ], [ 126.973930766637096, 37.553708290041982 ], [ 126.974025122657764, 37.553598925327698 ], [ 126.974105559600233, 37.553482724054817 ], [ 126.974171302858338, 37.553360805334236 ], [ 126.974221719347597, 37.553234343334992 ], [ 126.97425632359996, 37.55310455597548 ], [ 126.974274782436339, 37.552972693193297 ], [ 126.974276918172379, 37.55284002490729 ], [ 126.974262710326258, 37.552707828787085 ], [ 126.97423229581284, 37.552577377948452 ], [ 126.974185967621622, 37.552449928692681 ], [ 126.974124171992045, 37.552326708408138 ], [ 126.974047504113173, 37.552208903750554 ], [ 126.973956702389174, 37.552097649215789 ], [ 126.97385264132626, 37.551994016214962 ], [ 126.973736323109165, 37.551899002757494 ], [ 126.973608867949011, 37.55181352384087 ], [ 126.973471503294689, 37.551738402640161 ], [ 126.973325552012682, 37.551674362581593 ], [ 126.973172419648023, 37.551622020376826 ], [ 126.97301358089004, 37.551581880084768 ], [ 126.972850565372582, 37.551554328258192 ], [ 126.972684942945406, 37.551539630221846 ], [ 126.972518308558691, 37.5515379275177 ], [ 126.972352266906171, 37.551549236542229 ], [ 126.972188416974248, 37.551573448388446 ], [ 126.97202833664619, 37.551610329894643 ], [ 126.971928953709096, 37.551641920477451 ], [ 126.972397710729112, 37.546714773607214 ], [ 126.973308689728796, 37.542508211788146 ], [ 126.974116557923267, 37.540530871869336 ], [ 126.976213113564228, 37.53826734263739 ], [ 126.97812038014591, 37.537074353948185 ], [ 126.97974104722789, 37.536456857491629 ], [ 126.982059206271146, 37.536321914249122 ], [ 127.012620541368406, 37.536742616315721 ], [ 127.012768270804273, 37.536739508365358 ], [ 127.012915101189279, 37.536726182079157 ], [ 127.019628030654388, 37.535879642748718 ], [ 127.019783185231987, 37.535854112099223 ], [ 127.033337196642961, 37.533092106880432 ], [ 127.033446056634503, 37.533066803095501 ], [ 127.048530512878102, 37.529119421664078 ], [ 127.048703143537637, 37.529065753762914 ], [ 127.050810490751502, 37.528302563385537 ], [ 127.049122941500499, 37.531377030517589 ], [ 127.04909143495037, 37.531438497792138 ], [ 127.042394127804371, 37.545477471487629 ], [ 127.04233787641509, 37.545618020743305 ], [ 127.037363503662576, 37.560876595568992 ], [ 127.037354397483412, 37.56091148053715 ], [ 127.037343308585363, 37.560945999898713 ], [ 127.037337505237943, 37.560976121875782 ], [ 127.037329701511524, 37.561005956155327 ], [ 127.037319984944247, 37.561055071081185 ], [ 127.03722379187036, 37.561146978031282 ], [ 127.037130167710657, 37.561256746620138 ], [ 127.037050509693785, 37.561373291839324 ], [ 127.036985585016467, 37.561495491323598 ], [ 127.036936018998603, 37.561622168249933 ], [ 127.036902289059014, 37.56175210267007 ], [ 127.036290290408175, 37.564876148481702 ], [ 127.036282892945508, 37.564918244830558 ], [ 127.036105111200087, 37.566060529465055 ], [ 127.036093479252273, 37.566174799943397 ], [ 127.036094051052473, 37.566289444025749 ], [ 127.036106822545165, 37.566403637376858 ], [ 127.036203615204116, 37.566987498424218 ], [ 127.036243252174415, 37.567149545939643 ], [ 127.03630740598102, 37.567306539916395 ], [ 127.036644596570582, 37.567987259109017 ], [ 127.036705252627527, 37.568095538912829 ], [ 127.036777592764068, 37.568199172689773 ], [ 127.0370515455961, 37.568554032995735 ], [ 127.037053159706176, 37.568558317522829 ], [ 127.037123900524122, 37.568691992738245 ], [ 127.037212225869837, 37.568818866222543 ], [ 127.039497373863114, 37.571722019568675 ], [ 127.041599408359218, 37.574444449114111 ], [ 127.041614331292109, 37.574463421679802 ], [ 127.043691552547173, 37.577056255369669 ], [ 127.034330503072596, 37.574121561310733 ], [ 127.034095732128691, 37.574063181407155 ], [ 126.980310552706257, 37.564010041795747 ], [ 126.978044089656436, 37.562836027187458 ], [ 126.977244671848112, 37.560702568711882 ] ], [ [ 127.036983678701688, 37.499379589283599 ], [ 127.036978138807569, 37.499378117142854 ], [ 127.036972790449539, 37.49937624871874 ], [ 127.029909603713861, 37.497231143993453 ], [ 127.029954211099735, 37.496944781308386 ], [ 127.033238477429336, 37.490113456945814 ], [ 127.033249652378231, 37.490089537049641 ], [ 127.03439700447241, 37.487560796305068 ], [ 127.034593516611366, 37.487153811697652 ], [ 127.040990336551673, 37.48875557701956 ], [ 127.047294197183575, 37.491179676153997 ], [ 127.056078807325051, 37.495642203528853 ], [ 127.061985687881588, 37.500715717562535 ], [ 127.062916220321029, 37.50237500629823 ], [ 127.063102826858909, 37.503511018403088 ], [ 127.063068835492146, 37.504798230740029 ], [ 127.062781813438534, 37.506252850511608 ], [ 127.06212911667842, 37.507146320832526 ], [ 127.058944194337798, 37.506144629397838 ], [ 127.054272485126177, 37.504675749066493 ], [ 127.054254049237386, 37.504670050643938 ], [ 127.049455195423377, 37.503212196780893 ], [ 127.042768390820541, 37.501172398318367 ], [ 127.036983678701688, 37.499379589283599 ] ], [ [ 127.018682353437114, 37.513142020632486 ], [ 127.01832949225431, 37.514320010850099 ], [ 127.016434071014217, 37.513691181159196 ], [ 127.012450252781818, 37.511818733063791 ], [ 127.007874990204911, 37.509600820681484 ], [ 127.00694160213277, 37.50912245912933 ], [ 127.006425200826328, 37.508836809202215 ], [ 127.006190876393148, 37.508701064130193 ], [ 127.006013447860852, 37.508559690949504 ], [ 127.005945466842391, 37.508495705447174 ], [ 127.005841524545886, 37.508348118092087 ], [ 127.005840418413115, 37.508346549939354 ], [ 127.005794136638869, 37.508281038770683 ], [ 127.005789825295906, 37.508272433646255 ], [ 127.005645225545294, 37.507773403907223 ], [ 127.005576224324983, 37.507508538096573 ], [ 127.005598949244671, 37.507351544243313 ], [ 127.005867729789728, 37.50670433796553 ], [ 127.006173390843983, 37.506125278767826 ], [ 127.006208723244143, 37.506052538974487 ], [ 127.006519404440695, 37.505353665933178 ], [ 127.007840048405768, 37.5028123094256 ], [ 127.008185758704897, 37.502314433650106 ], [ 127.008819714399806, 37.501996456013515 ], [ 127.008850471590605, 37.501980657276988 ], [ 127.009882775887064, 37.501437752643447 ], [ 127.011969795559807, 37.500393056527507 ], [ 127.012793549764055, 37.499998982949968 ], [ 127.012932720601555, 37.499924722216349 ], [ 127.013062024340925, 37.499839892041287 ], [ 127.013180201209693, 37.4997453189252 ], [ 127.013699476271384, 37.499286542263626 ], [ 127.013807592963019, 37.499180741933884 ], [ 127.013901775766698, 37.499066798938614 ], [ 127.013981065673875, 37.498945873570996 ], [ 127.014229139377008, 37.498515973910507 ], [ 127.014297433008025, 37.498378196495146 ], [ 127.014346398360445, 37.498235293371927 ], [ 127.014418938486315, 37.497966371236629 ], [ 127.014427028099149, 37.497934522764652 ], [ 127.014884822890323, 37.496013705697315 ], [ 127.015004192294711, 37.495525121341188 ], [ 127.01989645804062, 37.497067809150181 ], [ 127.019912723111545, 37.497072860661206 ], [ 127.025440111583322, 37.498763314157991 ], [ 127.023019564153401, 37.503775686284406 ], [ 127.023018609839738, 37.503777994345192 ], [ 127.023017386179802, 37.503780220286245 ], [ 127.019895453126807, 37.510313809222403 ], [ 127.019886881957802, 37.510334788041327 ], [ 127.019876604020212, 37.510355274516051 ], [ 127.018728212809663, 37.513016251793765 ], [ 127.018682353437114, 37.513142020632486 ] ], [ [ 127.015589055866272, 37.492691049658461 ], [ 127.016377037602737, 37.488167230501894 ], [ 127.016497908565242, 37.487811038663715 ], [ 127.016726877961091, 37.487387330480729 ], [ 127.017818969222674, 37.485606622391714 ], [ 127.01842750680683, 37.484663131589535 ], [ 127.018447373116956, 37.484631307868874 ], [ 127.01878149407851, 37.484077953794646 ], [ 127.01974381787403, 37.48412435098453 ], [ 127.026994280388578, 37.48503490937793 ], [ 127.030894148168031, 37.485554497915984 ], [ 127.031372324670855, 37.485942647837305 ], [ 127.031494628147655, 37.486032635286918 ], [ 127.031498008830809, 37.486034672227966 ], [ 127.031223763851614, 37.486602596442474 ], [ 127.031211672808723, 37.486628417287008 ], [ 127.03006379370396, 37.489158084496069 ], [ 127.02671150036592, 37.496130280004948 ], [ 127.026658719074462, 37.496239593582153 ], [ 127.021137138245791, 37.494550925694135 ], [ 127.015693373403991, 37.49283432518412 ], [ 127.015589055866272, 37.492691049658461 ] ] ] } }
]
}
