{
"type": "FeatureCollection",
"name": "pangyo_iso30",
"crs": { "type": "name", "properties": { "name": "urn:ogc:def:crs:OGC:1.3:CRS84" } },
"features": [
{ "type": "Feature", "properties": { }, "geometry": { "type": "Polygon", "coordinates": [ [ [ 127.025893134398189, 37.480699285312163 ], [ 127.026008839884199, 37.48082882841571 ], [ 127.027563773906422, 37.482369203418251 ], [ 127.027546025535557, 37.482366838458042 ], [ 127.027530268609993, 37.482364799532938 ], [ 127.020191731197102, 37.481443180022509 ], [ 127.020030003743159, 37.481429156374539 ], [ 127.018746433342912, 37.481367270131358 ], [ 127.018523534481218, 37.481368212391061 ], [ 127.018384923965144, 37.481376073028521 ], [ 127.018359924914392, 37.481377638771626 ], [ 127.018125452844913, 37.481393714274972 ], [ 127.017952815405835, 37.48141270962153 ], [ 127.017783533919769, 37.481445718194784 ], [ 127.01749430738127, 37.481514838147412 ], [ 127.017265416335462, 37.481584244276789 ], [ 127.017084335213497, 37.481651445653917 ], [ 127.016957513640662, 37.481703795341524 ], [ 127.016836666476451, 37.481764460052446 ], [ 127.016727760915927, 37.48182437637697 ], [ 127.016626383689143, 37.481884720122828 ], [ 127.016530931861865, 37.481950917218228 ], [ 127.016412464014635, 37.482039474957965 ], [ 127.016306479584557, 37.482126124850659 ], [ 127.016210640901633, 37.482219979054776 ], [ 127.016125715631048, 37.482320285838576 ], [ 127.015942382358418, 37.482559230747576 ], [ 127.015861044491942, 37.482678264072426 ], [ 127.015399374741108, 37.483442809563606 ], [ 127.014793171532077, 37.484382622610511 ], [ 127.014786089628473, 37.484395068459442 ], [ 127.014777812656931, 37.48440703688825 ], [ 127.013660271042809, 37.486229122825023 ], [ 127.013626302352918, 37.486288046330728 ], [ 127.013333314350461, 37.486830179166446 ], [ 127.013253787697423, 37.487011991572764 ], [ 127.013073299906694, 37.487543798745349 ], [ 127.013030578010657, 37.487710850652796 ], [ 127.012318838907518, 37.49179594463385 ], [ 127.011202864773722, 37.491454207187758 ], [ 127.008321525892597, 37.490553248428988 ], [ 127.008163723554262, 37.490510896686963 ], [ 127.00800147152043, 37.490481073350509 ], [ 127.0078363322896, 37.490464065619179 ], [ 127.007669896159555, 37.490460037277515 ], [ 127.007503765915061, 37.490469027117975 ], [ 127.007339541395567, 37.490490948567469 ], [ 127.007178804091097, 37.490525590520946 ], [ 127.007023101914811, 37.490572619374028 ], [ 127.006873934298611, 37.49063158223521 ], [ 127.006732737755371, 37.49070191128655 ], [ 127.006600872046477, 37.490782929251147 ], [ 127.006479607088025, 37.49087385591433 ], [ 127.006370110721932, 37.490973815636544 ], [ 127.006273437468892, 37.491081845784734 ], [ 127.00619051837262, 37.491196906001804 ], [ 127.006122152032162, 37.491317888224629 ], [ 127.006068996909434, 37.491443627354094 ], [ 127.006031564985562, 37.491572912474687 ], [ 127.006010216827733, 37.491704498515446 ], [ 127.006005158113666, 37.491837118240106 ], [ 127.006016437647645, 37.491969494450899 ], [ 127.006043946887303, 37.49210035228856 ], [ 127.006087420985452, 37.492228431510107 ], [ 127.006146441337748, 37.492352498626033 ], [ 127.006220439611084, 37.492471358780122 ], [ 127.006308703214501, 37.492583867257459 ], [ 127.006410382159771, 37.492688940509652 ], [ 127.006524497245763, 37.492785566591138 ], [ 127.006649949487823, 37.492872814906079 ], [ 127.006785530701421, 37.492949845171765 ], [ 127.00692993513789, 37.493015915512316 ], [ 127.007081772060744, 37.493070389604597 ], [ 127.00996874053223, 37.493973113651698 ], [ 127.009979852606691, 37.493976552259817 ], [ 127.011789691714043, 37.494530763677929 ], [ 127.011552841285578, 37.4955000337741 ], [ 127.01155136600245, 37.49550614600431 ], [ 127.011096565653474, 37.497414044347586 ], [ 127.011067548824187, 37.497521598687321 ], [ 127.011005657682063, 37.497628845525576 ], [ 127.010829373180982, 37.497784587392601 ], [ 127.010207993411314, 37.498081843535161 ], [ 127.010178740119173, 37.498096160349007 ], [ 127.008061053914275, 37.499156195406954 ], [ 127.008028946501724, 37.499172671008452 ], [ 127.006995994155758, 37.499715910118198 ], [ 127.006333210979264, 37.500048342963666 ], [ 127.006265156709418, 37.50008432718203 ], [ 127.006009930160147, 37.500226445027103 ], [ 127.005867375715212, 37.500315197164952 ], [ 127.005737490356424, 37.500415535934309 ], [ 127.005621750341547, 37.500526320939635 ], [ 127.005407351852881, 37.500755345867496 ], [ 127.005282762407816, 37.50090916408935 ], [ 127.004823787065533, 37.501570121863317 ], [ 127.004740760974485, 37.501707429200096 ], [ 127.004500520542422, 37.502169709537675 ], [ 127.004367763584881, 37.502213285518451 ], [ 127.004220741032128, 37.50227560927717 ], [ 127.004082093846151, 37.502349113709286 ], [ 127.003953157241071, 37.502433090958043 ], [ 127.003835172928902, 37.502526732309796 ], [ 127.003729277162037, 37.50262913598111 ], [ 127.003636489790296, 37.502739315802117 ], [ 127.003557704438848, 37.502856210712565 ], [ 127.003493679900799, 37.502978694979262 ], [ 127.003445032827699, 37.503105589036288 ], [ 127.003412231788673, 37.503235670843999 ], [ 127.003395592755069, 37.503367687657182 ], [ 127.003395276054363, 37.503500368089128 ], [ 127.00341128482296, 37.503632434355467 ], [ 127.003443464972577, 37.50376261457999 ], [ 127.00349150667104, 37.50388965504365 ], [ 127.00354894042313, 37.504000716543565 ], [ 127.003366446202932, 37.504351856131848 ], [ 127.003310361354238, 37.504476787099321 ], [ 127.003269917094073, 37.504605495991349 ], [ 127.003245502998638, 37.504736743287495 ], [ 127.003237354271462, 37.504869265014996 ], [ 127.00323784505693, 37.504877201235416 ], [ 127.003142558295224, 37.504913943822771 ], [ 127.003000483577836, 37.50498317587288 ], [ 127.002867610625032, 37.505063168563531 ], [ 127.002745219051647, 37.505153151553891 ], [ 127.002634487547738, 37.505252258292408 ], [ 127.002536482527432, 37.505359534360828 ], [ 127.002452147858506, 37.50547394666448 ], [ 127.002382295771298, 37.505594393380314 ], [ 127.002327599035041, 37.505719714566894 ], [ 127.002288584476446, 37.505848703334259 ], [ 127.002265627903597, 37.505980117466081 ], [ 127.002258950483736, 37.50611269138232 ], [ 127.002268616610166, 37.506245148327011 ], [ 127.002294533278686, 37.506376212664065 ], [ 127.002336450980096, 37.50650462216241 ], [ 127.002393966099802, 37.506629140152363 ], [ 127.002466524802074, 37.506748567436077 ], [ 127.002553428361182, 37.506861753837242 ], [ 127.002653839888382, 37.506967609278981 ], [ 127.002766792390119, 37.507065114282987 ], [ 127.002891198079752, 37.507153329788956 ], [ 127.003025858853263, 37.507231406199537 ], [ 127.003169477827939, 37.507298591563675 ], [ 127.003320671833137, 37.507354238819588 ], [ 127.005405194729903, 37.508024628417608 ], [ 127.00562770388629, 37.508082326650339 ], [ 127.005688086046788, 37.508094388765429 ], [ 127.005918443075544, 37.508127156372296 ], [ 127.007090151095639, 37.508228073873831 ], [ 127.00731150256081, 37.508235550261738 ], [ 127.007370441189551, 37.508234472747311 ], [ 127.007591129308281, 37.508218914979558 ], [ 127.008156171702808, 37.508149233073581 ], [ 127.008160843597622, 37.5081545460448 ], [ 127.008246918798406, 37.50824421851145 ], [ 127.008342084442916, 37.508327858156136 ], [ 127.008445677117237, 37.508404881888644 ], [ 127.008870936515194, 37.508695578698109 ], [ 127.009023519356944, 37.508788474582985 ], [ 127.009188299603196, 37.508867043682457 ], [ 127.009363167410029, 37.508930279981918 ], [ 127.010009210832607, 37.509129609904328 ], [ 127.010020413801229, 37.509133030196004 ], [ 127.010875552119629, 37.509391344103634 ], [ 127.019206600746912, 37.511907787227869 ], [ 127.018728212809663, 37.513016251793765 ], [ 127.018682353437114, 37.513142020632486 ], [ 127.017738948586768, 37.516291391896914 ], [ 127.017733826222141, 37.516313176650414 ], [ 127.017726929778831, 37.516334639796021 ], [ 127.017723695118306, 37.516351416484277 ], [ 127.017718931202921, 37.516367960256439 ], [ 127.01771458608853, 37.5163950023288 ], [ 127.017708283872878, 37.516421804756355 ], [ 127.017705867140066, 37.516443881821544 ], [ 127.017701644474499, 37.516465782766488 ], [ 127.017700489807154, 37.516482731215362 ], [ 127.017697784585891, 37.516499567265654 ], [ 127.017696787886948, 37.516526821467671 ], [ 127.017693814473233, 37.516553983778422 ], [ 127.017694125992108, 37.516576140472331 ], [ 127.017692618452031, 37.516598268387831 ], [ 127.017693554908831, 37.516615225375304 ], [ 127.017692934445236, 37.516632191564305 ], [ 127.017695296542101, 37.516659395448613 ], [ 127.017695679821074, 37.516686656013391 ], [ 127.01769871592964, 37.516708678963909 ], [ 127.017699938722799, 37.516730820755384 ], [ 127.017702957296237, 37.516747622976318 ], [ 127.01770442757676, 37.516764555910413 ], [ 127.017710126497576, 37.516791447423593 ], [ 127.017713862038505, 37.516818543754923 ], [ 127.017719592847172, 37.516840220955494 ], [ 127.017723534874762, 37.516862163314968 ], [ 127.017728606505102, 37.516878648953906 ], [ 127.017732153381075, 37.516895385558939 ], [ 127.017741134990843, 37.516921705567547 ], [ 127.017748186105365, 37.516948376845207 ], [ 127.017756555803174, 37.516969499693154 ], [ 127.017763179747291, 37.516991031157012 ], [ 127.017770255602017, 37.517007041446519 ], [ 127.01777584492541, 37.517023420538209 ], [ 127.017788023426078, 37.517048915330513 ], [ 127.017798321541562, 37.517074904907453 ], [ 127.017809248951025, 37.517095270206859 ], [ 127.017818491615571, 37.51711618319856 ], [ 127.017827503559303, 37.517131563948325 ], [ 127.017835081511208, 37.517147427784735 ], [ 127.017850340248344, 37.517171851523074 ], [ 127.017863785586641, 37.517196909388197 ], [ 127.017877164960979, 37.517216321297994 ], [ 127.01788893786393, 37.517236414136192 ], [ 127.017899799114261, 37.517251017218115 ], [ 127.017909292722905, 37.517266213018758 ], [ 127.017927485292219, 37.51728933011907 ], [ 127.017943947846362, 37.517313215293484 ], [ 127.017959649901087, 37.517331487202348 ], [ 127.017973840112617, 37.517350566054603 ], [ 127.017986446075582, 37.517364250829395 ], [ 127.017997763918657, 37.517378632246817 ], [ 127.018018715562405, 37.517400219661653 ], [ 127.018038036361389, 37.517422702505492 ], [ 127.018055909529465, 37.517439658816286 ], [ 127.018072380748734, 37.517457539578892 ], [ 127.01808661002589, 37.51747017425069 ], [ 127.018099643110887, 37.517483602779947 ], [ 127.018123152390984, 37.517503452162593 ], [ 127.018145145039867, 37.517524316571013 ], [ 127.018165016938212, 37.517539794377548 ], [ 127.018183610798744, 37.517556304463284 ], [ 127.01819932635614, 37.517567767349057 ], [ 127.01821394916972, 37.517580113661779 ], [ 127.018239789902253, 37.517598033390136 ], [ 127.018264242382358, 37.517617078857747 ], [ 127.018285921475396, 37.517630929498502 ], [ 127.018306459066565, 37.517645909514229 ], [ 127.018323509554392, 37.517656090215851 ], [ 127.018339581271164, 37.517667235405867 ], [ 127.018367504703278, 37.517683052445534 ], [ 127.018394181415218, 37.517700095980089 ], [ 127.018417458858792, 37.517712186454752 ], [ 127.018439742449416, 37.517725491752188 ], [ 127.018457963659586, 37.517734292219728 ], [ 127.01847532949823, 37.517744128948429 ], [ 127.018505066707121, 37.517757690536776 ], [ 127.018533710736463, 37.517772568404489 ], [ 127.018558362385264, 37.517782782639785 ], [ 127.018582177331908, 37.517794284723919 ], [ 127.018601393779591, 37.51780162020016 ], [ 127.01861988649361, 37.517810053730308 ], [ 127.0186511509838, 37.517821228864477 ], [ 127.018681486568298, 37.517833798150534 ], [ 127.018707275126744, 37.517842038104142 ], [ 127.018732391948973, 37.517851625885058 ], [ 127.01875241856284, 37.517857425721878 ], [ 127.018771860051316, 37.517864374830218 ], [ 127.018804350525514, 37.517873055544044 ], [ 127.018836085699661, 37.517883195514123 ], [ 127.018862762996363, 37.517889382106247 ], [ 127.018888939598156, 37.517896962982014 ], [ 127.018909583502833, 37.517901171320894 ], [ 127.018929786525987, 37.517906569080452 ], [ 127.018963189801852, 37.517912671497506 ], [ 127.018996019194432, 37.517920284747696 ], [ 127.019023328558461, 37.517924358612184 ], [ 127.019050312574251, 37.517929859371463 ], [ 127.019071374948211, 37.517932435681523 ], [ 127.019092144930866, 37.517936230106351 ], [ 127.019126138975224, 37.517939695258335 ], [ 127.019159746733123, 37.517944708642915 ], [ 127.019187425450028, 37.517946630690723 ], [ 127.019214956691798, 37.517949998226328 ], [ 127.019236234682495, 37.517950917694826 ], [ 127.019257371588225, 37.517953072240658 ], [ 127.019291628638953, 37.517953866643019 ], [ 127.01932569144968, 37.517956231971461 ], [ 127.019353473273895, 37.517955983761496 ], [ 127.019381286255737, 37.517957185587676 ], [ 127.019402574933537, 37.517956439358933 ], [ 127.019423875191592, 37.517956933275272 ], [ 127.019458064936273, 37.517955049254063 ], [ 127.019492255120781, 37.517954743750899 ], [ 127.019519872820965, 37.517952327665085 ], [ 127.019547699335533, 37.517951352232991 ], [ 127.019568793667844, 37.517948947493799 ], [ 127.019590052133964, 37.517947776023753 ], [ 127.019623844913411, 37.517943231790447 ], [ 127.019657833560743, 37.517940258313772 ], [ 127.019685021474587, 37.517935697534341 ], [ 127.01971259319609, 37.517932554343083 ], [ 127.01973329002216, 37.517928514253413 ], [ 127.019754301954848, 37.517925688679512 ], [ 127.020679338381782, 37.517763750100784 ], [ 127.020840078419553, 37.517728944122368 ], [ 127.020995761198975, 37.517681756018433 ], [ 127.021144887344661, 37.517622640258352 ], [ 127.021286020637604, 37.517552166186 ], [ 127.021417801848742, 37.517471012535538 ], [ 127.02153896183043, 37.517379960893727 ], [ 127.021648333740046, 37.517279888171565 ], [ 127.02174486427748, 37.517171758157843 ], [ 127.021827623828614, 37.517056612235955 ], [ 127.021895815416769, 37.516935559353733 ], [ 127.021948782376668, 37.51680976534238 ], [ 127.021986014676003, 37.516680441687967 ], [ 127.022007153824845, 37.516548833863339 ], [ 127.022011996325134, 37.516416209332895 ], [ 127.022000495627211, 37.51628384534596 ], [ 127.021972762574777, 37.516153016635982 ], [ 127.021929064334202, 37.516024983144376 ], [ 127.021869821818356, 37.515900977886943 ], [ 127.021795605630089, 37.51578219507995 ], [ 127.021707130564593, 37.515669778640017 ], [ 127.021605248723475, 37.515564811168566 ], [ 127.021490941307022, 37.515468303526994 ], [ 127.021478134814586, 37.515459423001012 ], [ 127.021965155982102, 37.513833328368321 ], [ 127.022379106713316, 37.512874075765616 ], [ 127.031197951150205, 37.515600603858907 ], [ 127.031211276800818, 37.515604134343711 ], [ 127.031224196620428, 37.515608518686612 ], [ 127.034005739336948, 37.516426427355441 ], [ 127.038899524671237, 37.517967748939569 ], [ 127.038943937114482, 37.517981166383038 ], [ 127.040517538529045, 37.518436596878985 ], [ 127.04067670256498, 37.518475733777493 ], [ 127.040839916371567, 37.518502255646418 ], [ 127.041005608031341, 37.518515907051786 ], [ 127.041172181758611, 37.518516556515578 ], [ 127.041338033270819, 37.518504197782221 ], [ 127.041501565242243, 37.518478949878805 ], [ 127.041661202690051, 37.518441055968609 ], [ 127.041815408145638, 37.518390881008848 ], [ 127.041962696463983, 37.518328908235191 ], [ 127.042101649128668, 37.5182557345071 ], [ 127.042230927915128, 37.518172064558627 ], [ 127.04234928777953, 37.518078704210247 ], [ 127.04245558885016, 37.517976552607188 ], [ 127.042548807404884, 37.517866593558686 ], [ 127.042628045729728, 37.51774988606229 ], [ 127.04269254076307, 37.51762755410369 ], [ 127.042741671442428, 37.517500775831245 ], [ 127.042774964683574, 37.517370772208615 ], [ 127.042792099933592, 37.517238795255601 ], [ 127.042792912255194, 37.517106115989932 ], [ 127.042777393911692, 37.516974012186353 ], [ 127.042745694438295, 37.51684375607099 ], [ 127.04269811919869, 37.516716602069216 ], [ 127.042635126441169, 37.516593774725486 ], [ 127.042557322882686, 37.51647645691088 ], [ 127.042465457863329, 37.516365778432288 ], [ 127.042360416127948, 37.516262805152962 ], [ 127.042243209304289, 37.51616852872867 ], [ 127.042114966159687, 37.516083857058973 ], [ 127.041976921730438, 37.516009605544788 ], [ 127.041830405428144, 37.515946489237095 ], [ 127.041676828238238, 37.515895115951643 ], [ 127.040125596256217, 37.515446161996444 ], [ 127.035235927071099, 37.513906144413497 ], [ 127.0351995494851, 37.513895068884075 ], [ 127.032412982378972, 37.513075687421235 ], [ 127.023521356383966, 37.510326667655278 ], [ 127.025387343503766, 37.506421222926768 ], [ 127.033211926711516, 37.508760306107021 ], [ 127.033220322219876, 37.508762795390851 ], [ 127.043466548951756, 37.511775753663379 ], [ 127.04362544868377, 37.511815530499931 ], [ 127.043788477769851, 37.511842708744283 ], [ 127.043954066071947, 37.511857026640932 ], [ 127.04412061879988, 37.511858346292868 ], [ 127.044286531873482, 37.511846654989853 ], [ 127.044450207373913, 37.511822065330961 ], [ 127.044610068935896, 37.51178481413988 ], [ 127.044764576932025, 37.511735260183777 ], [ 127.044912243303017, 37.511673880717495 ], [ 127.045051645890979, 37.511601266886402 ], [ 127.045181442137476, 37.511518118032285 ], [ 127.04530038201446, 37.511425234957144 ], [ 127.045407320063504, 37.511323512209735 ], [ 127.045501226427149, 37.511213929469257 ], [ 127.045581196766662, 37.51109754210929 ], [ 127.04564646096992, 37.510975471032673 ], [ 127.045696390566306, 37.510848891875476 ], [ 127.045730504777026, 37.510719023684089 ], [ 127.045748475142446, 37.510587117174346 ], [ 127.045750128682414, 37.510454442685869 ], [ 127.045735449558777, 37.510322277947765 ], [ 127.045704579224747, 37.510191895773289 ], [ 127.045657815059258, 37.510064551802223 ], [ 127.045595607499962, 37.509941472408748 ], [ 127.045518555702415, 37.509823842891613 ], [ 127.045427401767611, 37.509712796059787 ], [ 127.045323023593042, 37.509609401324063 ], [ 127.045206426416826, 37.509514654399212 ], [ 127.045078733135952, 37.50942946771594 ], [ 127.044941173492006, 37.509354661635022 ], [ 127.044795072228808, 37.509290956548064 ], [ 127.044641836335373, 37.509238965940952 ], [ 127.035188410876231, 37.506459189504284 ], [ 127.035162434569258, 37.506433171093043 ], [ 127.035046484678276, 37.506337925321638 ], [ 127.03491937468992, 37.506252192042403 ], [ 127.034782328729378, 37.506176796880062 ], [ 127.034636666594182, 37.506112465899271 ], [ 127.034483791045176, 37.506059818613402 ], [ 127.026679798656787, 37.503726904653391 ], [ 127.028609677315515, 37.499730182327689 ], [ 127.035758549771529, 37.501901325309461 ], [ 127.041542139870216, 37.503693796141491 ], [ 127.041550450906172, 37.503696351674485 ], [ 127.047374642296646, 37.505473048657457 ], [ 127.047420291950786, 37.505540617420465 ], [ 127.047513219715285, 37.505650724634364 ], [ 127.047619247370676, 37.5057530451882 ], [ 127.047737353829675, 37.505846593645828 ], [ 127.047866401662731, 37.505930469050512 ], [ 127.048005148052056, 37.506003863602807 ], [ 127.048152256761171, 37.506066070441555 ], [ 127.048306311004978, 37.50611649045242 ], [ 127.04846582709591, 37.506154638038844 ], [ 127.048629268735155, 37.506180145799547 ], [ 127.048795061810551, 37.506192768067486 ], [ 127.048961609559484, 37.506192383276336 ], [ 127.049127307949689, 37.506178995131492 ], [ 127.049290561130306, 37.506152732574371 ], [ 127.049449796804055, 37.506113848540423 ], [ 127.04946439723561, 37.506108990973118 ], [ 127.053035502673794, 37.507193846760707 ], [ 127.057697801974456, 37.508659776376888 ], [ 127.060781196239247, 37.509629543320216 ], [ 127.054255560755081, 37.521937828075046 ], [ 127.053042009565488, 37.523573852967289 ], [ 127.051632433302032, 37.524685887475393 ], [ 127.049498518787942, 37.525807228219051 ], [ 127.047382221608871, 37.526573657810317 ], [ 127.032440281563026, 37.530483733174428 ], [ 127.019018500358314, 37.533218792598596 ], [ 127.012530502289749, 37.534036970033647 ], [ 126.982041641269845, 37.533617244361778 ], [ 126.981888226320152, 37.533620637590083 ], [ 126.979173755566336, 37.533778648634993 ], [ 126.979016492842518, 37.533793700920214 ], [ 126.978861675989151, 37.533820359010264 ], [ 126.978710652517151, 37.533858390875622 ], [ 126.978564736925264, 37.533907465490223 ], [ 126.976486054811375, 37.534699468576129 ], [ 126.97632266182157, 37.534770744701696 ], [ 126.976170059029599, 37.53485584817475 ], [ 126.97393462598842, 37.536254079913959 ], [ 126.973819071671073, 37.536333287087409 ], [ 126.973712906313978, 37.536420430005606 ], [ 126.973616986091471, 37.536514805928562 ], [ 126.971220614831424, 37.539101927243991 ], [ 126.971120800594306, 37.539222705489557 ], [ 126.971037753870974, 37.539351280734323 ], [ 126.970972424479086, 37.53948618257985 ], [ 126.970041609735176, 37.541764211180912 ], [ 126.969982995200269, 37.541952746528096 ], [ 126.969037310291171, 37.546318669942664 ], [ 126.969017458294843, 37.546446303057529 ], [ 126.96845729431665, 37.552331370109158 ], [ 126.968453950574727, 37.552388469599258 ], [ 126.968355483736332, 37.552481693736823 ], [ 126.968261244318924, 37.552591121318223 ], [ 126.968180930438109, 37.552707376040246 ], [ 126.968115315606099, 37.552829338335442 ], [ 126.968065031788797, 37.552955833665379 ], [ 126.968030563317157, 37.553085643830954 ], [ 126.968012242220297, 37.553217518703732 ], [ 126.968010245024672, 37.553350188264645 ], [ 126.968024591050963, 37.553482374834807 ], [ 126.968400440840469, 37.555680770502228 ], [ 126.968403651259834, 37.555694475910485 ], [ 126.968405518043653, 37.555708338160663 ], [ 126.968406027542002, 37.55571028922521 ], [ 126.968406300757593, 37.555712263248594 ], [ 126.968409805746262, 37.555725489829513 ], [ 126.968412002262824, 37.555738893962989 ], [ 126.968413532773212, 37.555744147555949 ], [ 126.968414464157078, 37.555749498299157 ], [ 126.968415240196308, 37.555752068805205 ], [ 126.968415708867283, 37.555754686052843 ], [ 126.968417087768771, 37.555759176174973 ], [ 126.968417946455688, 37.555763747713193 ], [ 126.968425211671502, 37.55578672399524 ], [ 126.968430641336226, 37.555810019456437 ], [ 126.968430853547588, 37.555810603361017 ], [ 126.968430993521579, 37.555811200913652 ], [ 126.968435875887678, 37.555824589805468 ], [ 126.968439440396779, 37.555838239632614 ], [ 126.968440188784498, 37.555840144415264 ], [ 126.968440702957395, 37.555842084714499 ], [ 126.968445819523268, 37.555854974098345 ], [ 126.968449655776197, 37.555868142284517 ], [ 126.968451824465745, 37.555873248150895 ], [ 126.968453411060409, 37.555878503474425 ], [ 126.96845449984356, 37.555881001045535 ], [ 126.968455288492791, 37.55588356911818 ], [ 126.968457213578517, 37.555887930018287 ], [ 126.968458630977779, 37.555892412536643 ], [ 126.969173479843207, 37.55776053550899 ], [ 126.969229812272872, 37.557885405648875 ], [ 126.969301247956196, 37.55800527878614 ], [ 126.96938709898393, 37.558119000451022 ], [ 126.969486538605196, 37.558225475411966 ], [ 126.969598609187798, 37.558323678224454 ], [ 126.96972223143986, 37.55841266310793 ], [ 126.969856214803656, 37.558491573055356 ], [ 126.969999268921612, 37.558559648088071 ], [ 126.970150016064068, 37.558616232575993 ], [ 126.970307004399174, 37.558660781552881 ], [ 126.970468721976886, 37.558692865965668 ], [ 126.970633611292399, 37.55871217680739 ], [ 126.970800084288769, 37.558718528093671 ], [ 126.970966537653851, 37.558711858654178 ], [ 126.971131368264523, 37.558692232722052 ], [ 126.971292988628818, 37.558659839315091 ], [ 126.971449842177549, 37.558614990415045 ], [ 126.97159848923269, 37.5585588465554 ], [ 126.971750306311193, 37.558725192874249 ], [ 126.972582593832811, 37.559693814320674 ], [ 126.973830151091562, 37.561177723025928 ], [ 126.974012624039943, 37.56153675737194 ], [ 126.975158319049058, 37.564594659946025 ], [ 126.975242232740243, 37.565067196559625 ], [ 126.975285957754707, 37.565560358722003 ], [ 126.975237180624248, 37.566088095105542 ], [ 126.975233920801259, 37.566134035120285 ], [ 126.975075876667589, 37.569324762086509 ], [ 126.975060368235077, 37.569454187182707 ], [ 126.974553810488544, 37.569895885426376 ], [ 126.974467370360657, 37.569977508323213 ], [ 126.974389290150029, 37.570064305158745 ], [ 126.972797226257995, 37.571990391700687 ], [ 126.972762797696973, 37.572033816236328 ], [ 126.972112380795949, 37.572889765756827 ], [ 126.972047111812344, 37.572983922311742 ], [ 126.971991450980539, 37.5730819097801 ], [ 126.970754107933487, 37.575513334570147 ], [ 126.970700418035122, 37.575635281352746 ], [ 126.97066160027174, 37.575760750599621 ], [ 126.968099305924298, 37.586159488717904 ], [ 126.967024653112148, 37.589483268036332 ], [ 126.966106448166457, 37.590467432533778 ], [ 126.963256554567053, 37.592599083782034 ], [ 126.963230191663371, 37.59261923106974 ], [ 126.955973966447843, 37.598284634650724 ], [ 126.94068242469065, 37.610181684703662 ], [ 126.940654357515697, 37.610204032199661 ], [ 126.939403073177516, 37.611223858358407 ], [ 126.9393186620498, 37.611297947676498 ], [ 126.938108326933687, 37.61244262417587 ], [ 126.936965314220529, 37.613063718673772 ], [ 126.935338941335644, 37.61374110393028 ], [ 126.935170114773427, 37.613821656331368 ], [ 126.935014130206582, 37.613917198527119 ], [ 126.933763903359733, 37.61477915920409 ], [ 126.933654301192561, 37.614861783182846 ], [ 126.93355435032484, 37.614951819452088 ], [ 126.933464839727833, 37.615048557334148 ], [ 126.932123879781571, 37.616641408233818 ], [ 126.931739858346475, 37.616886551708468 ], [ 126.929466078828355, 37.617766520912433 ], [ 126.926588823018278, 37.618444716763769 ], [ 126.920123486066714, 37.618818296088705 ], [ 126.919957919784025, 37.618834385400099 ], [ 126.919795133228575, 37.618863305648965 ], [ 126.919636694044868, 37.61890477833132 ], [ 126.919484128018439, 37.618958404062269 ], [ 126.919338904384276, 37.619023666421427 ], [ 126.919202421679842, 37.619099936925465 ], [ 126.919075994277833, 37.619186481079574 ], [ 126.918960839729394, 37.619282465449864 ], [ 126.918858067038897, 37.619386965688506 ], [ 126.918768665983634, 37.619498975434368 ], [ 126.918693497580719, 37.619617416003543 ], [ 126.918633285793831, 37.619741146776491 ], [ 126.918588610559084, 37.619868976181735 ], [ 126.918559902197259, 37.619999673170433 ], [ 126.91854743726708, 37.620131979071424 ], [ 126.918551335898371, 37.62026461971233 ], [ 126.91857156063206, 37.620396317690414 ], [ 126.918607916777418, 37.620525804674621 ], [ 126.918660054283933, 37.620651833620677 ], [ 126.918727471109378, 37.620773190781229 ], [ 126.918809518052043, 37.620888707395764 ], [ 126.918905405000629, 37.620997270947264 ], [ 126.919014208541711, 37.621097835877549 ], [ 126.919134880851601, 37.621189433657705 ], [ 126.919266259786838, 37.621271182116928 ], [ 126.919407080076354, 37.621342293939577 ], [ 126.919555985507714, 37.621402084248743 ], [ 126.919711541989315, 37.62144997720317 ], [ 126.919872251363557, 37.621485511544016 ], [ 126.92003656583735, 37.621508345037945 ], [ 126.920202902891077, 37.621518257773637 ], [ 126.920369660522155, 37.621515154280281 ], [ 126.9270186174343, 37.621130961919455 ], [ 126.927200226288818, 37.621112600239208 ], [ 126.927378298889224, 37.621078808772047 ], [ 126.930566446434142, 37.620327332548747 ], [ 126.930698859799179, 37.620291340640513 ], [ 126.9308271022486, 37.620246806858816 ], [ 126.933398553634547, 37.619251629326975 ], [ 126.933564313064991, 37.619178102473967 ], [ 126.933718733150641, 37.619090333914528 ], [ 126.934454823758898, 37.618620435477595 ], [ 126.934583637897745, 37.618529284829883 ], [ 126.934700180272287, 37.618428222809932 ], [ 126.93480325175085, 37.61831828931232 ], [ 126.936162435752081, 37.616703728333533 ], [ 126.937090909475955, 37.616063585427369 ], [ 126.938630155460871, 37.615422481027103 ], [ 126.938800429138126, 37.615341138217843 ], [ 126.940217780972361, 37.614570961065915 ], [ 126.94034098881518, 37.614497275277841 ], [ 126.940455297131606, 37.61441501246243 ], [ 126.940559765639847, 37.614324849321676 ], [ 126.941879416000234, 37.613076751711098 ], [ 126.943072901270952, 37.612104007658147 ], [ 126.958351231635589, 37.60021694915865 ], [ 126.958353152863864, 37.600215451642896 ], [ 126.965597303188986, 37.594559340996426 ], [ 126.968544155506407, 37.592355113175906 ], [ 126.968649397587285, 37.592269071584461 ], [ 126.968744631120629, 37.592175939456723 ], [ 126.96995136890979, 37.590882462972246 ], [ 126.970042773007762, 37.590773890490219 ], [ 126.970120576774363, 37.590658802906894 ], [ 126.970184053321859, 37.590538275531131 ], [ 126.970232609636525, 37.590413434492717 ], [ 126.971402342095658, 37.586795104783107 ], [ 126.971424165476449, 37.586718417535906 ], [ 126.973964183419014, 37.576408247815699 ], [ 126.975089447807449, 37.574196879287612 ], [ 126.975653062356272, 37.57345512347208 ], [ 126.97715346839874, 37.571639844930409 ], [ 126.977845422599302, 37.571036467460154 ], [ 126.97793939492071, 37.57094707034404 ], [ 126.978023343700215, 37.570851562782536 ], [ 126.978096644977271, 37.570750654692581 ], [ 126.978158753942068, 37.570645096130917 ], [ 126.978282410990275, 37.570408925994847 ], [ 126.97833978045783, 37.570281820417577 ], [ 126.978380931208747, 37.570150793080252 ], [ 126.978405452670856, 37.57001715155107 ], [ 126.978462130926346, 37.56954396853331 ], [ 126.978468482255153, 37.569468866039031 ], [ 126.978627106038786, 37.566263503988615 ], [ 126.978682717246954, 37.565661531612783 ], [ 126.978683072292228, 37.565467146384833 ], [ 126.97862651526556, 37.564829581888887 ], [ 126.978614005998182, 37.564735529182109 ], [ 126.978503950218339, 37.564115937281358 ], [ 126.97848150929677, 37.564016539505452 ], [ 126.978449810380056, 37.563918752448998 ], [ 126.977244671848112, 37.560702568711882 ], [ 126.977191535187515, 37.560581907167418 ], [ 126.976913253621376, 37.560034404381661 ], [ 126.976839667443429, 37.559908611918893 ], [ 126.976750272367497, 37.559789486428969 ], [ 126.975400555454016, 37.558184138957287 ], [ 126.975390909565817, 37.558172790709484 ], [ 126.974540125318441, 37.557182685821772 ], [ 126.974512329724078, 37.557151303805753 ], [ 126.973808697967343, 37.556380356581236 ], [ 126.973711857575211, 37.55628423305987 ], [ 126.973717378281293, 37.556267368588102 ], [ 126.973743398024695, 37.556136316513623 ], [ 126.973753157352164, 37.556003865093146 ], [ 126.973746562361953, 37.555871289910911 ], [ 126.973723676653833, 37.555739867736342 ], [ 126.973684720713266, 37.555610864228179 ], [ 126.973630069784718, 37.555485521745887 ], [ 126.973560250255076, 37.55536504738545 ], [ 126.973475934581359, 37.555250601355404 ], [ 126.973377934812589, 37.555143285804142 ], [ 126.973267194767615, 37.555044134206938 ], [ 126.973144780944565, 37.554954101414161 ], [ 126.97301187224943, 37.554874054456796 ], [ 126.972877889060626, 37.554808732946064 ], [ 126.973930766637096, 37.553708290041982 ], [ 126.974025122657764, 37.553598925327698 ], [ 126.974105559600233, 37.553482724054817 ], [ 126.974171302858338, 37.553360805334236 ], [ 126.974221719347597, 37.553234343334992 ], [ 126.97425632359996, 37.55310455597548 ], [ 126.974274782436339, 37.552972693193297 ], [ 126.974276918172379, 37.55284002490729 ], [ 126.974262710326258, 37.552707828787085 ], [ 126.97423229581284, 37.552577377948452 ], [ 126.974185967621622, 37.552449928692681 ], [ 126.974124171992045, 37.552326708408138 ], [ 126.974047504113173, 37.552208903750554 ], [ 126.973956702389174, 37.552097649215789 ], [ 126.97385264132626, 37.551994016214962 ], [ 126.973736323109165, 37.551899002757494 ], [ 126.973608867949011, 37.55181352384087 ], [ 126.973471503294689, 37.551738402640161 ], [ 126.973325552012682, 37.551674362581593 ], [ 126.973172419648023, 37.551622020376826 ], [ 126.97301358089004, 37.551581880084768 ], [ 126.972850565372582, 37.551554328258192 ], [ 126.972684942945406, 37.551539630221846 ], [ 126.972518308558691, 37.5515379275177 ], [ 126.972352266906171, 37.551549236542229 ], [ 126.972188416974248, 37.551573448388446 ], [ 126.97202833664619, 37.551610329894643 ], [ 126.971928953709096, 37.551641920477451 ], [ 126.972397710729112, 37.546714773607214 ], [ 126.973308689728796, 37.542508211788146 ], [ 126.974116557923267, 37.540530871869336 ], [ 126.976213113564228, 37.53826734263739 ], [ 126.97812038014591, 37.537074353948185 ], [ 126.97974104722789, 37.536456857491629 ], [ 126.982059206271146, 37.536321914249122 ], [ 127.012620541368406, 37.536742616315721 ], [ 127.012768270804273, 37.536739508365358 ], [ 127.012915101189279, 37.536726182079157 ], [ 127.019628030654388, 37.535879642748718 ], [ 127.019783185231987, 37.535854112099223 ], [ 127.033337196642961, 37.533092106880432 ], [ 127.033446056634503, 37.533066803095501 ], [ 127.048530512878102, 37.529119421664078 ], [ 127.048703143537637, 37.529065753762914 ], [ 127.050810490751502, 37.528302563385537 ], [ 127.049122941500499, 37.531377030517589 ], [ 127.04909143495037, 37.531438497792138 ], [ 127.042394127804371, 37.545477471487629 ], [ 127.04233787641509, 37.545618020743305 ], [ 127.037363503662576, 37.560876595568992 ], [ 127.037354397483412, 37.56091148053715 ], [ 127.037343308585363, 37.560945999898713 ], [ 127.037337505237943, 37.560976121875782 ], [ 127.037329701511524, 37.561005956155327 ], [ 127.036541074007658, 37.564992060332465 ], [ 127.036525992166901, 37.565092709979567 ], [ 127.036520425630243, 37.56519397619774 ], [ 127.036509149272177, 37.566633846145585 ], [ 127.036520474947025, 37.566798372558694 ], [ 127.036556859943929, 37.5669605804284 ], [ 127.037000817575077, 37.568419379231834 ], [ 127.037053159706176, 37.568558317522829 ], [ 127.037123900524122, 37.568691992738245 ], [ 127.037212225869837, 37.568818866222543 ], [ 127.041144299164458, 37.573814179739045 ], [ 127.041145758778242, 37.573816030561339 ], [ 127.045845742337761, 37.579764464790692 ], [ 127.045977413586257, 37.579908962373736 ], [ 127.047868530667174, 37.581719497150651 ], [ 127.047981267495942, 37.581817242292999 ], [ 127.048105500265223, 37.581905722518727 ], [ 127.048240032536668, 37.581984085680958 ], [ 127.048383568665443, 37.582051577066984 ], [ 127.048534726278916, 37.582107546667707 ], [ 127.04869204959131, 37.582151455438883 ], [ 127.048854023425889, 37.582182880493306 ], [ 127.049019087809341, 37.58220151917434 ], [ 127.049185652998347, 37.582207191971285 ], [ 127.049352114792754, 37.582199844248535 ], [ 127.049516869988167, 37.582179546771897 ], [ 127.049678331819166, 37.582146495026905 ], [ 127.049834945243688, 37.582101007335901 ], [ 127.049985201922098, 37.582043521791732 ], [ 127.050127654745708, 37.581974592037895 ], [ 127.050260931775426, 37.581894881935561 ], [ 127.050383749455776, 37.581805159169178 ], [ 127.050494924977286, 37.581706287851915 ], [ 127.050593387667803, 37.581599220202541 ], [ 127.050678189303326, 37.581484987373727 ], [ 127.050748513239, 37.581364689520136 ], [ 127.050803682272161, 37.581239485202296 ], [ 127.05084316516222, 37.581110580227936 ], [ 127.050866581743989, 37.580979216038635 ], [ 127.050873706586074, 37.58084665775332 ], [ 127.050864471158732, 37.580714181984234 ], [ 127.050838964490424, 37.580583064542225 ], [ 127.050797432307178, 37.580454568150174 ], [ 127.050740274662914, 37.580329930282637 ], [ 127.050668042083785, 37.580210351248873 ], [ 127.050581430263705, 37.58009698263411 ], [ 127.050481273362365, 37.579990916210086 ], [ 127.048661978167289, 37.578249203502182 ], [ 127.044022416244445, 37.572377520062595 ], [ 127.040237418187857, 37.567569301067429 ], [ 127.039907371816739, 37.56648495958067 ], [ 127.039916501794721, 37.565312358749168 ], [ 127.040672183644205, 37.561491911261264 ], [ 127.045601759908706, 37.546368717029758 ], [ 127.052250811955361, 37.532429656438111 ], [ 127.064108093083277, 37.51081983820351 ], [ 127.064112497874675, 37.510810596496029 ], [ 127.064117862179174, 37.510801668774398 ], [ 127.064121333343195, 37.510794052151404 ], [ 127.064125614783038, 37.510786701865634 ], [ 127.06412804353225, 37.510781166803106 ], [ 127.064131078247968, 37.510775836503022 ], [ 127.064175430639779, 37.51068652391988 ], [ 127.064565886794213, 37.510806854137719 ], [ 127.064730599891547, 37.510850048183102 ], [ 127.066906366453068, 37.511323953428274 ], [ 127.066958304348461, 37.511334566039537 ], [ 127.069840467557967, 37.51188494515867 ], [ 127.069908478555902, 37.511896762305327 ], [ 127.073430933284399, 37.512448721119931 ], [ 127.075549162059886, 37.513032130439917 ], [ 127.075709063757571, 37.51306928066866 ], [ 127.075872766858367, 37.513093766929451 ], [ 127.076038694731608, 37.513105353393385 ], [ 127.07620524931616, 37.513103928470045 ], [ 127.076370826513951, 37.513089505882427 ], [ 127.076533831641498, 37.513062224534764 ], [ 127.076692694790907, 37.513022347174541 ], [ 127.076823611009559, 37.512977831986831 ], [ 127.07807808848392, 37.513173418016642 ], [ 127.078256005299977, 37.513193435946455 ], [ 127.078792140963017, 37.513230838758702 ], [ 127.079002466909486, 37.513235084095498 ], [ 127.079899941520054, 37.513208841655953 ], [ 127.081893509822194, 37.513149971826032 ], [ 127.081919379468104, 37.51314905020908 ], [ 127.084343772670607, 37.513047887721193 ], [ 127.084358376437649, 37.513047227922968 ], [ 127.085887054359546, 37.512972886853568 ], [ 127.086052610386929, 37.512958312015158 ], [ 127.086215575714363, 37.51293088077999 ], [ 127.086374380817375, 37.512890857339137 ], [ 127.086527496244912, 37.512838627159319 ], [ 127.086673447351615, 37.512774693269982 ], [ 127.086810828501683, 37.512699671417856 ], [ 127.086938316607814, 37.512614284135879 ], [ 127.087054683874328, 37.512519353783681 ], [ 127.087158809622295, 37.512415794626421 ], [ 127.087249691082064, 37.512304604028678 ], [ 127.087326453049855, 37.512186852847975 ], [ 127.087388356315188, 37.512063675120658 ], [ 127.087434804777828, 37.511936257139403 ], [ 127.087465351186381, 37.511805826027633 ], [ 127.087479701442575, 37.511673637921028 ], [ 127.087477717430659, 37.511540965869642 ], [ 127.087459418344125, 37.511409087577555 ], [ 127.087424980497687, 37.511279273097891 ], [ 127.087374735625914, 37.51115277260179 ], [ 127.087309167685461, 37.511030804339029 ], [ 127.087228908191548, 37.510914542906427 ], [ 127.087134730133755, 37.510805107936712 ], [ 127.087027540530087, 37.510703553316958 ], [ 127.086908371690427, 37.51061085704027 ], [ 127.086778371274505, 37.510527911788479 ], [ 127.08663879123911, 37.510455516336428 ], [ 127.086490975781913, 37.510394367860634 ], [ 127.086336348397396, 37.510345055226225 ], [ 127.086176398169698, 37.510308053317011 ], [ 127.086012665434339, 37.510283718462965 ], [ 127.085846726946684, 37.510272285009293 ], [ 127.085680180700081, 37.510273863060085 ], [ 127.084158857507191, 37.51034784686243 ], [ 127.081754784828348, 37.510448162053201 ], [ 127.079775111647962, 37.51050662199777 ], [ 127.078983288864421, 37.51052977568073 ], [ 127.078641787297613, 37.510505951313199 ], [ 127.074200994299687, 37.509813519324524 ], [ 127.070597856603982, 37.509248921500074 ], [ 127.067775713882028, 37.508710005313361 ], [ 127.065709620667988, 37.508259990133922 ], [ 127.065509071199372, 37.508198185450546 ], [ 127.065922346225676, 37.507455020725992 ], [ 127.065976232383619, 37.507345481811505 ], [ 127.066017960651692, 37.50723262564825 ], [ 127.066030524594311, 37.507183099590605 ], [ 127.067923825356658, 37.505001923345489 ], [ 127.070755623290751, 37.503563094557066 ], [ 127.073213925025826, 37.502527737149165 ], [ 127.0755444741567, 37.501948244057083 ], [ 127.080312206555703, 37.500877921704721 ], [ 127.080523709104426, 37.500818153536358 ], [ 127.088977944718309, 37.497914078489018 ], [ 127.089189386201653, 37.497915447644019 ], [ 127.089370070822383, 37.497908937312992 ], [ 127.089548859347687, 37.497887141633001 ], [ 127.089723720568131, 37.497850308223384 ], [ 127.08989266789925, 37.497798855546201 ], [ 127.093364521027169, 37.496568713559462 ], [ 127.095380979445025, 37.495913960575947 ], [ 127.095540113220977, 37.495854453049432 ], [ 127.095690666146837, 37.495782147408697 ], [ 127.096807756587978, 37.49518066557701 ], [ 127.096954094094599, 37.495092318924648 ], [ 127.097087595080268, 37.494991892036104 ], [ 127.097565473801382, 37.494591280196211 ], [ 127.097668950987327, 37.494496012032286 ], [ 127.097760848711047, 37.494393482703629 ], [ 127.097840368980641, 37.494284582575389 ], [ 127.100108501928219, 37.490815905051463 ], [ 127.101487703963471, 37.489374326709502 ], [ 127.102083525008638, 37.488885202446681 ], [ 127.104188797825941, 37.489508587061856 ], [ 127.10849035349473, 37.490901483014198 ], [ 127.108526962173372, 37.490912944351379 ], [ 127.116407797018297, 37.493296269232147 ], [ 127.116587578286158, 37.493646816090447 ], [ 127.116605711369417, 37.493677744697472 ], [ 127.116622001308485, 37.493709377363189 ], [ 127.116640959712811, 37.493737865785647 ], [ 127.116658057391788, 37.493767028282697 ], [ 127.116679903883067, 37.493796386349388 ], [ 127.116700010377656, 37.493826599903954 ], [ 127.116722386108805, 37.493853475348779 ], [ 127.116742985343933, 37.493881157235528 ], [ 127.116768333757463, 37.493908662901852 ], [ 127.116792064287125, 37.493937165515639 ], [ 127.116817642801308, 37.49396216827202 ], [ 127.116841544281939, 37.493988103795218 ], [ 127.116870149626436, 37.49401349312879 ], [ 127.116897276541522, 37.494040009359836 ], [ 127.116925812226171, 37.494062897684543 ], [ 127.116952785055844, 37.494086837975615 ], [ 127.116984371211103, 37.494109867477398 ], [ 127.117014633907331, 37.494134140960945 ], [ 127.117045852434018, 37.494154693442304 ], [ 127.11707563636601, 37.494176408878936 ], [ 127.117109898750172, 37.49419685778998 ], [ 127.117143006170124, 37.494218653746216 ], [ 127.117176607133345, 37.494236671473573 ], [ 127.117208915080113, 37.494255953854498 ], [ 127.117245523581573, 37.494273626243356 ], [ 127.117281157019164, 37.49429273377789 ], [ 127.117316816835299, 37.494308042293966 ], [ 127.117351337627625, 37.494324706807973 ], [ 127.11738993977329, 37.494339433419825 ], [ 127.117427755954296, 37.494355667593112 ], [ 127.11746513099294, 37.494368118609465 ], [ 127.117501532362056, 37.494382005580555 ], [ 127.117541756692432, 37.494393645431884 ], [ 127.117581391100629, 37.494406849076228 ], [ 127.117620121017211, 37.4944163219335 ], [ 127.117658052772384, 37.494427298326919 ], [ 127.117699512390814, 37.494435740031726 ], [ 127.117740582807514, 37.49444578529706 ], [ 127.117780294044707, 37.494452188155094 ], [ 127.11781939141558, 37.494460148831045 ], [ 127.117861687679294, 37.49446531164692 ], [ 127.117903797900624, 37.494472101259049 ], [ 127.117944107322955, 37.494475372004082 ], [ 127.117983994436926, 37.494480240707887 ], [ 127.118026720755324, 37.494482075293057 ], [ 127.118069464450045, 37.494485543511466 ], [ 127.118109983075925, 37.494485650370848 ], [ 127.118150276537065, 37.494487380451062 ], [ 127.118193022242565, 37.494485869325821 ], [ 127.118235986911913, 37.494485982590753 ], [ 127.118276323705089, 37.494482924448697 ], [ 127.118316636242696, 37.494481499296825 ], [ 127.11835899049801, 37.494476657005364 ], [ 127.11840176149758, 37.494473414267631 ], [ 127.118441527179939, 37.494467220678516 ], [ 127.118481471332885, 37.494462653886444 ], [ 127.118523027039444, 37.494454526857943 ], [ 127.118565191622196, 37.49444795958788 ], [ 127.118604002469525, 37.494438690486895 ], [ 127.118643194272536, 37.494431025720608 ], [ 127.118683551944258, 37.494419691830728 ], [ 127.118724703284101, 37.494409863706309 ], [ 127.118762184865972, 37.494397608820492 ], [ 127.118800247504552, 37.494386919411149 ], [ 127.11883901907099, 37.494372487247915 ], [ 127.11887876022638, 37.49435949352538 ], [ 127.118914551053152, 37.494344371490946 ], [ 127.11895111845277, 37.494330759746866 ], [ 127.118987930957303, 37.494313367587345 ], [ 127.119025878734561, 37.49429733416099 ], [ 127.119059633773986, 37.49427949135648 ], [ 127.119064807360246, 37.494277047075812 ], [ 127.121142337688511, 37.495382489794054 ], [ 127.122367023670833, 37.49607452944386 ], [ 127.123014982961152, 37.496647978597025 ], [ 127.123265468417685, 37.496976529089856 ], [ 127.124548042369028, 37.499784380119607 ], [ 127.124572911284943, 37.499835564302948 ], [ 127.124912648786051, 37.500494726321008 ], [ 127.124950725835618, 37.500563149141215 ], [ 127.125227032743183, 37.501024733818959 ], [ 127.125285053725463, 37.501113113841427 ], [ 127.125351094798518, 37.501197845612644 ], [ 127.126022559769197, 37.50199236275737 ], [ 127.126069874744687, 37.502045534929543 ], [ 127.127064967620143, 37.503108523944725 ], [ 127.127170965868004, 37.503210862602508 ], [ 127.127289044856155, 37.503304431088715 ], [ 127.12741806741947, 37.503388328253727 ], [ 127.127556790983405, 37.503461746088561 ], [ 127.12770387953131, 37.503523977507882 ], [ 127.127857916472109, 37.503574423160629 ], [ 127.128017418284855, 37.503612597203428 ], [ 127.128180848808171, 37.503638131980232 ], [ 127.128346634036987, 37.503650781563934 ], [ 127.128513177284191, 37.503650424125233 ], [ 127.128678874560904, 37.503637063106133 ], [ 127.12884213002701, 37.503610827186954 ], [ 127.129001371363273, 37.503571969046668 ], [ 127.129155064916674, 37.503520862929044 ], [ 127.129301730473102, 37.503458001037785 ], [ 127.129439955514982, 37.503383988795342 ], [ 127.129568408826444, 37.503299539011365 ], [ 127.129685853314911, 37.503205465016705 ], [ 127.129791157925652, 37.503102672829336 ], [ 127.129883308534446, 37.502992152427595 ], [ 127.129961417713503, 37.502874968214847 ], [ 127.130024733276656, 37.502752248767564 ], [ 127.130072645521395, 37.502625175965292 ], [ 127.130104693098389, 37.50249497360771 ], [ 127.13012056745174, 37.50236289562794 ], [ 127.130120115787449, 37.502230214016045 ], [ 127.130103342541645, 37.502098206568732 ], [ 127.130070409334635, 37.501968144583564 ], [ 127.130021633411062, 37.501841280615778 ], [ 127.129957484581567, 37.501718836416089 ], [ 127.12987858069566, 37.501601991165266 ], [ 127.129785681688915, 37.501491870118834 ], [ 127.128815033844845, 37.500455034724972 ], [ 127.128236469604275, 37.49977047429396 ], [ 127.128034379463827, 37.499432895265265 ], [ 127.127725557039057, 37.498833763624987 ], [ 127.126397355063844, 37.495926287075072 ], [ 127.126332608266836, 37.495803680076854 ], [ 127.126253053973457, 37.495686735667121 ], [ 127.125832905423138, 37.495135673767535 ], [ 127.12581425714707, 37.49511372002906 ], [ 127.125797291191788, 37.495090961946765 ], [ 127.12577229189182, 37.495063880284327 ], [ 127.125748931255231, 37.495035823426669 ], [ 127.125743969751042, 37.49503097384121 ], [ 127.125739568407795, 37.495025792330438 ], [ 127.125718306526991, 37.495005398024944 ], [ 127.125698625133964, 37.49498407717455 ], [ 127.125670418163338, 37.494959081289117 ], [ 127.125643715480251, 37.494932980868533 ], [ 127.124763278893383, 37.494153810408115 ], [ 127.124630414628143, 37.494048544683785 ], [ 127.124483794955566, 37.493955592200763 ], [ 127.123086135701513, 37.493165822962851 ], [ 127.123046852882268, 37.493144279699379 ], [ 127.12105121650724, 37.492082428521492 ], [ 127.121375335000167, 37.491615744143097 ], [ 127.121423122394347, 37.491541634323944 ], [ 127.121856020558226, 37.490816113352466 ], [ 127.121894435830711, 37.490746783147159 ], [ 127.122682048606947, 37.489210118272979 ], [ 127.122698583599785, 37.489176587586584 ], [ 127.123971534150726, 37.486490520427282 ], [ 127.125807317998465, 37.482849606774963 ], [ 127.127777666465121, 37.479119356500256 ], [ 127.128302201523283, 37.478164138301445 ], [ 127.128358406868699, 37.478047350317446 ], [ 127.128400828666287, 37.477926922519835 ], [ 127.128540675112006, 37.477445319392004 ], [ 127.128567036276991, 37.47733318855316 ], [ 127.128665197477687, 37.476789893192624 ], [ 127.128677656824422, 37.476699455039196 ], [ 127.128730360107667, 37.476145687870599 ], [ 127.128734810060422, 37.476073119793028 ], [ 127.128761639246747, 37.475099603427694 ], [ 127.128759920004612, 37.475002210723716 ], [ 127.128592553870433, 37.472341708176913 ], [ 127.128590851699343, 37.472318604703069 ], [ 127.128586119153368, 37.47226256980138 ], [ 127.129379220167834, 37.472275684721943 ], [ 127.12953705831616, 37.472272436496141 ], [ 127.129693833820696, 37.472257505955 ], [ 127.130456514276332, 37.472155984148102 ], [ 127.13061901221046, 37.472127765428581 ], [ 127.130777262122862, 37.472086999979439 ], [ 127.130929742904897, 37.472034079642242 ], [ 127.131492438152648, 37.471812030721097 ], [ 127.131625921840282, 37.471753259117577 ], [ 127.131752243765689, 37.471685170482338 ], [ 127.132235019820314, 37.471398924577777 ], [ 127.132356628082235, 37.471319589214573 ], [ 127.132468502752303, 37.471231624602424 ], [ 127.133022409545774, 37.47075376366967 ], [ 127.133150296018925, 37.470629333742487 ], [ 127.133345973476821, 37.470413985069349 ], [ 127.134800414376741, 37.47036499439681 ], [ 127.134803835506418, 37.470364744663854 ], [ 127.134807270940726, 37.47036475232494 ], [ 127.136957133407407, 37.470285357905034 ], [ 127.137013384989103, 37.470296500799691 ], [ 127.137017790140277, 37.47029811309897 ], [ 127.138194917728867, 37.470839033825648 ], [ 127.138479638563041, 37.470976380631434 ], [ 127.138628922122336, 37.471040496556341 ], [ 127.138785491608274, 37.471092412387975 ], [ 127.138947782304896, 37.471131609288015 ], [ 127.139114172310528, 37.471157695528184 ], [ 127.139282998749167, 37.471170410405797 ], [ 127.139452574391328, 37.471169626849573 ], [ 127.140775194082039, 37.471110733260602 ], [ 127.140886076081358, 37.471197509160923 ], [ 127.141015720331112, 37.471280741615942 ], [ 127.141154976368369, 37.47135344500483 ], [ 127.141302503047456, 37.471414919122907 ], [ 127.141456879557012, 37.471464571912733 ], [ 127.141616619105207, 37.471501925166883 ], [ 127.141780183240527, 37.471526619134409 ], [ 127.141945996670913, 37.47153841598606 ], [ 127.142112462437595, 37.471537202105267 ], [ 127.142277977297965, 37.471522989182539 ], [ 127.142440947169064, 37.471495914102881 ], [ 127.142599802482621, 37.471456237627265 ], [ 127.142753013304031, 37.471404341880849 ], [ 127.142899104069016, 37.471340726672139 ], [ 127.143036667796608, 37.471266004678711 ], [ 127.143164379640851, 37.471180895545629 ], [ 127.143281009651048, 37.471086218953666 ], [ 127.143385434617429, 37.47098288672413 ], [ 127.143476648888381, 37.470871894036115 ], [ 127.143553774054496, 37.470754309841162 ], [ 127.143616067407081, 37.470631266567487 ], [ 127.143662929088777, 37.470503949212926 ], [ 127.14369390786824, 37.470373583931931 ], [ 127.143708705483022, 37.470241426226217 ], [ 127.143707179508709, 37.4701087488532 ], [ 127.143689344727562, 37.469976829568346 ], [ 127.143655372982636, 37.469846938819664 ], [ 127.143605591519673, 37.469720327512938 ], [ 127.143540479832552, 37.469598214965245 ], [ 127.143338958826959, 37.469266507905587 ], [ 127.143254042672766, 37.469143466758283 ], [ 127.143153572955711, 37.469028109461362 ], [ 127.143038633547775, 37.46892168041547 ], [ 127.142910464394859, 37.468825327703897 ], [ 127.142770448140041, 37.468740090709126 ], [ 127.142620095208287, 37.468666888902042 ], [ 127.142292368377014, 37.468525406499374 ], [ 127.142147405073146, 37.468469742154106 ], [ 127.141996476913349, 37.468425276146725 ], [ 127.141840941930738, 37.468392408574026 ], [ 127.141682199603338, 37.468371435171676 ], [ 127.141521678263473, 37.468362544653708 ], [ 127.141360822248046, 37.468365817014735 ], [ 127.140592906193817, 37.468410553372152 ], [ 127.139781258902531, 37.468446696369675 ], [ 127.13864427944003, 37.467924228799731 ], [ 127.13850489013916, 37.467866849606452 ], [ 127.138284660131006, 37.467786245198134 ], [ 127.138137738390469, 37.467738961832261 ], [ 127.137985922662637, 37.467702811299226 ], [ 127.137535089960082, 37.467613505754763 ], [ 127.137374346049853, 37.467588163600475 ], [ 127.13721128448033, 37.46757530165398 ], [ 127.137047426762336, 37.467575039928356 ], [ 127.134653715383166, 37.467663442728686 ], [ 127.132701346000857, 37.467729201591361 ], [ 127.132497358541315, 37.46774595932991 ], [ 127.132297398627045, 37.467782214553225 ], [ 127.132026330757739, 37.467845315111759 ], [ 127.131880717707645, 37.467885008035147 ], [ 127.131740217054855, 37.467935056312754 ], [ 127.131605985197368, 37.467995048022964 ], [ 127.131479126945322, 37.468064489404028 ], [ 127.131267911240442, 37.468191719233623 ], [ 127.131139240549118, 37.468277513671161 ], [ 127.131021830847473, 37.468373018675585 ], [ 127.130916830464187, 37.468477300193307 ], [ 127.130461899526608, 37.468977948434251 ], [ 127.130083572888182, 37.469304325679204 ], [ 127.129850022458328, 37.469442799474486 ], [ 127.129649692191506, 37.469521852697767 ], [ 127.129291213390616, 37.469569570371675 ], [ 127.128409393537737, 37.469554987023734 ], [ 127.128491223968595, 37.469034976366693 ], [ 127.128537151318241, 37.468938017357068 ], [ 127.128671056828921, 37.46880012583015 ], [ 127.129115648645069, 37.468517663623217 ], [ 127.130818766247458, 37.467739577494704 ], [ 127.138456965517349, 37.46468628865027 ], [ 127.138590417603751, 37.46462678990973 ], [ 127.139660335180423, 37.464097938571477 ], [ 127.139685184152526, 37.464096531830286 ], [ 127.139849266716979, 37.464074204740655 ], [ 127.140009813561477, 37.464039165178349 ], [ 127.140165278457616, 37.463991750610383 ], [ 127.14031416412891, 37.463932417687303 ], [ 127.140455036672734, 37.463861737844439 ], [ 127.140586539371753, 37.463780391797727 ], [ 127.140707405761077, 37.463689162986817 ], [ 127.140816471826071, 37.463588930028862 ], [ 127.14091268721252, 37.463480658255726 ], [ 127.140935806358286, 37.463451730485247 ], [ 127.145273048172626, 37.461093142396749 ], [ 127.147412623203508, 37.460030832231027 ], [ 127.147614155471985, 37.459913527191297 ], [ 127.149780320732276, 37.458446226416406 ], [ 127.150221641491839, 37.458221801469271 ], [ 127.150285690661562, 37.45820812968735 ], [ 127.152274568595885, 37.458068183413054 ], [ 127.152342158876593, 37.458062336379172 ], [ 127.15473282547066, 37.457816762637947 ], [ 127.154751029007059, 37.45781481260844 ], [ 127.156961794467335, 37.457568243453416 ], [ 127.157130874481751, 37.457542349699807 ], [ 127.158627705038796, 37.457249604616685 ], [ 127.158790128512379, 37.457210882333619 ], [ 127.158946891088945, 37.457159426940123 ], [ 127.159096426417619, 37.457095752575221 ], [ 127.159237240372221, 37.45702049546783 ], [ 127.160464334291902, 37.456291252497692 ], [ 127.160580003336634, 37.456215974929208 ], [ 127.160686918318774, 37.45613287860612 ], [ 127.160784250515576, 37.456042607650232 ], [ 127.161623782928586, 37.455190812256753 ], [ 127.161737500233642, 37.455060319946867 ], [ 127.161831228568033, 37.454920093244631 ], [ 127.162180819008853, 37.454313673575598 ], [ 127.162238836102233, 37.454199617836942 ], [ 127.162283602606749, 37.454081828685858 ], [ 127.162314747621863, 37.45396128219717 ], [ 127.162332013127582, 37.453838977290076 ], [ 127.162335256120343, 37.45371592745024 ], [ 127.162324449795832, 37.453593152331322 ], [ 127.162228966681511, 37.452937510709674 ], [ 127.162206587044778, 37.452825261619324 ], [ 127.16217246087119, 37.452714907645422 ], [ 127.16212682936937, 37.452607228620018 ], [ 127.16162102284369, 37.451560888222794 ], [ 127.160294897033864, 37.448652392544204 ], [ 127.159198769830112, 37.446043259867224 ], [ 127.159169871001993, 37.445979779243217 ], [ 127.158877390797059, 37.445384120431882 ], [ 127.15881734787564, 37.445276016953997 ], [ 127.1586025934985, 37.444930957146418 ], [ 127.158508185613258, 37.444798561759839 ], [ 127.158149030871883, 37.44435504620089 ], [ 127.158143028595973, 37.444348376600296 ], [ 127.15813779175032, 37.444341352662789 ], [ 127.158119496210062, 37.44432153403455 ], [ 127.15810273221031, 37.444300806899875 ], [ 127.158076558025272, 37.444274515824297 ], [ 127.158052014319523, 37.444247243300516 ], [ 127.158045218207988, 37.444241072316295 ], [ 127.158039145537899, 37.444234494080774 ], [ 127.158018505696518, 37.444216204154955 ], [ 127.157999270904, 37.44419688340745 ], [ 127.157704551310061, 37.443928970621265 ], [ 127.157587918630554, 37.443832964977474 ], [ 127.157459967291544, 37.443746610201742 ], [ 127.157060093238016, 37.44350272686227 ], [ 127.156935333305839, 37.443433475200457 ], [ 127.154929769559232, 37.442423491151516 ], [ 127.154862773056706, 37.442391448489829 ], [ 127.151391695929362, 37.440816774061496 ], [ 127.151261243072881, 37.440763405469809 ], [ 127.148311157337503, 37.439682260372372 ], [ 127.148284062384207, 37.439673587357461 ], [ 127.148257740427667, 37.439663564625612 ], [ 127.148242317300912, 37.439659112522868 ], [ 127.148227361090704, 37.439653698325941 ], [ 127.147197433922244, 37.439328453772582 ], [ 127.146624312747946, 37.439062617295377 ], [ 127.145680800962722, 37.438580059728331 ], [ 127.144671300265401, 37.438062728990296 ], [ 127.141866227015811, 37.436407041728337 ], [ 127.141840145453671, 37.436393172578477 ], [ 127.141815176744899, 37.436378057130185 ], [ 127.140047515198674, 37.43541316407574 ], [ 127.138674168574951, 37.434628209493034 ], [ 127.138503574182394, 37.434542466834479 ], [ 127.137635379290174, 37.434161637842109 ], [ 127.137454798196799, 37.434093157006252 ], [ 127.136062347622655, 37.43364331970227 ], [ 127.135907099831869, 37.433600027968318 ], [ 127.135747322662567, 37.433568934316497 ], [ 127.134347355559896, 37.433353246782218 ], [ 127.131087336279791, 37.432839091665826 ], [ 127.13079491417443, 37.432152438676191 ], [ 127.131206388209279, 37.429311711972147 ], [ 127.131217476894435, 37.429141194827373 ], [ 127.131203814460108, 37.428183141681522 ], [ 127.131197644621807, 37.428082256274578 ], [ 127.131182048140317, 37.427982019703407 ], [ 127.130956844372534, 37.426874863161828 ], [ 127.130944638030357, 37.426821619107621 ], [ 127.13063894795296, 37.425624181300073 ], [ 127.13054726041571, 37.424929623893057 ], [ 127.130464760392442, 37.42347063553774 ], [ 127.130462830353238, 37.418256080306975 ], [ 127.130462742016491, 37.418242671117689 ], [ 127.130380276321247, 37.411802423805028 ], [ 127.130410644225066, 37.40862264244327 ], [ 127.130409515565191, 37.4085619466656 ], [ 127.130282680497203, 37.405849340105213 ], [ 127.130271646356888, 37.405737722808944 ], [ 127.13011285616264, 37.404688197896718 ], [ 127.129991541779901, 37.403509391121112 ], [ 127.129993237201745, 37.402926545165968 ], [ 127.130188438788721, 37.401072661525099 ], [ 127.130189297450528, 37.401064186998219 ], [ 127.130360674910378, 37.399303840251072 ], [ 127.13036575936809, 37.399196197340238 ], [ 127.130364069603246, 37.398577820778236 ], [ 127.13035978292946, 37.398484618001433 ], [ 127.130290387661233, 37.39770805566156 ], [ 127.130266217405691, 37.397557455049892 ], [ 127.130133429453807, 37.396986700856402 ], [ 127.129985923905792, 37.396319365610701 ], [ 127.129991510318234, 37.396017209471921 ], [ 127.131099214590748, 37.39599763936323 ], [ 127.132356271040081, 37.396074891474917 ], [ 127.133466664743679, 37.3961506699967 ], [ 127.165942065561651, 37.401440818161198 ], [ 127.168411667420756, 37.401970664800523 ], [ 127.173921259458638, 37.403259677421339 ], [ 127.178233464932688, 37.404385271305607 ], [ 127.178382505585589, 37.404418247708179 ], [ 127.181132461578997, 37.404920098670182 ], [ 127.181190758074109, 37.40492987992198 ], [ 127.184733770460099, 37.405472598450515 ], [ 127.184876665031737, 37.405489484185722 ], [ 127.190322528925606, 37.405944706183035 ], [ 127.190339257598183, 37.405946037267697 ], [ 127.193503570348554, 37.406185137674584 ], [ 127.195090520886595, 37.406480257783919 ], [ 127.197452993928735, 37.407168109829378 ], [ 127.198011799877335, 37.407421596258466 ], [ 127.202470274394415, 37.409837826192557 ], [ 127.206527000309563, 37.412054448801833 ], [ 127.206547734053103, 37.412065598835426 ], [ 127.208136036339113, 37.412906197694547 ], [ 127.208296232586946, 37.412981233191012 ], [ 127.208465761452516, 37.413041834207981 ], [ 127.21079388784095, 37.41375458288347 ], [ 127.211031592342493, 37.413811814694085 ], [ 127.212671299062521, 37.414104061073914 ], [ 127.212891269957197, 37.414131317867103 ], [ 127.21521790330668, 37.414295782463078 ], [ 127.215417694309579, 37.414300466533184 ], [ 127.215616787536902, 37.414286359062615 ], [ 127.217783608789603, 37.41402937256224 ], [ 127.217853236151967, 37.414019927478677 ], [ 127.219808451527555, 37.413721124383116 ], [ 127.219999923709821, 37.413682516953784 ], [ 127.220184466210739, 37.413626406950826 ], [ 127.235551498081875, 37.408114794148169 ], [ 127.235661095679092, 37.408071620136297 ], [ 127.254028041470988, 37.400164510345576 ], [ 127.254029942703781, 37.400163592768699 ], [ 127.2540319449988, 37.400162824094679 ], [ 127.263165151700818, 37.396204537215262 ], [ 127.263300101753899, 37.396139376417757 ], [ 127.264700070066127, 37.395390220623476 ], [ 127.266468981028069, 37.394513024143997 ], [ 127.266595698723478, 37.394443636436236 ], [ 127.282890510402311, 37.384622496594048 ], [ 127.282913376575806, 37.38460846584799 ], [ 127.284336876361778, 37.383719495534187 ], [ 127.284494315356653, 37.383607914871781 ], [ 127.285744545429054, 37.382604216264575 ], [ 127.287984793826496, 37.380889266157347 ], [ 127.289248141517788, 37.379956054079621 ], [ 127.290976172543552, 37.378845890136354 ], [ 127.292581817981798, 37.378024912428394 ], [ 127.300679413164161, 37.3745847418447 ], [ 127.300683316955457, 37.374582881440084 ], [ 127.300687419994034, 37.374581317784916 ], [ 127.322580316334452, 37.36515539138086 ], [ 127.324834174632727, 37.364227193144615 ], [ 127.324960166283617, 37.364169721749079 ], [ 127.326647118964772, 37.363321686175382 ], [ 127.326717752480803, 37.363284173431218 ], [ 127.328456944363623, 37.362309459291559 ], [ 127.328580400917772, 37.362233255473406 ], [ 127.330265975760838, 37.361089985695337 ], [ 127.330420371831906, 37.360971022492812 ], [ 127.333986473315193, 37.357851329895091 ], [ 127.336435041971413, 37.355800781208103 ], [ 127.337254528370792, 37.355251672132844 ], [ 127.338406153407846, 37.35460725547081 ], [ 127.338423341250603, 37.354597509559156 ], [ 127.339763440515526, 37.353827564247403 ], [ 127.34116524904509, 37.353317320697371 ], [ 127.346789797385611, 37.351818652375322 ], [ 127.346806939290801, 37.351813324744889 ], [ 127.346824540923322, 37.351809058093075 ], [ 127.350929322460544, 37.350635476975057 ], [ 127.352874114921235, 37.350161594791878 ], [ 127.355530230419689, 37.349612608053263 ], [ 127.355531979384182, 37.349612245746435 ], [ 127.366455084980288, 37.347343930178752 ], [ 127.366476861154823, 37.347339283203681 ], [ 127.368429121530582, 37.346911524286149 ], [ 127.368564919192039, 37.346876798545509 ], [ 127.368696576358545, 37.346833075534583 ], [ 127.370752789760189, 37.346067598048926 ], [ 127.370883064642939, 37.346013489687365 ], [ 127.3719897575386, 37.345503980740837 ], [ 127.372145220091454, 37.345423032743305 ], [ 127.37330387849444, 37.344744669863232 ], [ 127.373371893860167, 37.344702687493871 ], [ 127.397216941451305, 37.329190971682209 ], [ 127.397248188992322, 37.329170132929271 ], [ 127.398984562451801, 37.327983541409033 ], [ 127.399021652184373, 37.327957435896437 ], [ 127.401125810656325, 37.326432215001368 ], [ 127.401273918146529, 37.326310464310765 ], [ 127.4022722590895, 37.325379342585542 ], [ 127.402356494821348, 37.325294069711994 ], [ 127.402431888016494, 37.325203672483831 ], [ 127.403270889347809, 37.324104405431946 ], [ 127.403342743178015, 37.324000205945559 ], [ 127.40397096079424, 37.322985991367119 ], [ 127.404061734183585, 37.322808902609047 ], [ 127.406853882460197, 37.316027896156953 ], [ 127.406854758813722, 37.316025353379288 ], [ 127.40685593098074, 37.316022887784833 ], [ 127.414119482019842, 37.298142009680205 ], [ 127.414138992280229, 37.298090497931753 ], [ 127.414554790249682, 37.296908287420813 ], [ 127.414571672912118, 37.296856348719473 ], [ 127.415038155446183, 37.295294430272691 ], [ 127.415070260418915, 37.295154831464686 ], [ 127.415083870991779, 37.295013313013953 ], [ 127.41512854333844, 37.293537211976208 ], [ 127.415121137309953, 37.29337403500945 ], [ 127.413412826363285, 37.279296002482681 ], [ 127.41335949766102, 37.278002518596438 ], [ 127.413582016539848, 37.276980965277588 ], [ 127.413870592881395, 37.275881349932767 ], [ 127.414273599646506, 37.274827343172745 ], [ 127.415125615291743, 37.273486988862821 ], [ 127.416181211166844, 37.272413686067331 ], [ 127.418420502836554, 37.270526166974633 ], [ 127.421496977696322, 37.268086206376147 ], [ 127.423019624057616, 37.267255057825686 ], [ 127.425444160230626, 37.266430967555991 ], [ 127.427986699057357, 37.26573059384345 ], [ 127.430126821914129, 37.26557404094639 ], [ 127.442180051035621, 37.265634108667406 ], [ 127.442345918568918, 37.265628415843643 ], [ 127.442510289176326, 37.265609756369663 ], [ 127.442671579796993, 37.265578309955664 ], [ 127.44282823703827, 37.265534379463311 ], [ 127.442978752138544, 37.265478387988217 ], [ 127.44312167550008, 37.265410874784621 ], [ 127.443255630651507, 37.265332490071074 ], [ 127.443379327505667, 37.26524398876726 ], [ 127.443491574784701, 37.265146223222636 ], [ 127.443591291493192, 37.265040135006387 ], [ 127.443677517328382, 37.264926745838373 ], [ 127.443749421927649, 37.264807147748243 ], [ 127.443806312863629, 37.264682492557291 ], [ 127.443847642310814, 37.264553980784896 ], [ 127.443873012318733, 37.264422850085992 ], [ 127.443882178641744, 37.264290363331135 ], [ 127.44387505308795, 37.264157796443961 ], [ 127.443851704365457, 37.264026426113247 ], [ 127.443812357417201, 37.263897517497796 ], [ 127.443757391251594, 37.263772312042605 ], [ 127.443687335289638, 37.263652015523611 ], [ 127.443602864263525, 37.263537786436387 ], [ 127.443504791716677, 37.263430724839992 ], [ 127.443394062167172, 37.263331861764058 ], [ 127.443271742010651, 37.263242149280558 ], [ 127.443139009249819, 37.2631624513362 ], [ 127.442997142150034, 37.263093535433391 ], [ 127.442847506929809, 37.26303606524003 ], [ 127.442691544604813, 37.262990594199145 ], [ 127.44253075711228, 37.2629575602 ], [ 127.44236669284885, 37.262937281361722 ], [ 127.442200931761803, 37.262929952970396 ], [ 127.430065529789999, 37.262869471882517 ], [ 127.429900664498149, 37.262875074323432 ], [ 127.427474655803294, 37.263052539011717 ], [ 127.427273543521196, 37.263077066248101 ], [ 127.427077569024547, 37.263120711306179 ], [ 127.424285534848266, 37.263889810957515 ], [ 127.424174663771709, 37.263923875312777 ], [ 127.421541559109144, 37.264818850847433 ], [ 127.421391572444747, 37.264876959351732 ], [ 127.421249468081911, 37.264946582146607 ], [ 127.419460955306732, 37.265922843144033 ], [ 127.4193377034956, 37.265996920950322 ], [ 127.419223403637744, 37.266079660988517 ], [ 127.416018819682108, 37.268621166444419 ], [ 127.415982771420033, 37.268650639209561 ], [ 127.413671760575909, 37.270598557334246 ], [ 127.413569318255952, 37.270693330819434 ], [ 127.412362379101808, 37.271920470927498 ], [ 127.41226640651567, 37.272028558791909 ], [ 127.412184136311936, 37.272143636355779 ], [ 127.411190056319498, 37.273707382761621 ], [ 127.411129338977844, 37.273814115339682 ], [ 127.411080420055612, 37.273924650150974 ], [ 127.410612151269163, 37.275149204500103 ], [ 127.410574317181897, 37.275266794173696 ], [ 127.410264112188486, 37.276448628618766 ], [ 127.41025315010495, 37.276494284985276 ], [ 127.409995705699487, 37.277675935637212 ], [ 127.409974743182104, 37.277813634150547 ], [ 127.409971545809185, 37.277952324292187 ], [ 127.410032322488163, 37.279428061802143 ], [ 127.410039297200029, 37.279514011429342 ], [ 127.411742310500742, 37.293553567362125 ], [ 127.411704368828964, 37.294805416223809 ], [ 127.411287028576098, 37.296202586282114 ], [ 127.410889385617438, 37.297333039421524 ], [ 127.403636569342865, 37.315185615290687 ], [ 127.400882718983937, 37.321872929172123 ], [ 127.400340781186344, 37.322747793869055 ], [ 127.399611514026617, 37.323703239203383 ], [ 127.398771096624301, 37.324487045651829 ], [ 127.396764102219308, 37.325941803641257 ], [ 127.3950619917496, 37.327104958017742 ], [ 127.371266289564375, 37.342584299525036 ], [ 127.370217269563952, 37.343198463248136 ], [ 127.369254777073422, 37.343641579511257 ], [ 127.367394798639125, 37.34433399981058 ], [ 127.365591340050344, 37.344729152993494 ], [ 127.354680369856851, 37.34699494447711 ], [ 127.351990018259897, 37.347551006099692 ], [ 127.351920048015941, 37.347566753856619 ], [ 127.34990190657615, 37.348058507550796 ], [ 127.349825240316719, 37.348078795335987 ], [ 127.345699855832038, 37.349258263920682 ], [ 127.340007936053524, 37.350774875834183 ], [ 127.339841445217957, 37.350827186080949 ], [ 127.3382066091349, 37.351422244881498 ], [ 127.33805915825792, 37.351483047460249 ], [ 127.337919869203844, 37.351555078530652 ], [ 127.336453156109627, 37.352397758575194 ], [ 127.335249854942376, 37.353071081693258 ], [ 127.335133103465239, 37.353142645930653 ], [ 127.334185080543222, 37.353777870698345 ], [ 127.334047999587384, 37.353880596876849 ], [ 127.331521708406143, 37.355996179280389 ], [ 127.33149649750051, 37.35601775728643 ], [ 127.327990389713221, 37.359084882903261 ], [ 127.326446281697343, 37.360132179914153 ], [ 127.32480577220889, 37.361051575223151 ], [ 127.323216206543535, 37.361850645253789 ], [ 127.321013011489057, 37.362757970803656 ], [ 127.320985291624666, 37.362769646505498 ], [ 127.299083093469619, 37.372199499977604 ], [ 127.290929326841436, 37.375663502145187 ], [ 127.290811381828618, 37.375718585456021 ], [ 127.289071067707056, 37.376608409464595 ], [ 127.288922607226468, 37.376693673002471 ], [ 127.287077691095647, 37.377878908798692 ], [ 127.286989208877273, 37.377939883091678 ], [ 127.285671853854836, 37.378912968449221 ], [ 127.285649858741564, 37.378929508249179 ], [ 127.283384155949562, 37.380663903617545 ], [ 127.28335538371681, 37.380686458795729 ], [ 127.282165302164103, 37.381641846880257 ], [ 127.280836247868351, 37.382471821551484 ], [ 127.264614531547295, 37.392248759137644 ], [ 127.262886005585955, 37.393105918148045 ], [ 127.262836599392827, 37.393131376305902 ], [ 127.261477799366304, 37.393858493695028 ], [ 127.252416123760909, 37.397785741521233 ], [ 127.234105366800392, 37.405668601336188 ], [ 127.21897556192485, 37.411095109137982 ], [ 127.217250056393084, 37.411358805921054 ], [ 127.21531698130741, 37.411588071576766 ], [ 127.213301671574143, 37.411445613269109 ], [ 127.211892359748248, 37.411194431002464 ], [ 127.209854732312138, 37.410570621474697 ], [ 127.208432373556874, 37.409817855428209 ], [ 127.204383313035535, 37.407605451511913 ], [ 127.204380509282515, 37.407604075627596 ], [ 127.204377880382864, 37.407602495269458 ], [ 127.199860839803662, 37.405154557546844 ], [ 127.199746158915417, 37.405097596193443 ], [ 127.199005215837971, 37.404761491497204 ], [ 127.198879339490702, 37.404709816682399 ], [ 127.198748496579071, 37.404666702148411 ], [ 127.1961563544737, 37.403911984222077 ], [ 127.195960007395996, 37.403865329165136 ], [ 127.19416189966681, 37.403530941514973 ], [ 127.193936894201286, 37.403501656241907 ], [ 127.190667321718621, 37.403254604457935 ], [ 127.185301906195093, 37.40280610949651 ], [ 127.181859262400337, 37.402278765802322 ], [ 127.179213898893394, 37.401796004056258 ], [ 127.174950426006404, 37.400683132787066 ], [ 127.174900240041467, 37.400670715632906 ], [ 127.169347235098428, 37.399371550681764 ], [ 127.169310373570056, 37.399363285267434 ], [ 127.166772030621217, 37.398818691597683 ], [ 127.166670631958397, 37.398799581477526 ], [ 127.13404863415758, 37.393485557787884 ], [ 127.1338537523241, 37.393463098795245 ], [ 127.132637989896381, 37.393380130105733 ], [ 127.132623688630389, 37.393379202695876 ], [ 127.131275797230188, 37.393296368141677 ], [ 127.131108116665828, 37.393292705958388 ], [ 127.130041531408622, 37.393311550764103 ], [ 127.130046470932939, 37.39304435709046 ], [ 127.130046126348688, 37.392990639147065 ], [ 127.129969671405078, 37.390549560892019 ], [ 127.129968158910089, 37.390516991891808 ], [ 127.12991150315753, 37.38959685168215 ], [ 127.129910264942424, 37.389579118901821 ], [ 127.129850696218384, 37.388816255605384 ], [ 127.129825386546756, 37.388653017100722 ], [ 127.129775422314992, 37.388493438756782 ], [ 127.129628235069205, 37.388121277895991 ], [ 127.129574186811766, 37.38800384760561 ], [ 127.129506767773393, 37.387890905911028 ], [ 127.129426555164116, 37.387783419667315 ], [ 127.129334235706779, 37.387682309023305 ], [ 127.128907130764034, 37.387257326677478 ], [ 127.128743608481301, 37.387116416315756 ], [ 127.12777322371042, 37.386391101727071 ], [ 127.127770042903464, 37.386388730309008 ], [ 127.124610145329356, 37.384038844404408 ], [ 127.124600582758248, 37.384032402574007 ], [ 127.124591726058341, 37.384025347367988 ], [ 127.115488867246711, 37.377452287614368 ], [ 127.115481064295679, 37.377447185167028 ], [ 127.11547384132119, 37.37744156511328 ], [ 127.110244531235892, 37.373754071650637 ], [ 127.110177586811162, 37.373709260961 ], [ 127.110055612199744, 37.373631801352083 ], [ 127.110032909804744, 37.372196972875606 ], [ 127.110226444865802, 37.367358050039371 ], [ 127.110226056425944, 37.367340004061006 ], [ 127.11022728358239, 37.367321990662376 ], [ 127.110227242554487, 37.367321244448597 ], [ 127.110227292332638, 37.367320498574067 ], [ 127.110226360182082, 37.367303961359525 ], [ 127.110226956516996, 37.367287404633657 ], [ 127.110109033200089, 37.362662295490715 ], [ 127.110099994212447, 37.362547640392158 ], [ 127.109803326969313, 37.360307965046339 ], [ 127.109879919417182, 37.358652806395654 ], [ 127.110035649388905, 37.357503808522345 ], [ 127.110408815568618, 37.355702267457758 ], [ 127.110418919427858, 37.355646218765159 ], [ 127.1105516069685, 37.354782177503168 ], [ 127.110561639164388, 37.354691863584875 ], [ 127.11066395103677, 37.353205831278423 ], [ 127.110666384769729, 37.353147628453897 ], [ 127.110711993485026, 37.350070093904485 ], [ 127.110711750063388, 37.350064880427126 ], [ 127.110712097711726, 37.350059669399712 ], [ 127.110711082098589, 37.350041650015527 ], [ 127.110711681662906, 37.350023621993181 ], [ 127.110579002032125, 37.345325561865806 ], [ 127.110658599523092, 37.339878017657483 ], [ 127.110658535559267, 37.339876653577086 ], [ 127.110658635917417, 37.339875290894838 ], [ 127.110699754801274, 37.336472314368429 ], [ 127.110697833771127, 37.336393578759726 ], [ 127.110606805576936, 37.334899346665665 ], [ 127.110599935310105, 37.334826826947648 ], [ 127.110408342749025, 37.333338034466706 ], [ 127.110403434164127, 37.333304110077805 ], [ 127.109666870518922, 37.328721596701918 ], [ 127.109490586250089, 37.327268527642964 ], [ 127.109257360536319, 37.324630687799228 ], [ 127.109203023009698, 37.323458946118578 ], [ 127.109202417524116, 37.323447256847317 ], [ 127.109116750953405, 37.321950245046501 ], [ 127.109113997022376, 37.321913246902355 ], [ 127.108997801371316, 37.320645720601085 ], [ 127.108917876588805, 37.318300203366341 ], [ 127.109134354094152, 37.316980016503081 ], [ 127.10946046448116, 37.315281894686862 ], [ 127.109817834329874, 37.313976096410791 ], [ 127.109819642817456, 37.313969407132703 ], [ 127.10995862342125, 37.313448958063155 ], [ 127.109990456785894, 37.313274881995163 ], [ 127.110026034270007, 37.312920137876112 ], [ 127.110103141573362, 37.312309801414706 ], [ 127.110111260736844, 37.312204663193206 ], [ 127.110131543521064, 37.311489173834502 ], [ 127.110157579646852, 37.310561963842908 ], [ 127.1101562565851, 37.310470204686766 ], [ 127.110125966395046, 37.30993833280921 ], [ 127.110100675266764, 37.309759069787781 ], [ 127.109983981540864, 37.309243851474839 ], [ 127.109937714931476, 37.309090966705917 ], [ 127.109869533490993, 37.308943408266536 ], [ 127.109509941596983, 37.308285727890762 ], [ 127.109443369625311, 37.308177420315069 ], [ 127.109364974945791, 37.308074284605595 ], [ 127.109275381890185, 37.30797714206863 ], [ 127.108709125938915, 37.307417307352971 ], [ 127.108611033697656, 37.307328572273626 ], [ 127.108047269511189, 37.306861491974544 ], [ 127.107875481920701, 37.30668496306307 ], [ 127.107741085256094, 37.306494637791609 ], [ 127.107650958704198, 37.306209045078575 ], [ 127.10757011449266, 37.305795403935655 ], [ 127.107509270461932, 37.305109876464861 ], [ 127.107502554958884, 37.304332544892766 ], [ 127.107502524228011, 37.304329488379487 ], [ 127.107492029799062, 37.30341448343242 ], [ 127.107490993469995, 37.303377969669356 ], [ 127.107442756267801, 37.302313233017252 ], [ 127.10742527678245, 37.301254312169277 ], [ 127.107427351923022, 37.300704842774195 ], [ 127.107426602618105, 37.30066032917275 ], [ 127.107363114678392, 37.298965114650471 ], [ 127.107407352869018, 37.29533516678346 ], [ 127.107407336127693, 37.295307532354116 ], [ 127.10739788914691, 37.294602421362143 ], [ 127.107422426788645, 37.293902046359733 ], [ 127.107448717252225, 37.293283436649453 ], [ 127.107558193274386, 37.292671070631144 ], [ 127.107657320334255, 37.292247518065167 ], [ 127.107802847552861, 37.291876677180454 ], [ 127.108194671889493, 37.291154948498153 ], [ 127.10845323102518, 37.290750405663481 ], [ 127.10872279199441, 37.290388624526024 ], [ 127.109033484533938, 37.290061021807254 ], [ 127.109421579295599, 37.289713437994216 ], [ 127.11255739681792, 37.287070341013539 ], [ 127.112665589722354, 37.28696967944181 ], [ 127.112760912809833, 37.286861029243347 ], [ 127.112842448095492, 37.286745436810797 ], [ 127.112909410393698, 37.286624015391567 ], [ 127.112961154878136, 37.286497934365514 ], [ 127.112997183289636, 37.286368407982188 ], [ 127.113017148732098, 37.286236683666182 ], [ 127.113020859010234, 37.286104030003166 ], [ 127.11300827847738, 37.285971724522454 ], [ 127.112979528375533, 37.285841041393518 ], [ 127.112934885664444, 37.285713239155271 ], [ 127.112874780351206, 37.285589548596136 ], [ 127.112799791346362, 37.285471160901373 ], [ 127.112710640886107, 37.28535921618235 ], [ 127.11260818757485, 37.285254792497582 ], [ 127.112493418114994, 37.285158895471625 ], [ 127.112367437803556, 37.285072448611594 ], [ 127.112231459887539, 37.284996284414632 ], [ 127.112086793879996, 37.284931136351737 ], [ 127.11193483294997, 37.28487763180528 ], [ 127.111777040507022, 37.284836286028089 ], [ 127.111614936110144, 37.284807497182243 ], [ 127.11145008083615, 37.284791542505367 ], [ 127.111284062248586, 37.284788575641173 ], [ 127.111118479111909, 37.284798625160221 ], [ 127.110954925997618, 37.284821594284765 ], [ 127.110794977931093, 37.284857261820584 ], [ 127.110640175226209, 37.284905284286857 ], [ 127.110492008654205, 37.284965199223386 ], [ 127.11035190508899, 37.285036429643441 ], [ 127.110221213767787, 37.285118289589441 ], [ 127.110101193298462, 37.285209990737989 ], [ 127.106947748903039, 37.287867873128818 ], [ 127.106913080703336, 37.287897991725089 ], [ 127.106462846116642, 37.288301216950863 ], [ 127.106376851819164, 37.288384728278992 ], [ 127.106251090764445, 37.28851732990762 ], [ 127.106561217288629, 37.247442940750325 ], [ 127.106555757848341, 37.247325931756201 ], [ 127.106537655589392, 37.247209739117352 ], [ 127.105471497574669, 37.242160085230971 ], [ 127.104998599489619, 37.239831774370032 ], [ 127.104966563550647, 37.239709850901107 ], [ 127.099591851164334, 37.223095684709961 ], [ 127.098958579126631, 37.220985265713232 ], [ 127.098277020640978, 37.217002540059205 ], [ 127.097943525068146, 37.200135153008411 ], [ 127.097939245241733, 37.20008247490302 ], [ 127.097936285390148, 37.200029712737901 ], [ 127.09793386724759, 37.200016279936762 ], [ 127.097932767507359, 37.200002743785518 ], [ 127.0979220535678, 37.199950654783287 ], [ 127.097912643006126, 37.199898378903335 ], [ 127.097908590591757, 37.199885200421654 ], [ 127.097905837541418, 37.199871815614344 ], [ 127.097888792631863, 37.199820817241317 ], [ 127.097873022094774, 37.199769531203685 ], [ 127.097867374465935, 37.199756733984259 ], [ 127.097862994601414, 37.199743629394455 ], [ 127.097839782791013, 37.199694212685422 ], [ 127.097817804302849, 37.199644410497584 ], [ 127.097810615889173, 37.199632117806289 ], [ 127.097804651362353, 37.199619419612901 ], [ 127.097775496069346, 37.199572060389144 ], [ 127.097747521474489, 37.199524221745129 ], [ 127.097738861552031, 37.199512551982316 ], [ 127.097731369766009, 37.199500382456009 ], [ 127.097696551610952, 37.199455536748651 ], [ 127.097662850526788, 37.199410122404238 ], [ 127.097652802549092, 37.199399187963316 ], [ 127.097643855606563, 37.199387664290363 ], [ 127.09760370971604, 37.199345763953403 ], [ 127.097564606928572, 37.199303211284693 ], [ 127.097553267720727, 37.199293117468805 ], [ 127.097542951731512, 37.199282350623612 ], [ 127.097497864517976, 37.199243799178682 ], [ 127.097453736845353, 37.199204517967082 ], [ 127.097441215669363, 37.199195361974446 ], [ 127.097429629923028, 37.199185455651623 ], [ 127.097380035371941, 37.199150624404361 ], [ 127.097331308026384, 37.19911499288866 ], [ 127.097317725526409, 37.199106862876235 ], [ 127.097304981538372, 37.199097912492448 ], [ 127.097251357037422, 37.199067136957794 ], [ 127.097198499521042, 37.199035498191336 ], [ 127.097183986559472, 37.19902847242605 ], [ 127.097170206999238, 37.199020564201177 ], [ 127.097113068749763, 37.198994140871676 ], [ 127.097056590324499, 37.198966799420177 ], [ 127.097041286719303, 37.198960945525641 ], [ 127.097026604231473, 37.198954155652174 ], [ 127.096966502286321, 37.198932339141052 ], [ 127.096906947060958, 37.198909558151861 ], [ 127.09689100023715, 37.198904932458035 ], [ 127.096875556166282, 37.198899326366679 ], [ 127.096813069140978, 37.198882326952656 ], [ 127.096751010823894, 37.198864325624619 ], [ 127.096734574392244, 37.198860972626449 ], [ 127.096718517423554, 37.198856604355058 ], [ 127.09665424693145, 37.198844585953005 ], [ 127.096590283299619, 37.198831537430515 ], [ 127.096573515575713, 37.198829489360818 ], [ 127.096557000305168, 37.198826401032761 ], [ 127.096491565170325, 37.198819479609831 ], [ 127.096426312307642, 37.198811509321246 ], [ 127.096409374786361, 37.19881078584195 ], [ 127.096392560233241, 37.198809007258951 ], [ 127.096326590536165, 37.198807249711528 ], [ 127.096260676897231, 37.198804434167926 ], [ 127.096243732696919, 37.198805042182506 ], [ 127.096226780773577, 37.198804590535957 ], [ 127.096160911786697, 37.198808014038661 ], [ 127.096094972143391, 37.198810380104085 ], [ 127.096078184434816, 37.198812313692848 ], [ 127.096061258388119, 37.198813193396489 ], [ 127.095996124460044, 37.198821765229646 ], [ 127.095930793788682, 37.1988292898696 ], [ 127.095914324223969, 37.198832530348632 ], [ 127.095897587063462, 37.19883473299415 ], [ 127.095833815509891, 37.198848370851643 ], [ 127.095769722878572, 37.198860981362088 ], [ 127.095753730035298, 37.198865497464922 ], [ 127.095737342963119, 37.198869001901116 ], [ 127.095675548024104, 37.198887574676114 ], [ 127.095613310538283, 37.198905149390306 ], [ 127.095597948393475, 37.198910897570684 ], [ 127.095582069251336, 37.198915670105414 ], [ 127.095522846172514, 37.198938999146392 ], [ 127.095463063037556, 37.198961368612686 ], [ 127.09544847948635, 37.198968293465391 ], [ 127.095433261234334, 37.198974288188467 ], [ 127.095377180529738, 37.199002149013886 ], [ 127.095320427286907, 37.199029097632845 ], [ 127.095306762720114, 37.199037132428501 ], [ 127.095292351962343, 37.199044291652413 ], [ 127.09523995391352, 37.199076416107772 ], [ 127.095186776905294, 37.199107684212542 ], [ 127.095174162859649, 37.199116751541098 ], [ 127.095160698430348, 37.199125006355523 ], [ 127.095112487875937, 37.19916108519206 ], [ 127.095063398992934, 37.199196371551984 ], [ 127.095051956886365, 37.199206384068809 ], [ 127.095039568511083, 37.1992156550034 ], [ 127.094996009976725, 37.199255340853796 ], [ 127.094951481736857, 37.199294305576963 ], [ 127.094941321701711, 37.199305166844219 ], [ 127.094930128745602, 37.199315364633506 ], [ 127.094891641961283, 37.199358275356232 ], [ 127.094852102968403, 37.199400543162788 ], [ 127.094843322792968, 37.199412148577998 ], [ 127.094833433109088, 37.199423175020954 ], [ 127.09480038895785, 37.199468897380754 ], [ 127.094766219782898, 37.199514061215829 ], [ 127.094758903971822, 37.199526299018764 ], [ 127.09475041285998, 37.199538047924811 ], [ 127.09472312979733, 37.199586141574081 ], [ 127.094694659321192, 37.199633766525167 ], [ 127.094688878283833, 37.199646518873266 ], [ 127.0946818675706, 37.199658877085554 ], [ 127.094660608548949, 37.199708878808096 ], [ 127.09463811080262, 37.199758506289704 ], [ 127.094633920176435, 37.199771650391888 ], [ 127.094628457425145, 37.199784498877953 ], [ 127.094613427353735, 37.199835927054444 ], [ 127.094597118885233, 37.199887079219266 ], [ 127.094594559001479, 37.199900488516931 ], [ 127.094590696859527, 37.199913703516366 ], [ 127.094582040624573, 37.199966062767814 ], [ 127.094572078418025, 37.200018247102776 ], [ 127.094571173914247, 37.200031792487088 ], [ 127.09456894960465, 37.200045246704846 ], [ 127.094566750668605, 37.200098032669501 ], [ 127.094563230635387, 37.200150746732348 ], [ 127.094563990218759, 37.200164297785818 ], [ 127.094563425180482, 37.2001778616198 ], [ 127.094897773311828, 37.217126598854925 ], [ 127.094913167696319, 37.217288548585145 ], [ 127.095619753724293, 37.221418593036276 ], [ 127.095650804141144, 37.221550749391824 ], [ 127.096307096312529, 37.223738202849376 ], [ 127.096314285204187, 37.223761267492037 ], [ 127.101672513623072, 37.240326711872761 ], [ 127.102133657021213, 37.242597640244817 ], [ 127.102135377986968, 37.242605951229578 ], [ 127.103177753491494, 37.247544003273063 ], [ 127.102785037446381, 37.299238546133466 ], [ 127.1025776075994, 37.325495776785097 ], [ 127.102292301010067, 37.325314390271011 ], [ 127.102244199353763, 37.325284917105648 ], [ 127.095773729033525, 37.321464931661197 ], [ 127.095764528891792, 37.3214600383128 ], [ 127.095755883028914, 37.321454537954125 ], [ 127.088606526782343, 37.317347020005172 ], [ 127.088443650206756, 37.317264261649804 ], [ 127.08811348127746, 37.317116913154045 ], [ 127.087905249025184, 37.317038316092109 ], [ 127.087165790964093, 37.316806928409385 ], [ 127.087021319886759, 37.316767622165329 ], [ 127.086873003653096, 37.31673886781833 ], [ 127.086133684040433, 37.316623440974183 ], [ 127.086124146160017, 37.316621974509275 ], [ 127.084855725558, 37.316429957765017 ], [ 127.084556910803386, 37.316348549666969 ], [ 127.084258644658917, 37.316236315800971 ], [ 127.083872848278872, 37.316043219006033 ], [ 127.083734260182894, 37.315951143923535 ], [ 127.083605216690117, 37.315745466302452 ], [ 127.082604847238926, 37.31391320534604 ], [ 127.082540178025141, 37.313807550723773 ], [ 127.082288989790783, 37.313438738307099 ], [ 127.082278281374371, 37.313423257436035 ], [ 127.081817995865734, 37.312767990176944 ], [ 127.081812502148281, 37.312760997080815 ], [ 127.081807780521402, 37.312753653025048 ], [ 127.081779745714599, 37.312718915459016 ], [ 127.081753340741443, 37.312683372476059 ], [ 127.081740883371012, 37.312669831531032 ], [ 127.0817297016239, 37.312655597947824 ], [ 127.081723376209794, 37.312649068619038 ], [ 127.081717776099524, 37.31264212957479 ], [ 127.081398217412357, 37.312285856470275 ], [ 127.081349866157552, 37.312234567164403 ], [ 127.080953466906095, 37.311834224065265 ], [ 127.080821684664443, 37.311716058736188 ], [ 127.080412170712307, 37.311389520242336 ], [ 127.080316768118166, 37.3113190748318 ], [ 127.079762016336616, 37.310939920067774 ], [ 127.079628205280471, 37.310857342489072 ], [ 127.079261882455185, 37.310653773971922 ], [ 127.078810949396299, 37.310345566691069 ], [ 127.078479003495431, 37.310088885181351 ], [ 127.078308010611124, 37.309924126949113 ], [ 127.07810300429351, 37.309645671676257 ], [ 127.077654643985881, 37.308630484210788 ], [ 127.077638294369891, 37.30859504978843 ], [ 127.076579770931289, 37.306395990396624 ], [ 127.076598837609879, 37.30583928505591 ], [ 127.076599470132535, 37.305801213363658 ], [ 127.076598432860607, 37.304778590387414 ], [ 127.076585192355438, 37.304610895223149 ], [ 127.076505493752592, 37.304104906124593 ], [ 127.076477901091621, 37.303978498104094 ], [ 127.07643543203902, 37.303854748774633 ], [ 127.076263438349784, 37.303433159145222 ], [ 127.076208749474119, 37.303317381063593 ], [ 127.076141038824673, 37.303206082059681 ], [ 127.075889917185165, 37.302837255325485 ], [ 127.075800078591783, 37.302719944436255 ], [ 127.075695787700994, 37.302610530314226 ], [ 127.075339123820171, 37.302273397390131 ], [ 127.075205424900631, 37.302160815569579 ], [ 127.074980904518966, 37.301992277771504 ], [ 127.074803789679095, 37.30187630775648 ], [ 127.072590377992654, 37.300616871473011 ], [ 127.072144235812956, 37.30032657375456 ], [ 127.072040507890122, 37.300256247818702 ], [ 127.071855678643388, 37.300057799222039 ], [ 127.071727074065677, 37.299891743943896 ], [ 127.071631856738989, 37.299651502403513 ], [ 127.071608466669034, 37.29959660665385 ], [ 127.071490186896057, 37.299337369222108 ], [ 127.070990483092217, 37.297467216333807 ], [ 127.070988681180637, 37.297461791662052 ], [ 127.070987496035684, 37.297456259674547 ], [ 127.06985666325302, 37.293389267958666 ], [ 127.069793058994179, 37.293216066889393 ], [ 127.0696476150558, 37.292899876552987 ], [ 127.069577506229294, 37.292769146649633 ], [ 127.069490597307563, 37.292645023777844 ], [ 127.06926601165145, 37.292360506992424 ], [ 127.06916066269666, 37.292241735284477 ], [ 127.068909717419317, 37.291988860820332 ], [ 127.068818624011328, 37.291904459590739 ], [ 127.068719140119924, 37.291826338848878 ], [ 127.06829661009813, 37.291520849901566 ], [ 127.068147421166159, 37.291424683693748 ], [ 127.067985577628889, 37.291342614046847 ], [ 127.067536756946097, 37.291142562842829 ], [ 127.067465535907218, 37.291112569565996 ], [ 127.064248614881464, 37.289834939965516 ], [ 127.064021734470558, 37.289739690702923 ], [ 127.063857034581915, 37.28966894860794 ], [ 127.063845739620859, 37.289660996726376 ], [ 127.059522478675902, 37.285899521166833 ], [ 127.059459732234203, 37.28584776331985 ], [ 127.05912967050395, 37.285589636280193 ], [ 127.058951753901255, 37.285468539926427 ], [ 127.05862174463752, 37.28527366672828 ], [ 127.058417348122177, 37.285170159468102 ], [ 127.058074183765129, 37.285022732693776 ], [ 127.05795750425321, 37.284977128307162 ], [ 127.057836790728871, 37.284938809297223 ], [ 127.057520061112101, 37.284849352003739 ], [ 127.057426912236096, 37.284825439832893 ], [ 127.057017820269095, 37.284730754713294 ], [ 127.056842803564251, 37.284698183926935 ], [ 127.056664451065686, 37.284680626579657 ], [ 127.056288401237239, 37.284659720947438 ], [ 127.056151142813761, 37.284656552648258 ], [ 127.055557408807601, 37.28466210415926 ], [ 127.055375402122024, 37.284671660816898 ], [ 127.05519574006405, 37.284696814933909 ], [ 127.054852737245255, 37.284760229701362 ], [ 127.054691000900405, 37.284796983263675 ], [ 127.054534628099731, 37.284846381191976 ], [ 127.054039973495293, 37.285025831409726 ], [ 127.053911042052917, 37.285078021028042 ], [ 127.053788154534217, 37.285138811352418 ], [ 127.053253991399941, 37.285428972946612 ], [ 127.053150343542924, 37.285490007476213 ], [ 127.053052803518284, 37.285557162128505 ], [ 127.050492669464489, 37.287459997332533 ], [ 127.048510006042875, 37.28893236578152 ], [ 127.048387950611811, 37.289032908738356 ], [ 127.048028411486371, 37.289361549710428 ], [ 127.047655866179895, 37.289690331356439 ], [ 127.04752529818613, 37.289820958755833 ], [ 127.04718246980201, 37.290211169825774 ], [ 127.046839637837479, 37.290601379929903 ], [ 127.046741485718329, 37.290727251390763 ], [ 127.046661177776031, 37.290860954175315 ], [ 127.046437124063914, 37.291293286255744 ], [ 127.046379846077542, 37.291421797108327 ], [ 127.046339067392481, 37.291554265150253 ], [ 127.046260095224469, 37.291881114605644 ], [ 127.046237065592777, 37.292008996021892 ], [ 127.046229418402618, 37.29213804977573 ], [ 127.046229721596902, 37.292633548711294 ], [ 127.046237366454946, 37.292761260295983 ], [ 127.046260076427799, 37.292887823916516 ], [ 127.046379141089247, 37.29338327630655 ], [ 127.046419641415724, 37.293515475441261 ], [ 127.046476571976086, 37.293643751788593 ], [ 127.046661533761181, 37.294002125071621 ], [ 127.046701555386591, 37.294073706237086 ], [ 127.04816732827031, 37.296503502421139 ], [ 127.048271421823983, 37.296805840306433 ], [ 127.04830428170149, 37.297099471690892 ], [ 127.048304349488888, 37.297205479376778 ], [ 127.048239105969614, 37.297344689452792 ], [ 127.048112332874965, 37.297558780823984 ], [ 127.04789807560239, 37.29777810555214 ], [ 127.04789415749255, 37.297782131948104 ], [ 127.046609453979286, 37.29910746157271 ], [ 127.046244621974225, 37.299436607768143 ], [ 127.045370522956844, 37.299963011502449 ], [ 127.043463951346055, 37.300915790396033 ], [ 127.043446416784263, 37.300925540539453 ], [ 127.043428039330308, 37.300934243868916 ], [ 127.043378287220179, 37.300963424130266 ], [ 127.04332762943298, 37.300991592451474 ], [ 127.043311375580814, 37.301002668610209 ], [ 127.043294154455225, 37.301012768994319 ], [ 127.043248222137294, 37.301045704359723 ], [ 127.043201264342429, 37.301077703572545 ], [ 127.043186447731074, 37.301089999081391 ], [ 127.04317054877977, 37.301101399252062 ], [ 127.043128878602673, 37.301137772548479 ], [ 127.043086073025179, 37.30117329449525 ], [ 127.043072836346568, 37.301186690946132 ], [ 127.043058412684317, 37.301199281117754 ], [ 127.043021405956154, 37.30123874206317 ], [ 127.042983164839043, 37.301277444660485 ], [ 127.042971635571647, 37.301291813042617 ], [ 127.042958826107551, 37.301305471969194 ], [ 127.042926839231143, 37.301347640545409 ], [ 127.042893530865342, 37.301389151078155 ], [ 127.04288382004637, 37.301404353020274 ], [ 127.042872748146024, 37.301418949162951 ], [ 127.042846089186057, 37.301463419275031 ], [ 127.04281803436325, 37.301507337985278 ], [ 127.042810235519212, 37.301523227088097 ], [ 127.042801007816493, 37.301538619881775 ], [ 127.042779933532302, 37.301584963268525 ], [ 127.042757402454995, 37.301630867204977 ], [ 127.042751590700675, 37.301647290450951 ], [ 127.042744296070637, 37.301663331657871 ], [ 127.042729009442624, 37.301711102015766 ], [ 127.042712219121228, 37.301758549106694 ], [ 127.042708450436109, 37.301775348333528 ], [ 127.042703159138654, 37.301791883470713 ], [ 127.042693807412704, 37.301840620751761 ], [ 127.042682919574673, 37.301889154062025 ], [ 127.042681230263327, 37.301906167485818 ], [ 127.042677993266423, 37.301923037312804 ], [ 127.042674666534722, 37.301972272154778 ], [ 127.0426697860659, 37.302021424286167 ], [ 127.042670192408153, 37.302038488059331 ], [ 127.042669040896413, 37.302055530111566 ], [ 127.04267177122864, 37.302104788358115 ], [ 127.042672945162167, 37.302154085950384 ], [ 127.042675443255661, 37.302171035739605 ], [ 127.042676388329838, 37.302188085893121 ], [ 127.042685149463139, 37.302236893160043 ], [ 127.042692366525102, 37.302285861449619 ], [ 127.042696932322727, 37.302302534018487 ], [ 127.042699964892094, 37.302319428070419 ], [ 127.042714672482873, 37.302367314314246 ], [ 127.042727863199801, 37.302415481706525 ], [ 127.042734452740589, 37.302431716487568 ], [ 127.042739543610338, 37.302448291737576 ], [ 127.042760056045154, 37.302494795782437 ], [ 127.042779093411809, 37.302541698393597 ], [ 127.042787643244168, 37.302557339034756 ], [ 127.042794743396001, 37.302573435851919 ], [ 127.042820863154446, 37.302618109831194 ], [ 127.04284556385592, 37.302663295955817 ], [ 127.042855991648182, 37.302678191826182 ], [ 127.042865032712101, 37.302693655186516 ], [ 127.042896508267987, 37.302736068856312 ], [ 127.042926634444072, 37.302779103317825 ], [ 127.042938839777094, 37.302793110958554 ], [ 127.0429497346895, 37.302807791937973 ], [ 127.042986262932374, 37.302847536820877 ], [ 127.043021524467591, 37.302888005162991 ], [ 127.043035389801716, 37.302900989668927 ], [ 127.043048033643558, 37.30291474687764 ], [ 127.043089262797153, 37.302951440197027 ], [ 127.043129320114019, 37.302988952675577 ], [ 127.043144711920803, 37.303000788994659 ], [ 127.043158982927935, 37.303013489938991 ], [ 127.043204515937603, 37.303046778305898 ], [ 127.043248983266579, 37.303080973642629 ], [ 127.043265753314628, 37.303091547780362 ], [ 127.043281514050264, 37.303103070138874 ], [ 127.043330912406731, 37.303132632955773 ], [ 127.043379361501152, 37.303163181818228 ], [ 127.043397348283719, 37.303172391935647 ], [ 127.043414446962004, 37.303182624737353 ], [ 127.043467234924321, 37.303208177286059 ], [ 127.043519199184871, 37.303234785459736 ], [ 127.043538229475374, 37.303242542854413 ], [ 127.043556501423197, 37.30325138754764 ], [ 127.043612170600767, 37.303272683731862 ], [ 127.043667149569359, 37.303295094954066 ], [ 127.043687040089651, 37.30330132491445 ], [ 127.043706309332791, 37.303308696316108 ], [ 127.043764323582167, 37.303325531031994 ], [ 127.0438217877619, 37.303343529460157 ], [ 127.043842346947741, 37.303348171985256 ], [ 127.043862427905637, 37.303353999101354 ], [ 127.043922228494296, 37.303366210212999 ], [ 127.043981624449927, 37.303379622503925 ], [ 127.044002654296008, 37.303382632881224 ], [ 127.044023353569401, 37.303386859590681 ], [ 127.044084364557648, 37.303394329492015 ], [ 127.044145120246256, 37.303403026471464 ], [ 127.044166418213592, 37.303404375707728 ], [ 127.044187536447268, 37.30340696130294 ], [ 127.044249170235972, 37.30340961805053 ], [ 127.044310700517002, 37.303413515957502 ], [ 127.044332061483729, 37.30341319105797 ], [ 127.044353395286947, 37.303414110637029 ], [ 127.04441505827765, 37.303411928643122 ], [ 127.044476770549295, 37.303410989936729 ], [ 127.044497988786603, 37.30340899403032 ], [ 127.044519332692218, 37.303408238736729 ], [ 127.044580431004832, 37.30340123901577 ], [ 127.044641730912417, 37.303395472736767 ], [ 127.044662602066253, 37.303391825045985 ], [ 127.04468375050989, 37.303389402154082 ], [ 127.044743695703346, 37.303377652120297 ], [ 127.044803992864558, 37.303367113804036 ], [ 127.044824315924117, 37.303361849459783 ], [ 127.04484506522418, 37.303357782304595 ], [ 127.044903279964771, 37.303341395122629 ], [ 127.044961993656386, 37.303326186264144 ], [ 127.044981572890222, 37.303319355967311 ], [ 127.045001723210035, 37.303313683719814 ], [ 127.045057646832518, 37.303292817214704 ], [ 127.04511421158422, 37.303273084290993 ], [ 127.045132858425731, 37.303264753824152 ], [ 127.04515221569838, 37.303257531113928 ], [ 127.045205309606274, 37.303232386250897 ], [ 127.045259180647562, 37.303208319309974 ], [ 127.047228203645233, 37.302224319640224 ], [ 127.047349408266726, 37.302157722928918 ], [ 127.048417972149352, 37.301514197061529 ], [ 127.04854786332983, 37.301427503677182 ], [ 127.048666265483476, 37.301330879806116 ], [ 127.049180650027211, 37.30086679632398 ], [ 127.049251680229503, 37.300798297915584 ], [ 127.050568515326916, 37.299439772719808 ], [ 127.050896243286246, 37.29910428096251 ], [ 127.051002852400032, 37.298981762583736 ], [ 127.051091912858652, 37.298850605581627 ], [ 127.051329180486533, 37.298449886985679 ], [ 127.051384268919875, 37.298345803923638 ], [ 127.051581929520978, 37.297924016920426 ], [ 127.051628709681125, 37.297808691029779 ], [ 127.051662371193828, 37.297690481184901 ], [ 127.051682643499916, 37.297570337731216 ], [ 127.051689363685512, 37.297449226554896 ], [ 127.05168908234748, 37.297038068096903 ], [ 127.051682353706354, 37.296918359056846 ], [ 127.051629244172361, 37.296443968450525 ], [ 127.051608983534337, 37.296323912914985 ], [ 127.051575353588632, 37.296205788046116 ], [ 127.051390241065135, 37.295668199547727 ], [ 127.051343086901795, 37.295552046008297 ], [ 127.051283008007644, 37.295439764960001 ], [ 127.049771902717623, 37.292934995009588 ], [ 127.049670833249422, 37.292739183541258 ], [ 127.049614278367557, 37.292503890222292 ], [ 127.049614122357227, 37.292266321976633 ], [ 127.049629848865791, 37.292201221393242 ], [ 127.049716995185648, 37.292033051297096 ], [ 127.049952694213914, 37.291764767939149 ], [ 127.050235295851763, 37.291443094764361 ], [ 127.050547389252628, 37.291167655368788 ], [ 127.05056699062979, 37.29115005006247 ], [ 127.050878467984447, 37.290865332262399 ], [ 127.052797089970127, 37.289440489744912 ], [ 127.05279732091428, 37.289440300526401 ], [ 127.052797573876077, 37.289440130226204 ], [ 127.055263482192046, 37.28760729143761 ], [ 127.055571085156245, 37.287440196997998 ], [ 127.055780102964391, 37.287364369365399 ], [ 127.056122042030722, 37.287361156571691 ], [ 127.056249517807373, 37.287368243384911 ], [ 127.056438269032682, 37.287411930252638 ], [ 127.056586124842795, 37.287453690986084 ], [ 127.056707793971199, 37.287505961718182 ], [ 127.056846046018237, 37.287587601983809 ], [ 127.057060158450739, 37.287755054061726 ], [ 127.061413393412025, 37.291542712066459 ], [ 127.061541012536367, 37.291642603258424 ], [ 127.061765463458542, 37.291800624376066 ], [ 127.061917877585927, 37.291896124423005 ], [ 127.062082952468259, 37.291977083992506 ], [ 127.062426156123536, 37.292124498989395 ], [ 127.062440297635376, 37.292130504369162 ], [ 127.062691099173279, 37.29223579716124 ], [ 127.062724948444483, 37.29224962249608 ], [ 127.06592291013493, 37.293519733646285 ], [ 127.066168360564134, 37.293629138677836 ], [ 127.066344377052374, 37.293756401191082 ], [ 127.066451755362266, 37.293864608770164 ], [ 127.066532315717566, 37.293966671821316 ], [ 127.066577040445935, 37.294063910745741 ], [ 127.067681634723812, 37.29803715819228 ], [ 127.068204425822842, 37.299994034602818 ], [ 127.068269463933703, 37.300174799095174 ], [ 127.068415710677797, 37.300495362752407 ], [ 127.068563480478005, 37.300868238011702 ], [ 127.068611046848417, 37.300973038032396 ], [ 127.068669258719709, 37.301074351554405 ], [ 127.068737720415555, 37.301171489858859 ], [ 127.069015186057044, 37.30152977394809 ], [ 127.06909660642593, 37.301625495225203 ], [ 127.069440071111543, 37.301994282275565 ], [ 127.069563455835677, 37.302112138578579 ], [ 127.06970278194548, 37.302218051667985 ], [ 127.069966892706901, 37.302397118602748 ], [ 127.069993180062426, 37.30241457956371 ], [ 127.070494981398497, 37.302741099721992 ], [ 127.070581924761299, 37.302794035641327 ], [ 127.072746429380175, 37.304025664592331 ], [ 127.072816414408052, 37.30407820054802 ], [ 127.072998722970311, 37.304250531603145 ], [ 127.073093016934209, 37.304389030791512 ], [ 127.073166912228302, 37.304570181340246 ], [ 127.07321332198859, 37.304864909934835 ], [ 127.073214213346645, 37.305784316455494 ], [ 127.073189195780188, 37.306513818064886 ], [ 127.073191598151766, 37.306631802899091 ], [ 127.073206869783093, 37.306749171081407 ], [ 127.073234894413375, 37.306865028645554 ], [ 127.073301099549965, 37.307086380282037 ], [ 127.073367501421885, 37.307257378099607 ], [ 127.074469936336357, 37.309547866169048 ], [ 127.074964745860925, 37.310668330218938 ], [ 127.075026230697517, 37.310788753670153 ], [ 127.075101916277319, 37.31090390156897 ], [ 127.075458767253153, 37.3113886295124 ], [ 127.075532277541711, 37.311479889942682 ], [ 127.075614713991641, 37.311566147633194 ], [ 127.075931794303173, 37.311871677059081 ], [ 127.076057588274665, 37.311980211738771 ], [ 127.076493495112103, 37.312317290710546 ], [ 127.076570326322837, 37.312373157551548 ], [ 127.077125072414702, 37.312752327224352 ], [ 127.077258884139837, 37.312834907676226 ], [ 127.077625212082594, 37.31303848237954 ], [ 127.078066251603545, 37.313339924480715 ], [ 127.07835953048297, 37.313573785392371 ], [ 127.078669432303315, 37.313886781421068 ], [ 127.078911110650054, 37.314156237561399 ], [ 127.07932020531301, 37.314738660969056 ], [ 127.0795308803024, 37.315048007089793 ], [ 127.080519775819596, 37.316859386900262 ], [ 127.080558037516909, 37.316924663366073 ], [ 127.080782817765467, 37.317282954706428 ], [ 127.080853276133411, 37.317384188004119 ], [ 127.08093432411232, 37.317480233644176 ], [ 127.081119337971018, 37.317680414222608 ], [ 127.081250089084989, 37.317805370079235 ], [ 127.081398701798918, 37.317916864687525 ], [ 127.081794986719231, 37.318180153612232 ], [ 127.081978639867117, 37.318286392097633 ], [ 127.082546552955137, 37.318570644468544 ], [ 127.082723989969992, 37.318648073491012 ], [ 127.083199391311851, 37.318826962488927 ], [ 127.083374363258216, 37.31888351180055 ], [ 127.083876121122614, 37.319020209577417 ], [ 127.084107386731034, 37.319068956013481 ], [ 127.085488872651439, 37.319278090115766 ], [ 127.086073199027311, 37.319369319118259 ], [ 127.086562659207743, 37.31952247939688 ], [ 127.086707672841072, 37.319587197016972 ], [ 127.093769680894141, 37.323644588037176 ], [ 127.10020697149011, 37.327445046113255 ], [ 127.101256230171671, 37.328112126542827 ], [ 127.101360102943758, 37.328222478622223 ], [ 127.101441484258004, 37.328347128747183 ], [ 127.101544659492603, 37.328534903213438 ], [ 127.101615337912818, 37.328765856553133 ], [ 127.101642294514363, 37.328889912518108 ], [ 127.101597087913007, 37.330009052918875 ], [ 127.101301612367237, 37.335422508302088 ], [ 127.101130366470841, 37.337853676968031 ], [ 127.101130211559962, 37.337871105045757 ], [ 127.101128477925585, 37.337888478504738 ], [ 127.101029795742008, 37.340477768165705 ], [ 127.101031689681051, 37.340594895170511 ], [ 127.10104627371733, 37.340711451727095 ], [ 127.101073438445468, 37.340826562993428 ], [ 127.10120608652457, 37.341279774635915 ], [ 127.10126614379179, 37.341439678165713 ], [ 127.101504512570884, 37.341956053535299 ], [ 127.101564413197366, 37.342069585306604 ], [ 127.101637008197272, 37.342178292642679 ], [ 127.101721694924748, 37.342281273031688 ], [ 127.102065518604178, 37.342660504794395 ], [ 127.10215496160086, 37.342750799922278 ], [ 127.102253701220391, 37.342834692827459 ], [ 127.102361021642096, 37.342911575296441 ], [ 127.102439490356602, 37.342963147406145 ], [ 127.102420653329546, 37.34534443183103 ], [ 127.102420642284585, 37.345345965792987 ], [ 127.102258416482982, 37.370329144591608 ], [ 127.102250204954046, 37.371884322839065 ], [ 127.102256103996851, 37.372002896744817 ], [ 127.10227500758819, 37.37212060113454 ], [ 127.102601702483355, 37.373627031637625 ], [ 127.102661580119829, 37.373818600174367 ], [ 127.103292389277271, 37.375350329241456 ], [ 127.103372332923755, 37.375509584373987 ], [ 127.104156435954124, 37.376823306617339 ], [ 127.104277081849389, 37.376992770238417 ], [ 127.105214353751663, 37.378112761355908 ], [ 127.105365047004071, 37.378267296972112 ], [ 127.107745796335095, 37.380374146459509 ], [ 127.107798781939522, 37.380474472577376 ], [ 127.107830770220403, 37.380531341056624 ], [ 127.108936766035015, 37.382382094473343 ], [ 127.109429098817813, 37.383736814868961 ], [ 127.109432198787971, 37.384772383337868 ], [ 127.109461956803969, 37.394561934711426 ], [ 127.109381912980894, 37.399258940937393 ], [ 127.109381836765778, 37.399290494078897 ], [ 127.109414462353826, 37.401962198842234 ], [ 127.10935640365328, 37.403233537375073 ], [ 127.109159715022656, 37.403881157686236 ], [ 127.108778633878927, 37.404641175189838 ], [ 127.107403994367431, 37.405373674930431 ], [ 127.103373306949564, 37.407307086503543 ], [ 127.103299511146176, 37.407344584237286 ], [ 127.097210435846392, 37.410617561551604 ], [ 127.097093182438513, 37.410686608055052 ], [ 127.087069516884767, 37.417137225328673 ], [ 127.087006978644496, 37.417179496123644 ], [ 127.077425824556002, 37.423978776940814 ], [ 127.077410396587482, 37.423989859525427 ], [ 127.075328927738923, 37.425503535853608 ], [ 127.07526734972366, 37.425550631878878 ], [ 127.072074929658896, 37.428118186528366 ], [ 127.072035376910989, 37.428151086852466 ], [ 127.062064969395792, 37.436728017299721 ], [ 127.061971895127414, 37.436815200687278 ], [ 127.060719990939035, 37.438093799221882 ], [ 127.06064130642973, 37.438181105689253 ], [ 127.059894814994593, 37.439083004101029 ], [ 127.059847020109032, 37.439144240841685 ], [ 127.059504297241673, 37.439610636059435 ], [ 127.059495254119525, 37.439623093882894 ], [ 127.056592338706906, 37.443671454099878 ], [ 127.055100670772873, 37.445601587826893 ], [ 127.053446106836915, 37.44741146736358 ], [ 127.049277725976339, 37.451961709172245 ], [ 127.049247196919012, 37.451996147391718 ], [ 127.047348372283807, 37.454210510759133 ], [ 127.045113744547322, 37.456650595708147 ], [ 127.04388000999316, 37.457914339943429 ], [ 127.043859709152358, 37.457935563024698 ], [ 127.042236472983902, 37.459667682773606 ], [ 127.042217212735267, 37.45968865168954 ], [ 127.040245422351333, 37.461879149856962 ], [ 127.039314854527433, 37.462890963000838 ], [ 127.039292505655965, 37.462915848511251 ], [ 127.03799767203472, 37.464392644206072 ], [ 127.037934906509548, 37.464469674668095 ], [ 127.037468474928062, 37.465087050840694 ], [ 127.037402038009787, 37.465183692113648 ], [ 127.037345695440621, 37.465284325061681 ], [ 127.037095170080462, 37.465785754722909 ], [ 127.037037882054122, 37.465920703280744 ], [ 127.03699872671497, 37.466059707577372 ], [ 127.036847625204445, 37.466769189739402 ], [ 127.036827317363191, 37.466907219688444 ], [ 127.036768291335818, 37.467626461644102 ], [ 127.03676494938793, 37.467690345801032 ], [ 127.036744574431694, 37.468591240733168 ], [ 127.036744438889542, 37.46863298019808 ], [ 127.03675605183102, 37.469353360101131 ], [ 127.036756406319029, 37.469368633123125 ], [ 127.036780490297772, 37.470163451941957 ], [ 127.03678052785412, 37.470163859953047 ], [ 127.036780515364001, 37.470164268939584 ], [ 127.036945901444909, 37.475488627638946 ], [ 127.036959679536324, 37.476193208115191 ], [ 127.036961152927148, 37.477063110104304 ], [ 127.036936000651366, 37.477719655944213 ], [ 127.036841885790196, 37.478519870716063 ], [ 127.036749685176119, 37.478937911166014 ], [ 127.036560649135225, 37.479492917954445 ], [ 127.036301473530358, 37.479997168408332 ], [ 127.036030473088459, 37.48037118844416 ], [ 127.035772662906666, 37.480660393675755 ], [ 127.035225234329687, 37.481214899753176 ], [ 127.034806656145278, 37.481609084167289 ], [ 127.03475731498078, 37.481657792848594 ], [ 127.033630227417945, 37.482824679667658 ], [ 127.033264755300536, 37.483128710379461 ], [ 127.032595503567649, 37.483039565087267 ], [ 127.028778339871209, 37.479258440094391 ], [ 127.023849683160492, 37.470959782901559 ], [ 127.016019641853291, 37.455266749780847 ], [ 127.015983062246775, 37.455198880933551 ], [ 127.006060307537254, 37.438088315165921 ], [ 127.005999098922672, 37.437992869535528 ], [ 127.003538722435835, 37.434504565956921 ], [ 127.003455080161444, 37.434397909943499 ], [ 127.003359369364674, 37.434297914438183 ], [ 127.003252418593846, 37.434205445032561 ], [ 127.003135153683587, 37.434121302166766 ], [ 127.00083214878191, 37.432617287564092 ], [ 127.000691013460383, 37.432534448590303 ], [ 127.000539909511403, 37.432463669366243 ], [ 127.000380451194374, 37.43240570602152 ], [ 126.997436630147604, 37.431478916559001 ], [ 126.997279061328243, 37.431436306639 ], [ 126.997117014105314, 37.431406217938772 ], [ 126.996952049005316, 37.431388940213409 ], [ 126.996785754649366, 37.431384639847543 ], [ 126.996619732457148, 37.431393358253175 ], [ 126.996455581227735, 37.431415011471145 ], [ 126.996294881745413, 37.431449390979417 ], [ 126.996139181559158, 37.431496165700956 ], [ 126.995989980081674, 37.431554885191538 ], [ 126.995848714151734, 37.431624983976846 ], [ 126.995716744198745, 37.431705786997405 ], [ 126.995595341142504, 37.431796516108513 ], [ 126.995485674154466, 37.431896297573012 ], [ 126.995388799398143, 37.432004170474521 ], [ 126.995305649857372, 37.432119095970329 ], [ 126.995237026350097, 37.432239967294741 ], [ 126.995183589814403, 37.432365620416689 ], [ 126.995145854941171, 37.432494845249053 ], [ 126.995124185214735, 37.432626397301576 ], [ 126.995118789409389, 37.432759009665446 ], [ 126.995129719575544, 37.43289140521393 ], [ 126.995156870535169, 37.433022308901698 ], [ 126.9951999808914, 37.433150460044395 ], [ 126.99525863554291, 37.433274624459997 ], [ 126.995332269678542, 37.433393606355445 ], [ 126.995420174214317, 37.433506259843526 ], [ 126.995521502620221, 37.433611499979456 ], [ 126.995635279071337, 37.433708313210587 ], [ 126.995760407844628, 37.433795767138811 ], [ 126.995895683871083, 37.433873019501334 ], [ 126.996039804341621, 37.433939326283365 ], [ 126.996191381254931, 37.433994048884678 ], [ 126.998888686005202, 37.434843237281967 ], [ 127.000739560367208, 37.43605200425138 ], [ 127.00301034236216, 37.439271673511541 ], [ 127.012884859837072, 37.456300262341209 ], [ 127.020717123435801, 37.471999056371132 ], [ 127.020760072498774, 37.472077753167952 ], [ 127.025797313995326, 37.480559812308428 ], [ 127.025893134398189, 37.480699285312163 ] ], [ [ 127.06624942939996, 37.50182827980219 ], [ 127.066220306653051, 37.501699683886905 ], [ 127.066175738047605, 37.50157392841399 ], [ 127.066116139973559, 37.501452188059865 ], [ 127.064969971936819, 37.499408536584433 ], [ 127.064885263491888, 37.499277248395458 ], [ 127.06478309531289, 37.499154100426068 ], [ 127.064664685401979, 37.499040560689998 ], [ 127.058971663325025, 37.49415092050954 ], [ 127.06203673592664, 37.49555528429579 ], [ 127.062056581140723, 37.495563371356361 ], [ 127.062075751875241, 37.495572623465073 ], [ 127.062084984498114, 37.495576144681714 ], [ 127.062093713279609, 37.495580244134409 ], [ 127.062139780635661, 37.495597275664828 ], [ 127.062184995268936, 37.495615700869976 ], [ 127.062205737423355, 37.495622198367883 ], [ 127.062225955974114, 37.495629909457826 ], [ 127.062235579282387, 37.495632693234199 ], [ 127.062244768874237, 37.495636090698142 ], [ 127.066730193975474, 37.497085657006863 ], [ 127.066828814147073, 37.497114724675114 ], [ 127.070674564476093, 37.498141401814436 ], [ 127.071912880999562, 37.498474009590183 ], [ 127.072047573961356, 37.49850530993443 ], [ 127.072185052017005, 37.498527637907131 ], [ 127.073487158901031, 37.498694772140674 ], [ 127.07364936076786, 37.498709256374596 ], [ 127.073812558917879, 37.498711258017437 ], [ 127.073975243526192, 37.498700758550527 ], [ 127.074135909519512, 37.498677855108951 ], [ 127.075015449520791, 37.498517347762146 ], [ 127.075023400700374, 37.498515880675136 ], [ 127.07677376453735, 37.498189367801139 ], [ 127.076925187293085, 37.498155147000851 ], [ 127.077071979002596, 37.498109895201488 ], [ 127.077212876760541, 37.498054001723858 ], [ 127.078427684774724, 37.497514680117234 ], [ 127.078551115588482, 37.497454240201108 ], [ 127.078667625734269, 37.497385631940112 ], [ 127.07927414460724, 37.4969955053392 ], [ 127.079386423107664, 37.49691651534053 ], [ 127.079489521625348, 37.496829944385389 ], [ 127.079582636901094, 37.496736466990846 ], [ 127.079665043468239, 37.496636811482922 ], [ 127.080243228268614, 37.495865526686366 ], [ 127.080352984973302, 37.495691839596141 ], [ 127.080492798151923, 37.495424233938934 ], [ 127.083669461192216, 37.496471845457528 ], [ 127.083677804321255, 37.496474576064017 ], [ 127.084149980445574, 37.496627945122604 ], [ 127.079283407287349, 37.498299534571089 ], [ 127.074601270047523, 37.499350637031782 ], [ 127.074555875327832, 37.49936137359164 ], [ 127.072053497676663, 37.499983589154922 ], [ 127.071906963058865, 37.500026000068409 ], [ 127.07176593194032, 37.500078946122031 ], [ 127.069108280610692, 37.50119825566081 ], [ 127.068988835112677, 37.501253630554537 ], [ 127.066373359900183, 37.502582537860846 ], [ 127.06624942939996, 37.50182827980219 ] ], [ [ 127.071754237665829, 37.495577828551539 ], [ 127.067956972279177, 37.494564100508754 ], [ 127.063627894486984, 37.493165070943263 ], [ 127.059982397137503, 37.49149476402448 ], [ 127.05997561508488, 37.49149167295981 ], [ 127.056411291135674, 37.489875734634481 ], [ 127.052407136670382, 37.488033409128974 ], [ 127.052403996405232, 37.488031967754466 ], [ 127.049358578107132, 37.486637511929189 ], [ 127.047657017744044, 37.485813930209268 ], [ 127.047652687411187, 37.485812059550142 ], [ 127.047648592082567, 37.485809878560772 ], [ 127.046374952486488, 37.485201419702733 ], [ 127.04622795227273, 37.485138798980557 ], [ 127.045655974374711, 37.48492322356995 ], [ 127.045516807222398, 37.484876688821657 ], [ 127.045373001425887, 37.484840193144827 ], [ 127.044679395102563, 37.484690888303511 ], [ 127.044670805395384, 37.484689058495476 ], [ 127.044123516461809, 37.484573695294607 ], [ 127.043957299432591, 37.484545669643481 ], [ 127.042682000966181, 37.484383304035887 ], [ 127.042674165017232, 37.484382321315771 ], [ 127.038244701168082, 37.483835180168803 ], [ 127.037095718730754, 37.483670014217829 ], [ 127.037422264825821, 37.483331920335509 ], [ 127.03783501951537, 37.482943207367455 ], [ 127.037873298694493, 37.482905824753892 ], [ 127.038465106523546, 37.482306344405536 ], [ 127.038514811327303, 37.482253378236365 ], [ 127.038842880523035, 37.481885342999902 ], [ 127.038929016598473, 37.481778400793424 ], [ 127.039297219727104, 37.481270199542593 ], [ 127.039397954909091, 37.481106599649841 ], [ 127.039740371120175, 37.480440342946778 ], [ 127.039807716441274, 37.480282042779301 ], [ 127.040044497202686, 37.479586769686541 ], [ 127.040078121186482, 37.479466650973947 ], [ 127.040195512263978, 37.478934288944536 ], [ 127.040213718498492, 37.478826406189 ], [ 127.040319155566195, 37.477929581165256 ], [ 127.040325765037181, 37.477844667959523 ], [ 127.040353339592897, 37.477124044121211 ], [ 127.040354126246299, 37.477080958969253 ], [ 127.04035255932294, 37.476179886782091 ], [ 127.040352354009627, 37.476160643134442 ], [ 127.040338234016531, 37.475440244095118 ], [ 127.040337919781265, 37.475427850242994 ], [ 127.040172113091771, 37.470097706773089 ], [ 127.040148237318746, 37.469310932607968 ], [ 127.040137052672137, 37.468619060688113 ], [ 127.040156194232878, 37.467771007436149 ], [ 127.040206875734754, 37.467153105925441 ], [ 127.040313307428377, 37.466653262595329 ], [ 127.040446140001876, 37.466387374200004 ], [ 127.040811318477296, 37.465903993321589 ], [ 127.042062102959335, 37.464477376996726 ], [ 127.042986409736514, 37.463472332053072 ], [ 127.042996551464284, 37.463461185661416 ], [ 127.044963835526616, 37.461275606513169 ], [ 127.046567269526747, 37.459564552260694 ], [ 127.047806691039426, 37.458294936612077 ], [ 127.047838024731064, 37.458261802045584 ], [ 127.050103438031371, 37.455788004061581 ], [ 127.05013373075532, 37.455753824945944 ], [ 127.052032399551621, 37.453539549682986 ], [ 127.056185570914948, 37.449005731743682 ], [ 127.0561860065514, 37.449005203548154 ], [ 127.056186504451077, 37.449004711568243 ], [ 127.057880271344231, 37.44715187495251 ], [ 127.057953565082897, 37.447064789354172 ], [ 127.059494317866026, 37.445071045452266 ], [ 127.059522738102316, 37.445032879370487 ], [ 127.062434885561274, 37.440971426252595 ], [ 127.062750161599553, 37.440542359791849 ], [ 127.063434549819718, 37.439715456505397 ], [ 127.064600697004181, 37.438524401128269 ], [ 127.074502786471328, 37.43000599985119 ], [ 127.077645036497074, 37.427478732365167 ], [ 127.079687311628732, 37.425993526052522 ], [ 127.089230137793422, 37.419221308162001 ], [ 127.099165229334034, 37.412827582655289 ], [ 127.105157623775867, 37.409606530829066 ], [ 127.109185390089962, 37.40767449850965 ], [ 127.109253373966496, 37.407640106521839 ], [ 127.110691490773419, 37.406873772304692 ], [ 127.11074264730749, 37.406845413443172 ], [ 127.111023238340493, 37.406683685743999 ], [ 127.111151419107799, 37.406601988776181 ], [ 127.111269096852283, 37.40651078777892 ], [ 127.111375168851552, 37.406410937399187 ], [ 127.111581485751742, 37.406196482421421 ], [ 127.111670025751238, 37.406095186719547 ], [ 127.111746610640665, 37.405987869167305 ], [ 127.111810601584608, 37.405875425030423 ], [ 127.11235199160987, 37.404795604614215 ], [ 127.112425545133945, 37.404611839634093 ], [ 127.112691042093431, 37.403737533670508 ], [ 127.112722798580933, 37.403603895032788 ], [ 127.112737562986212, 37.403468387243919 ], [ 127.112803212597527, 37.402029411168307 ], [ 127.112804252953509, 37.401967015086129 ], [ 127.112771317890335, 37.399279879871699 ], [ 127.112824885911095, 37.39612823859494 ], [ 127.119015174766901, 37.396101067893426 ], [ 127.116180254123492, 37.416216183979152 ], [ 127.116170098600051, 37.416335763288558 ], [ 127.116022558189073, 37.421385394355106 ], [ 127.116024286426466, 37.421485573442865 ], [ 127.11658801302022, 37.430324485894424 ], [ 127.117036096394557, 37.437473956699051 ], [ 127.116871341086139, 37.457905257831463 ], [ 127.116385438335939, 37.461401587463349 ], [ 127.115207012039349, 37.465593935185268 ], [ 127.111985957707958, 37.470956963153995 ], [ 127.106791196370338, 37.478816651021887 ], [ 127.103012157256401, 37.484198226212307 ], [ 127.101341198401187, 37.485381925771996 ], [ 127.101339951406146, 37.485382900499211 ], [ 127.101338592777594, 37.485383775361697 ], [ 127.101309894379952, 37.485406300240363 ], [ 127.101279829075551, 37.485427615697397 ], [ 127.101276956362966, 37.485430095096554 ], [ 127.101273806587827, 37.485432350720302 ], [ 127.101260491116093, 37.485443958722016 ], [ 127.101246122572803, 37.485454739868942 ], [ 127.1012347267081, 37.485465150387114 ], [ 127.101222333590172, 37.485474837567629 ], [ 127.101221212489833, 37.485475904999767 ], [ 127.10121996801, 37.485476881767354 ], [ 127.100949534040623, 37.485711057098165 ], [ 127.100562126156007, 37.48560683062653 ], [ 127.100162866156779, 37.485445917845595 ], [ 127.099527047079562, 37.485045942693183 ], [ 127.098066787108223, 37.483985813933771 ], [ 127.096930497136171, 37.482914649829048 ], [ 127.096809784634175, 37.482812170366557 ], [ 127.096676374073752, 37.482720231402773 ], [ 127.096531707254371, 37.482639826513477 ], [ 127.09637734760507, 37.482571824623726 ], [ 127.095204460026096, 37.482116849596594 ], [ 127.095070011771142, 37.482070307217107 ], [ 127.094931024140323, 37.482033186936235 ], [ 127.094788534623618, 37.482005765841059 ], [ 127.09464360684693, 37.481988248618016 ], [ 127.093565002772223, 37.481895648140835 ], [ 127.093489476583557, 37.481890520886466 ], [ 127.091912442236875, 37.48181168115989 ], [ 127.091902518380763, 37.481811208233289 ], [ 127.090074635952291, 37.481728367617862 ], [ 127.089943053087865, 37.481726477370749 ], [ 127.087464158079229, 37.481767487274141 ], [ 127.08729087441418, 37.481777442399817 ], [ 127.087119776732635, 37.481801467450538 ], [ 127.084475802312284, 37.482285084261143 ], [ 127.084302207724974, 37.482324691255208 ], [ 127.084134878280011, 37.48237877630536 ], [ 127.083975709310209, 37.482446726796731 ], [ 127.08337648903715, 37.482736248273994 ], [ 127.083364152599145, 37.48274288951297 ], [ 127.08335118494648, 37.482748717269864 ], [ 127.083335895661776, 37.482757263073076 ], [ 127.083319759760215, 37.482764893176537 ], [ 127.083279641645916, 37.48278838535343 ], [ 127.083238522977553, 37.48281052123933 ], [ 127.083227062772593, 37.482818094088039 ], [ 127.083214874336917, 37.482824906675319 ], [ 127.083200706980932, 37.482834607460411 ], [ 127.0831855904283, 37.482843459311724 ], [ 127.083148560458511, 37.482869967970728 ], [ 127.083110356360407, 37.482895212976288 ], [ 127.083099882754652, 37.482903644507061 ], [ 127.083088590914898, 37.482911376318633 ], [ 127.083075682115634, 37.482922139329254 ], [ 127.083061730304692, 37.482932126987002 ], [ 127.083028144602181, 37.482961395548301 ], [ 127.082993223483669, 37.48298950789043 ], [ 127.082983837343349, 37.482998716906074 ], [ 127.082973550845239, 37.483007293483354 ], [ 127.0824335827932, 37.483504177471936 ], [ 127.082327441670728, 37.483612521161575 ], [ 127.08223565262243, 37.483728892725843 ], [ 127.082159164351566, 37.483852089470261 ], [ 127.082098767440783, 37.48398083815664 ], [ 127.081724308472417, 37.484922453149345 ], [ 127.079867795994716, 37.489080340745332 ], [ 127.078595907512749, 37.491872040744454 ], [ 127.077384352339479, 37.491472417938873 ], [ 127.074881943088499, 37.490640893808084 ], [ 127.074864310690401, 37.490635126915535 ], [ 127.073873610816634, 37.490316269600584 ], [ 127.073606047088717, 37.490226985580833 ], [ 127.072397559985887, 37.489444011045663 ], [ 127.072267522926595, 37.489367655163484 ], [ 127.071686847239675, 37.489059556018788 ], [ 127.071502835374773, 37.488974673969452 ], [ 127.070822397427861, 37.48870464585557 ], [ 127.070707263986677, 37.488663144090843 ], [ 127.070183906851227, 37.488492899382557 ], [ 127.070056079020347, 37.488456005353598 ], [ 127.069201479735938, 37.488239788819783 ], [ 127.069032191577378, 37.488204501227656 ], [ 127.067878681435104, 37.488014080895908 ], [ 127.067876452524189, 37.488013714179793 ], [ 127.066375572916272, 37.487767604753834 ], [ 127.066211032386818, 37.487747269483243 ], [ 127.066044782860047, 37.487739883337404 ], [ 127.065878425324073, 37.487745517444644 ], [ 127.065713561806845, 37.487764117547762 ], [ 127.065551779951036, 37.487795504526503 ], [ 127.06539463772738, 37.487839376122238 ], [ 127.065243648433551, 37.487895309848277 ], [ 127.065100266122812, 37.487962767057873 ], [ 127.064965871602865, 37.488041098130694 ], [ 127.064841759139696, 37.48812954872789 ], [ 127.0647291239938, 37.488227267055535 ], [ 127.064629050909915, 37.488333312066594 ], [ 127.064542503669827, 37.488446662522406 ], [ 127.064470315809814, 37.488566226826528 ], [ 127.064413182591807, 37.488690853536227 ], [ 127.064371654305475, 37.488819342450462 ], [ 127.064346130966172, 37.488950456167629 ], [ 127.064336858459683, 37.48908293200175 ], [ 127.064343926170991, 37.489215494142464 ], [ 127.064367266120271, 37.489346865941535 ], [ 127.064406653614185, 37.489475782207805 ], [ 127.064461709406601, 37.489601001392039 ], [ 127.064531903348026, 37.489721317544301 ], [ 127.064616559488613, 37.48983557192863 ], [ 127.064714862585717, 37.489942664183381 ], [ 127.064825865953622, 37.490041562919409 ], [ 127.064948500579462, 37.490131315654125 ], [ 127.065081585418142, 37.490211057985739 ], [ 127.065223838766542, 37.49028002191924 ], [ 127.065373890608143, 37.490337543263848 ], [ 127.065530295808301, 37.490383068030674 ], [ 127.06569154803384, 37.49041615776904 ], [ 127.067191363573585, 37.490662093323174 ], [ 127.068258008017381, 37.490838174797453 ], [ 127.068964286041691, 37.491016866186946 ], [ 127.069366131449669, 37.491147584671104 ], [ 127.069894636214315, 37.491357320778896 ], [ 127.070319354865418, 37.491582674055088 ], [ 127.071654726201274, 37.492447869204938 ], [ 127.071715503249621, 37.492483445969441 ], [ 127.071776106364297, 37.492519600855786 ], [ 127.071776581440616, 37.492519830091247 ], [ 127.071777003728926, 37.492520081686955 ], [ 127.071783142248179, 37.492523039403927 ], [ 127.071788923450399, 37.49252642350784 ], [ 127.07185377600662, 37.492557078236089 ], [ 127.071918543181297, 37.492588329812776 ], [ 127.071919044988888, 37.492588521152641 ], [ 127.071919495536136, 37.492588738238489 ], [ 127.071925968346861, 37.492591202287286 ], [ 127.071932138013068, 37.492594118576648 ], [ 127.072000441876355, 37.492619557847306 ], [ 127.072068748966373, 37.492645603329294 ], [ 127.07206927261791, 37.492645754764851 ], [ 127.072069747139651, 37.492645935403409 ], [ 127.072572670722451, 37.49281375889867 ], [ 127.072592604851735, 37.492820292510011 ], [ 127.073584488571498, 37.493139532794288 ], [ 127.076080202664414, 37.493968837087507 ], [ 127.0760842702703, 37.493970183724535 ], [ 127.077357069501872, 37.494390009553939 ], [ 127.077266887882786, 37.494562605755114 ], [ 127.076906707516031, 37.495043054124316 ], [ 127.076648848190231, 37.495208911839548 ], [ 127.075768618656483, 37.49559969228681 ], [ 127.074253735401697, 37.495882276916248 ], [ 127.073700497856123, 37.495983238103946 ], [ 127.072863738900054, 37.495875833968242 ], [ 127.071757247007255, 37.495578634369657 ], [ 127.071755717968216, 37.495578289233201 ], [ 127.071754237665829, 37.495577828551539 ] ], [ [ 127.033238477429336, 37.490113456945814 ], [ 127.033249652378231, 37.490089537049641 ], [ 127.03439700447241, 37.487560796305068 ], [ 127.034593516611366, 37.487153811697652 ], [ 127.040990336551673, 37.48875557701956 ], [ 127.047294197183575, 37.491179676153997 ], [ 127.056078807325051, 37.495642203528853 ], [ 127.061985687881588, 37.500715717562535 ], [ 127.062916220321029, 37.50237500629823 ], [ 127.063102826858909, 37.503511018403088 ], [ 127.063068835492146, 37.504798230740029 ], [ 127.062781813438534, 37.506252850511608 ], [ 127.06212911667842, 37.507146320832526 ], [ 127.058944194337798, 37.506144629397838 ], [ 127.054272485126177, 37.504675749066493 ], [ 127.054254049237386, 37.504670050643938 ], [ 127.049455195423377, 37.503212196780893 ], [ 127.042768390820541, 37.501172398318367 ], [ 127.036983678701688, 37.499379589283599 ], [ 127.036978138807569, 37.499378117142854 ], [ 127.036972790449539, 37.49937624871874 ], [ 127.029909603713861, 37.497231143993453 ], [ 127.029954211099735, 37.496944781308386 ], [ 127.033238477429336, 37.490113456945814 ] ], [ [ 127.021137138245791, 37.494550925694135 ], [ 127.015693373403991, 37.49283432518412 ], [ 127.015589055866272, 37.492691049658461 ], [ 127.016377037602737, 37.488167230501894 ], [ 127.016497908565242, 37.487811038663715 ], [ 127.016726877961091, 37.487387330480729 ], [ 127.017818969222674, 37.485606622391714 ], [ 127.01842750680683, 37.484663131589535 ], [ 127.018447373116956, 37.484631307868874 ], [ 127.01878149407851, 37.484077953794646 ], [ 127.01974381787403, 37.48412435098453 ], [ 127.026994280388578, 37.48503490937793 ], [ 127.030894148168031, 37.485554497915984 ], [ 127.031372324670855, 37.485942647837305 ], [ 127.031494628147655, 37.486032635286918 ], [ 127.031498008830809, 37.486034672227966 ], [ 127.031223763851614, 37.486602596442474 ], [ 127.031211672808723, 37.486628417287008 ], [ 127.03006379370396, 37.489158084496069 ], [ 127.02671150036592, 37.496130280004948 ], [ 127.026658719074462, 37.496239593582153 ], [ 127.021137138245791, 37.494550925694135 ] ], [ [ 127.014488624708747, 37.506123882223285 ], [ 127.014493198178656, 37.506122362079743 ], [ 127.014511844795663, 37.50611605991913 ], [ 127.015948328051948, 37.505622468007068 ], [ 127.016123813622272, 37.505552313691027 ], [ 127.017705205394776, 37.504825980506979 ], [ 127.018094053175091, 37.504648605884569 ], [ 127.018250389335606, 37.504635166841659 ], [ 127.018814987598773, 37.504609138327957 ], [ 127.01927237139607, 37.504658305198866 ], [ 127.020235933682571, 37.50490672236419 ], [ 127.022203022538022, 37.505484642333954 ], [ 127.020350562738685, 37.509361432164098 ], [ 127.012279335548968, 37.506923488803693 ], [ 127.013456512685323, 37.506456497276567 ], [ 127.014471435776457, 37.506129507708486 ], [ 127.014488624708747, 37.506123882223285 ] ], [ [ 127.008850471590605, 37.501980657276988 ], [ 127.009882775887064, 37.501437752643447 ], [ 127.011969795559807, 37.500393056527507 ], [ 127.012793549764055, 37.499998982949968 ], [ 127.012932720601555, 37.499924722216349 ], [ 127.013062024340925, 37.499839892041287 ], [ 127.013180201209693, 37.4997453189252 ], [ 127.013699476271384, 37.499286542263626 ], [ 127.013807592963019, 37.499180741933884 ], [ 127.013901775766698, 37.499066798938614 ], [ 127.013981065673875, 37.498945873570996 ], [ 127.014229139377008, 37.498515973910507 ], [ 127.014297433008025, 37.498378196495146 ], [ 127.014346398360445, 37.498235293371927 ], [ 127.014418938486315, 37.497966371236629 ], [ 127.014427028099149, 37.497934522764652 ], [ 127.014884822890323, 37.496013705697315 ], [ 127.015004192294711, 37.495525121341188 ], [ 127.01989645804062, 37.497067809150181 ], [ 127.019912723111545, 37.497072860661206 ], [ 127.025440111583322, 37.498763314157991 ], [ 127.023495506209002, 37.502790182508825 ], [ 127.02145221122413, 37.502189875568178 ], [ 127.021387508265946, 37.502172038321625 ], [ 127.02022297199089, 37.50187180839108 ], [ 127.02007668186485, 37.501839771176975 ], [ 127.019927385004749, 37.50181827102746 ], [ 127.019115629763562, 37.50173101087443 ], [ 127.018953441076036, 37.501719852751847 ], [ 127.018790656677893, 37.501721126895028 ], [ 127.017993539816246, 37.501757875438877 ], [ 127.017909514998678, 37.50176342024524 ], [ 127.017305560243855, 37.501815336925176 ], [ 127.017132827699172, 37.501837410161215 ], [ 127.016963865110128, 37.50187353333861 ], [ 127.016800467923687, 37.501923322602153 ], [ 127.016644372456284, 37.501986248876321 ], [ 127.015903806449359, 37.502324059805169 ], [ 127.015899419063174, 37.502326068023827 ], [ 127.014315578947418, 37.503053518494248 ], [ 127.01417555174686, 37.503125345328343 ], [ 127.014045035472776, 37.503207760703937 ], [ 127.013925287047769, 37.503299970948831 ], [ 127.01381745971095, 37.503401088061906 ], [ 127.013806644621994, 37.503413519988783 ], [ 127.013180915152489, 37.503628501512331 ], [ 127.01212282376369, 37.503969397209389 ], [ 127.012002588569885, 37.504012536324147 ], [ 127.010115461807956, 37.504761155833791 ], [ 127.009691720028584, 37.504891561304255 ], [ 127.009369270461463, 37.504424431069836 ], [ 127.009278468548175, 37.504307411446909 ], [ 127.008777072469073, 37.503729233384483 ], [ 127.008680092191497, 37.503627957668655 ], [ 127.008571578912083, 37.503534402632049 ], [ 127.008452495879155, 37.503449398706273 ], [ 127.008323900151396, 37.503373700417129 ], [ 127.008186933214787, 37.503307979687968 ], [ 127.00769288245499, 37.503095514892586 ], [ 127.007840048405768, 37.5028123094256 ], [ 127.008185758704897, 37.502314433650106 ], [ 127.008819714399806, 37.501996456013515 ], [ 127.008850471590605, 37.501980657276988 ] ], [ [ 127.106531577814735, 37.344574920373994 ], [ 127.106835712636794, 37.344760833193973 ], [ 127.106863371660424, 37.34478391499227 ], [ 127.106987605450954, 37.344968846763344 ], [ 127.10705585856492, 37.345135870811916 ], [ 127.107090393636284, 37.345417453127226 ], [ 127.107126719361844, 37.350040428938762 ], [ 127.10708424910932, 37.353075936966412 ], [ 127.107030054400653, 37.354499521055025 ], [ 127.106918328510901, 37.355267487307678 ], [ 127.106550316107885, 37.35710519221098 ], [ 127.106541158382001, 37.357157441745038 ], [ 127.106357980859428, 37.358375255220842 ], [ 127.106346645418682, 37.358496378939115 ], [ 127.106308474008387, 37.359524298233865 ], [ 127.106317112483083, 37.359706469083058 ], [ 127.106409026695673, 37.360400635372436 ], [ 127.106403003902315, 37.360530657297957 ], [ 127.10640188064022, 37.36057212412247 ], [ 127.106356387170266, 37.366353724070471 ], [ 127.106314181209981, 37.368221519197867 ], [ 127.106314016820079, 37.36826138285268 ], [ 127.106358502315473, 37.371361769771013 ], [ 127.10635336797678, 37.372166875706668 ], [ 127.106333446901303, 37.372892622477536 ], [ 127.106333060228394, 37.372928754962665 ], [ 127.106336102014922, 37.373432152386464 ], [ 127.10634487992715, 37.373563243262268 ], [ 127.106369546354415, 37.373693036816832 ], [ 127.10640986883584, 37.373820309424154 ], [ 127.106635236846074, 37.374409621237369 ], [ 127.106680944979772, 37.374512558948844 ], [ 127.106685033396616, 37.37477168181497 ], [ 127.106477687083697, 37.374424303789077 ], [ 127.105919180177921, 37.373068279965644 ], [ 127.105639012860038, 37.371776658401082 ], [ 127.105646520336748, 37.370342460824524 ], [ 127.105807614211187, 37.345360694930541 ], [ 127.105815781054559, 37.344322416869659 ], [ 127.106531577814735, 37.344574920373994 ] ], [ [ 127.106922541137507, 37.341756521247824 ], [ 127.106830967580166, 37.341726737228676 ], [ 127.105838525436326, 37.341430609650075 ], [ 127.105961802881865, 37.325750548496885 ], [ 127.106114331116999, 37.327476533616696 ], [ 127.106118014743274, 37.32751168116922 ], [ 127.106298899102711, 37.329003217118348 ], [ 127.10630478241869, 37.329044959550195 ], [ 127.107041770906235, 37.333631389625758 ], [ 127.107226457063376, 37.335067013928622 ], [ 127.107312811398259, 37.336485568983477 ], [ 127.107272033993524, 37.339847789954419 ], [ 127.107242406588313, 37.341869357535415 ], [ 127.106922541137507, 37.341756521247824 ] ], [ [ 127.106122417490411, 37.309162795238848 ], [ 127.106498756856851, 37.309534880457839 ], [ 127.106687863836655, 37.309880776100755 ], [ 127.106749163271772, 37.310151473798271 ], [ 127.106771680956925, 37.310547177722746 ], [ 127.106746906352555, 37.311428056460713 ], [ 127.106728091810211, 37.312090705330291 ], [ 127.106655831113017, 37.31266247659957 ], [ 127.106654931124467, 37.312676417996578 ], [ 127.10665268177236, 37.312690261819405 ], [ 127.106624509484675, 37.312971043841515 ], [ 127.106509425693446, 37.313401933960364 ], [ 127.106141521354814, 37.314746008815312 ], [ 127.10612203570011, 37.314829758392406 ], [ 127.106044441361561, 37.315233722152925 ], [ 127.106092324378821, 37.309137862511477 ], [ 127.106122417490411, 37.309162795238848 ] ], [ [ 127.115032062933011, 37.472147917740358 ], [ 127.118350101214176, 37.466623030411846 ], [ 127.118422931401653, 37.4664817718823 ], [ 127.118475310471609, 37.466334867671819 ], [ 127.119716076798312, 37.4619200540631 ], [ 127.11974679033392, 37.461773330913935 ], [ 127.120252531908392, 37.458133075613745 ], [ 127.120262803140179, 37.457992899598693 ], [ 127.120427505656025, 37.437453174116179 ], [ 127.120425423425928, 37.437376993486573 ], [ 127.119974593151696, 37.430188866868278 ], [ 127.119413549903939, 37.421398232719035 ], [ 127.119557651454784, 37.41645868077623 ], [ 127.122427952768987, 37.396085949774026 ], [ 127.126225602716787, 37.396069010926119 ], [ 127.126657178170703, 37.396830078715091 ], [ 127.126796883377366, 37.397462250697451 ], [ 127.126799590383897, 37.397474186557595 ], [ 127.126916351287917, 37.397976148842147 ], [ 127.126974780736759, 37.398630327774953 ], [ 127.126976172384673, 37.399148141536173 ], [ 127.126810363411849, 37.400850504259047 ], [ 127.126609739951263, 37.402755068011238 ], [ 127.126603791576429, 37.402865105926004 ], [ 127.126601738783492, 37.403560046029995 ], [ 127.126607412025592, 37.403673812618933 ], [ 127.126737163161565, 37.404935150016868 ], [ 127.126743689052873, 37.404986529688166 ], [ 127.126897897235779, 37.406006072440313 ], [ 127.127020577669882, 37.40863235302141 ], [ 127.126990242111646, 37.411793829126161 ], [ 127.126990372249566, 37.411796333093704 ], [ 127.126990206191962, 37.411798827960965 ], [ 127.126990746841429, 37.411808376930772 ], [ 127.126990280235688, 37.411817937571008 ], [ 127.127072523902925, 37.418263535316015 ], [ 127.12707422648937, 37.423501656250473 ], [ 127.127075944934035, 37.423562168937544 ], [ 127.127162371453835, 37.425091814959742 ], [ 127.127169964273065, 37.425172463142147 ], [ 127.127275449982122, 37.425971816832678 ], [ 127.127300206002005, 37.426099989624156 ], [ 127.127615311176982, 37.427334523295222 ], [ 127.127814714533457, 37.428315054461471 ], [ 127.127825679024767, 37.429086358677367 ], [ 127.127384499923139, 37.432131205824589 ], [ 127.126124530371001, 37.439568014654434 ], [ 127.125519867443714, 37.442809730435499 ], [ 127.125511202612998, 37.442863595940622 ], [ 127.125272829674415, 37.444625116805753 ], [ 127.12526534338555, 37.44469977512005 ], [ 127.124997622576316, 37.448794541014109 ], [ 127.124997530582547, 37.448819029961641 ], [ 127.12499553666531, 37.448843467367723 ], [ 127.124948647008438, 37.451198421881898 ], [ 127.124762197177276, 37.454151828988692 ], [ 127.124761378429753, 37.454166352547176 ], [ 127.124678388893443, 37.455838891669984 ], [ 127.124418462612354, 37.456901338010752 ], [ 127.124415393458747, 37.456914214856283 ], [ 127.124231311661191, 37.457707482524015 ], [ 127.124212326623876, 37.457811944573905 ], [ 127.124203621839442, 37.457917268909327 ], [ 127.124170084850434, 37.458916643137584 ], [ 127.124170905783274, 37.459008259243618 ], [ 127.124248352835835, 37.460512049156371 ], [ 127.124526890308061, 37.466123368299684 ], [ 127.124528139404674, 37.466144388413106 ], [ 127.124861717841029, 37.470963684423566 ], [ 127.12486254859482, 37.470970015692146 ], [ 127.124862671873572, 37.470976380731983 ], [ 127.124987213932613, 37.472512638000474 ], [ 127.124908543484537, 37.47355637827318 ], [ 127.124775955709978, 37.4740609024579 ], [ 127.124382767668607, 37.474438336291115 ], [ 127.123839467260453, 37.474666497863829 ], [ 127.122348293987656, 37.475046623580546 ], [ 127.118658497874577, 37.475553225851023 ], [ 127.118635772952544, 37.475556472610975 ], [ 127.114750833291083, 37.476133226354278 ], [ 127.114603791975895, 37.476160499063106 ], [ 127.114460375079005, 37.476198082055738 ], [ 127.114321718341344, 37.476245677707638 ], [ 127.114188919813131, 37.476302909102273 ], [ 127.112497847276344, 37.477111173987609 ], [ 127.112308908855709, 37.477215991175385 ], [ 127.111227110776809, 37.477907492154394 ], [ 127.115002892055458, 37.472194189503668 ], [ 127.115032062933011, 37.472147917740358 ] ], [ [ 127.084950152538326, 37.485761814693227 ], [ 127.085227816682774, 37.485063527544568 ], [ 127.085363971234528, 37.484938232792217 ], [ 127.085501264353439, 37.484871897057239 ], [ 127.087708929748146, 37.48446808568319 ], [ 127.089947685502665, 37.484431048019538 ], [ 127.091704922697673, 37.484510686848125 ], [ 127.093239215931888, 37.484587390361156 ], [ 127.093985641394838, 37.484651473576733 ], [ 127.094570231003985, 37.484878243822614 ], [ 127.095546696917651, 37.485798769375116 ], [ 127.095699772259664, 37.485925367656087 ], [ 127.097286049523362, 37.487077009441279 ], [ 127.097377382518459, 37.487138758313932 ], [ 127.098193866343649, 37.487652392782977 ], [ 127.098332074829798, 37.4877307297415 ], [ 127.098479407782904, 37.487797680039257 ], [ 127.098550546146583, 37.487826351288142 ], [ 127.097208358422336, 37.48917471103664 ], [ 127.097113519351311, 37.489279976351476 ], [ 127.097031762383764, 37.489391992774692 ], [ 127.094837465803479, 37.492759990511978 ], [ 127.094666978421301, 37.492903356406366 ], [ 127.093862082808016, 37.493318074442641 ], [ 127.092000212968671, 37.493944674549866 ], [ 127.090352771937489, 37.494497043058999 ], [ 127.090338999001375, 37.494501717925175 ], [ 127.088598233808312, 37.495099800121551 ], [ 127.088340973058578, 37.495018855186814 ], [ 127.08827443580978, 37.4949991909359 ], [ 127.08727018365208, 37.494721282879119 ], [ 127.08496313372153, 37.493971950840589 ], [ 127.081734612067748, 37.492907242480079 ], [ 127.083059497420933, 37.489998952702621 ], [ 127.083063161167928, 37.489990829216048 ], [ 127.084931268171076, 37.485806575634236 ], [ 127.084950152538326, 37.485761814693227 ] ], [ [ 127.119930199283544, 37.387233678751329 ], [ 127.119843841977016, 37.387127103354004 ], [ 127.119745342069891, 37.3870274582587 ], [ 127.117625279859482, 37.385078261190841 ], [ 127.117603805765157, 37.385058894357215 ], [ 127.110645866902246, 37.378902660752807 ], [ 127.110333841489734, 37.378311886525061 ], [ 127.110137137458807, 37.377402902247184 ], [ 127.110134074457349, 37.377284762464271 ], [ 127.113222640053934, 37.379462666112353 ], [ 127.122308794608941, 37.386023807372091 ], [ 127.125457962462136, 37.388365767252161 ], [ 127.126338713709401, 37.389024101262436 ], [ 127.126482534821676, 37.389167212957403 ], [ 127.126527107889842, 37.389738362772789 ], [ 127.126582175099514, 37.390633357460544 ], [ 127.126657170739193, 37.393031289242124 ], [ 127.126651024467904, 37.393362951246104 ], [ 127.122478374470404, 37.393381572617685 ], [ 127.122447046755056, 37.392725478598408 ], [ 127.122435674552847, 37.392612374848753 ], [ 127.122412456438653, 37.392500430182494 ], [ 127.122024305995282, 37.3910181411526 ], [ 127.121971079778703, 37.390862140288426 ], [ 127.12118920844641, 37.389014396331859 ], [ 127.121126581527605, 37.388887803649688 ], [ 127.121048322119989, 37.388766875968017 ], [ 127.119930199283544, 37.387233678751329 ] ], [ [ 127.118033019825106, 37.390008802963031 ], [ 127.118727589412103, 37.391650397024719 ], [ 127.119065765552619, 37.392942059742374 ], [ 127.119087448717835, 37.393396596912261 ], [ 127.112847693631309, 37.393423989490032 ], [ 127.112821291296925, 37.384865163985552 ], [ 127.115076478472133, 37.386860409516913 ], [ 127.117081305530306, 37.388703719319835 ], [ 127.118033019825106, 37.390008802963031 ] ], [ [ 127.127637759360539, 37.460402082566915 ], [ 127.127562553397439, 37.45894308770535 ], [ 127.127590965588382, 37.458095288406824 ], [ 127.127749381917781, 37.457412490112574 ], [ 127.128032582129279, 37.456254700647094 ], [ 127.128052528319202, 37.456152472830532 ], [ 127.128062610815221, 37.456049328459812 ], [ 127.128150301134625, 37.454280446133154 ], [ 127.128337625995798, 37.451311056539581 ], [ 127.128339553975792, 37.451264557023492 ], [ 127.128386313260805, 37.448910815877241 ], [ 127.128649808446141, 37.444877901516605 ], [ 127.128879411916643, 37.443180622381632 ], [ 127.129480588130832, 37.439956827419067 ], [ 127.129481702148681, 37.43994784018517 ], [ 127.129483767121343, 37.439938960526895 ], [ 127.130242057911488, 37.435462250775203 ], [ 127.13369311604275, 37.436006539722705 ], [ 127.133700408129314, 37.436007676457351 ], [ 127.134942012288576, 37.436198966965208 ], [ 127.136088695260639, 37.436569409678384 ], [ 127.1367806511564, 37.436872935314909 ], [ 127.138086805096933, 37.437619495178851 ], [ 127.138116799930557, 37.437636250989513 ], [ 127.139873738344562, 37.438595304701849 ], [ 127.142698636042098, 37.440262718001527 ], [ 127.142790689647228, 37.440313390589594 ], [ 127.143847915981709, 37.440855186080654 ], [ 127.144824351509129, 37.441354589099959 ], [ 127.144887204284544, 37.441385219278523 ], [ 127.145602141213089, 37.441716838679199 ], [ 127.145714182983042, 37.441764424680144 ], [ 127.145830375688007, 37.441805193883987 ], [ 127.146936225040179, 37.442154417077319 ], [ 127.149778292248826, 37.443195983395533 ], [ 127.153151700472023, 37.444726364644822 ], [ 127.155059934991229, 37.445687346714266 ], [ 127.155265741573018, 37.445812870466597 ], [ 127.15536734644111, 37.445905236466132 ], [ 127.155607015488442, 37.446201214456309 ], [ 127.15574625418688, 37.446424952813743 ], [ 127.155996217617869, 37.446934066340312 ], [ 127.15708564279366, 37.449527508796805 ], [ 127.157099863526739, 37.449559983156647 ], [ 127.158438806950542, 37.452496864520043 ], [ 127.158445110729957, 37.452508827123566 ], [ 127.158450210736078, 37.452521149006031 ], [ 127.158884497840177, 37.453419620811061 ], [ 127.158900372179403, 37.453528656992809 ], [ 127.158832877586448, 37.453645728362865 ], [ 127.158256353827042, 37.454230652774818 ], [ 127.157485588242153, 37.454688700510907 ], [ 127.156406405611648, 37.454899761983626 ], [ 127.154290174858829, 37.455135787192056 ], [ 127.15194242085731, 37.455376953518709 ], [ 127.14984046646471, 37.455524855129333 ], [ 127.149835104321895, 37.455525444940719 ], [ 127.149829600824759, 37.4555256441352 ], [ 127.1497715508618, 37.455532333011341 ], [ 127.149713579965223, 37.455537641451407 ], [ 127.149694712142946, 37.455540887353465 ], [ 127.149675591141062, 37.455542990551251 ], [ 127.149670326881093, 37.455543996593946 ], [ 127.149664875260555, 37.455544624757032 ], [ 127.149607929604741, 37.455555816835691 ], [ 127.149550887655266, 37.455565629909714 ], [ 127.149091469304537, 37.455663695887417 ], [ 127.148926823206537, 37.455706124895251 ], [ 127.14876845679558, 37.455761706740269 ], [ 127.148618018461249, 37.455829862891996 ], [ 127.147858309605425, 37.45621619407332 ], [ 127.147672200459766, 37.456325754540138 ], [ 127.145513033194987, 37.457788291253074 ], [ 127.143449698547741, 37.45881273424699 ], [ 127.143390518821519, 37.458843497882974 ], [ 127.13876706017534, 37.46135768894397 ], [ 127.136867706114671, 37.462296527281403 ], [ 127.129255887813258, 37.465339243466872 ], [ 127.129172704503659, 37.465374833482223 ], [ 127.127913409489338, 37.465950154140451 ], [ 127.127637860963631, 37.460404089987229 ], [ 127.127637759360539, 37.460402082566915 ] ], [ [ 127.120816220504111, 37.485495471771195 ], [ 127.1208103946732, 37.485508893484585 ], [ 127.120803287505424, 37.485521917283101 ], [ 127.119531935520428, 37.488204374076894 ], [ 127.118770806955396, 37.489689246892048 ], [ 127.118380775802365, 37.490342879954866 ], [ 127.118003227538196, 37.490886463603353 ], [ 127.109749632401474, 37.488390439670489 ], [ 127.105442649797936, 37.486995793445054 ], [ 127.10539483567625, 37.486980976688756 ], [ 127.104782358846677, 37.486799624415319 ], [ 127.105600558599633, 37.486186992752586 ], [ 127.105648367979256, 37.486149754498285 ], [ 127.110504617375824, 37.482214920715428 ], [ 127.112825296545793, 37.480352324300732 ], [ 127.11434188720699, 37.479382889912834 ], [ 127.115672243617638, 37.478747027956253 ], [ 127.119245844938845, 37.478216490784455 ], [ 127.123040724810664, 37.47769545897652 ], [ 127.123269493576274, 37.477650823745542 ], [ 127.12501520253339, 37.477205811231286 ], [ 127.125138059987265, 37.477169688904361 ], [ 127.125130720895783, 37.477194959365185 ], [ 127.124664488885429, 37.47804393807165 ], [ 127.124660232804885, 37.478052855625521 ], [ 127.124655052117049, 37.478061456846746 ], [ 127.122674539450344, 37.481810655678103 ], [ 127.122663957739519, 37.481831154486805 ], [ 127.120816220504111, 37.485495471771195 ] ] ] } }
]
}
