{
"type": "FeatureCollection",
"name": "pangyo_iso60",
"crs": { "type": "name", "properties": { "name": "urn:ogc:def:crs:OGC:1.3:CRS84" } },
"features": [
{ "type": "Feature", "properties": { }, "geometry": { "type": "Polygon", "coordinates": [ [ [ 126.641358835822501, 37.38543289599513 ], [ 126.641339516623134, 37.385418666325329 ], [ 126.641321437660579, 37.385403434243258 ], [ 126.641316957872021, 37.38540033432718 ], [ 126.641312850433977, 37.385396921794595 ], [ 126.641274110549546, 37.385370491034585 ], [ 126.641236657415291, 37.385342904628644 ], [ 126.641215683370149, 37.385330254465238 ], [ 126.641195820457924, 37.385316509715217 ], [ 126.641190981469165, 37.385313775097792 ], [ 126.641186474637507, 37.385310700246983 ], [ 126.640664835702438, 37.384988772984471 ], [ 126.640528478717613, 37.38491285008687 ], [ 126.640383452566894, 37.38484795753412 ], [ 126.64023115388774, 37.384794720247548 ], [ 126.640073049342462, 37.384753650905722 ], [ 126.63991066149562, 37.38472514500809 ], [ 126.639745554153563, 37.384709477066842 ], [ 126.639579317307067, 37.384706797963851 ], [ 126.639413551822116, 37.384717133497887 ], [ 126.639249854025863, 37.384740384136315 ], [ 126.639089800336535, 37.384776325973426 ], [ 126.638934932084666, 37.38482461288644 ], [ 126.638786740672117, 37.384884779868109 ], [ 126.63864665321158, 37.384956247504206 ], [ 126.638516018784586, 37.385038327552628 ], [ 126.638396095450645, 37.385130229570237 ], [ 126.63828803813216, 37.385231068524163 ], [ 126.638192887492238, 37.385339873313711 ], [ 126.638111559911891, 37.38545559612141 ], [ 126.638044838663816, 37.385577122502809 ], [ 126.63799336636734, 37.385703282118008 ], [ 126.637957638797459, 37.385832860001727 ], [ 126.637938000107582, 37.385964608263315 ], [ 126.637934639512181, 37.386097258103952 ], [ 126.637947589461419, 37.386229532035621 ], [ 126.637976725325231, 37.386360156183834 ], [ 126.638021766590469, 37.386487872555989 ], [ 126.638082279559029, 37.386611451156881 ], [ 126.63815768152206, 37.386729701834902 ], [ 126.638247246369076, 37.386841485744611 ], [ 126.638350111578902, 37.386945726315631 ], [ 126.638465286524792, 37.387041419621617 ], [ 126.638591662013923, 37.387127644049976 ], [ 126.638909706971148, 37.38732392819437 ], [ 126.661666790737826, 37.413241801809249 ], [ 126.668755902650929, 37.422337867281556 ], [ 126.66883969852347, 37.422435556970008 ], [ 126.668933886665783, 37.422527026850346 ], [ 126.669037745173426, 37.422611575816312 ], [ 126.674277634908279, 37.426519050523694 ], [ 126.674388128951676, 37.426594618288341 ], [ 126.6745063443134, 37.426662348144333 ], [ 126.674631409444459, 37.426721740738117 ], [ 126.682412318137551, 37.430064245068571 ], [ 126.682528074944457, 37.430109524697706 ], [ 126.68264781211542, 37.43014765785977 ], [ 126.69035553163792, 37.432334902605035 ], [ 126.693797651331806, 37.433659124079732 ], [ 126.69609299750897, 37.435604432570592 ], [ 126.697307686119956, 37.440836849634039 ], [ 126.69803044574148, 37.445369180795005 ], [ 126.699668327956175, 37.456176839675372 ], [ 126.699654689206753, 37.456192231827394 ], [ 126.699572452955934, 37.456307580311211 ], [ 126.699504794955857, 37.45642879910563 ], [ 126.699452366846828, 37.456554720833239 ], [ 126.699415673608485, 37.456684132820065 ], [ 126.699395068694116, 37.456815788773397 ], [ 126.699390750623465, 37.456948420783789 ], [ 126.699402761067972, 37.45708075153518 ], [ 126.699430984445939, 37.457211506606214 ], [ 126.699475149032466, 37.457339426743694 ], [ 126.699534829573153, 37.457463279990272 ], [ 126.699609451376617, 37.457581873549486 ], [ 126.699923870161015, 37.458025773956663 ], [ 126.700804771903861, 37.47255196554061 ], [ 126.700805259806245, 37.472559566147304 ], [ 126.701200144044492, 37.478389116748687 ], [ 126.701225005788061, 37.478557927519695 ], [ 126.701457853532247, 37.479579204975614 ], [ 126.701493256837935, 37.479701763045526 ], [ 126.701542797210564, 37.479821169121003 ], [ 126.702198524347253, 37.481185203155739 ], [ 126.702258576262722, 37.481295236119671 ], [ 126.702330633962831, 37.481400592521936 ], [ 126.702414129895672, 37.481500442465801 ], [ 126.702508406402217, 37.481593999425861 ], [ 126.704288763258688, 37.483208394132227 ], [ 126.704386314043106, 37.483289754577221 ], [ 126.707227123085488, 37.485469650350979 ], [ 126.707351067684158, 37.485555924992518 ], [ 126.714978510143709, 37.49036546704879 ], [ 126.715094252544148, 37.490432321716938 ], [ 126.715216647085043, 37.490491175476095 ], [ 126.716460225186992, 37.491033559946878 ], [ 126.716621163239907, 37.49109521532197 ], [ 126.716789342555032, 37.49114305118534 ], [ 126.716962900177833, 37.491176537645629 ], [ 126.717139913567223, 37.491195303762872 ], [ 126.718845085331708, 37.491303705855458 ], [ 126.719039644017741, 37.49130715198875 ], [ 126.722257100737039, 37.491216944764844 ], [ 126.722287671629019, 37.491242771589782 ], [ 126.722312171766859, 37.491259771726327 ], [ 126.722335350874246, 37.491277909948941 ], [ 126.722374921082249, 37.491303312114326 ], [ 126.722413242282173, 37.491329902322136 ], [ 126.722439715713435, 37.49134490707754 ], [ 126.722465014474054, 37.491361147614249 ], [ 126.722507518986376, 37.491383336931207 ], [ 126.722548926649267, 37.491406806120196 ], [ 126.722577118415686, 37.491419670984129 ], [ 126.722604293184617, 37.491433857423132 ], [ 126.722649322650241, 37.49145262018682 ], [ 126.722693417988538, 37.491472742325954 ], [ 126.722723056580222, 37.491483343396879 ], [ 126.722751845642492, 37.491495339108887 ], [ 126.722798966389078, 37.49151049461485 ], [ 126.722845324726734, 37.491527075907889 ], [ 126.722876124697336, 37.491535311086558 ], [ 126.722906250788569, 37.491545000540796 ], [ 126.722955008999406, 37.49155640282568 ], [ 126.723003183862474, 37.491569283577896 ], [ 126.723034848578578, 37.491575073550784 ], [ 126.723066021555582, 37.491582363427852 ], [ 126.723115947641034, 37.49158990267545 ], [ 126.723165475057826, 37.491598958831773 ], [ 126.72319769955611, 37.491602247835068 ], [ 126.723229619191727, 37.491607067925884 ], [ 126.723280232312291, 37.491610671524796 ], [ 126.723330635282707, 37.491615815864925 ], [ 126.723363109207568, 37.491616572221716 ], [ 126.72339546808243, 37.491618876103708 ], [ 126.723446280780323, 37.491618509346971 ], [ 126.723497073870632, 37.491619692325429 ], [ 126.723529484463739, 37.491617908750833 ], [ 126.723561970927435, 37.491617674235151 ], [ 126.723612493822301, 37.491613340654496 ], [ 126.723663187840899, 37.491610550877873 ], [ 126.723695222953637, 37.491606244549239 ], [ 126.723727524126971, 37.491603473894507 ], [ 126.723777270629668, 37.491595215226383 ], [ 126.723827377339447, 37.491588479563127 ], [ 126.723858728440021, 37.491581691954593 ], [ 126.723890533228655, 37.491576411845131 ], [ 126.723939024228528, 37.491564307628664 ], [ 126.723988061049724, 37.491553690950226 ], [ 126.724018426194874, 37.491544487433224 ], [ 126.724049428286051, 37.491536748722005 ], [ 126.72542130303377, 37.491134398547381 ], [ 126.72841361263059, 37.491119070936264 ], [ 126.734374479645652, 37.491909304768406 ], [ 126.742419068465637, 37.493496449996229 ], [ 126.773007856083581, 37.502083775949437 ], [ 126.763789440022791, 37.50329298761477 ], [ 126.756204791487704, 37.504246580535387 ], [ 126.755370574790575, 37.504343932575644 ], [ 126.754934328536734, 37.504392130309213 ], [ 126.754425084128087, 37.504410159176857 ], [ 126.75440802511595, 37.504410831623886 ], [ 126.753072484762555, 37.504468838211615 ], [ 126.752906837769515, 37.504482551505731 ], [ 126.752743675507872, 37.504509133475473 ], [ 126.752584569239417, 37.50454832813444 ], [ 126.75243105117255, 37.504599758035035 ], [ 126.752284599708901, 37.504662927902828 ], [ 126.752146625207928, 37.504737229405428 ], [ 126.752018456406205, 37.504821947009887 ], [ 126.751901327622292, 37.504916264872634 ], [ 126.751796366870096, 37.505019274695037 ], [ 126.751704584995679, 37.505129984469654 ], [ 126.751626865941532, 37.505247328032475 ], [ 126.751563958232396, 37.505370175329368 ], [ 126.75151646776483, 37.505497343298195 ], [ 126.751484851969707, 37.505627607261232 ], [ 126.751469415404145, 37.505759712718834 ], [ 126.751470306815406, 37.505892387430421 ], [ 126.751487517705101, 37.506024353666582 ], [ 126.75152088240776, 37.506154340514215 ], [ 126.751570079682978, 37.506281096116467 ], [ 126.751634635806113, 37.506403399729166 ], [ 126.751713929127632, 37.506520073478057 ], [ 126.751807196057754, 37.506629993703193 ], [ 126.75191353841825, 37.50673210178153 ], [ 126.752031932091128, 37.506825414323238 ], [ 126.752161236880895, 37.506909032643534 ], [ 126.752300207495054, 37.506982151418839 ], [ 126.752447505537859, 37.507044066443754 ], [ 126.752601712400747, 37.507094181414153 ], [ 126.752761342926476, 37.507132013671061 ], [ 126.752924859714042, 37.507157198849789 ], [ 126.753090687927696, 37.507169494389757 ], [ 126.753257230466389, 37.507168781871044 ], [ 126.754584291162132, 37.507111144165137 ], [ 126.755164244567496, 37.507090611991323 ], [ 126.755322016198335, 37.507079128979164 ], [ 126.755843248210823, 37.507021542131945 ], [ 126.755856084002403, 37.507020084141764 ], [ 126.756706004783283, 37.506920899745325 ], [ 126.756724510120108, 37.506918657017629 ], [ 126.764324176405097, 37.505963178635447 ], [ 126.764329640999719, 37.505962270495395 ], [ 126.764335186959457, 37.505961764388999 ], [ 126.777070543647341, 37.504291027725806 ], [ 126.779580546888695, 37.503980231406274 ], [ 126.779712278254934, 37.503964620998637 ], [ 126.782151604326259, 37.50464882711757 ], [ 126.782321940414946, 37.50468875712874 ], [ 126.796046315359007, 37.507292200248983 ], [ 126.796426776025484, 37.509248236882307 ], [ 126.796468620788019, 37.509402904147223 ], [ 126.796937608305669, 37.510748499541762 ], [ 126.796992406487021, 37.510879399552778 ], [ 126.797063668834127, 37.511005168286864 ], [ 126.797498835936878, 37.511679158637143 ], [ 126.797566140361639, 37.511773828119274 ], [ 126.797642782857196, 37.511863880068638 ], [ 126.798511268150293, 37.512800791755872 ], [ 126.799158613470283, 37.513822105359772 ], [ 126.799254526845118, 37.513954296581424 ], [ 126.799730761311494, 37.514532607733301 ], [ 126.799814307893627, 37.514625283370663 ], [ 126.799907366864375, 37.514712017716541 ], [ 126.80116595672726, 37.515789461018905 ], [ 126.802475923793168, 37.51736483040996 ], [ 126.803083486739197, 37.518102529085589 ], [ 126.803143817617212, 37.518352415079441 ], [ 126.803129712962431, 37.524088937605796 ], [ 126.803137560902385, 37.524221467444896 ], [ 126.803161681062306, 37.524352746449097 ], [ 126.803201841235065, 37.524481510320925 ], [ 126.803257654733144, 37.524606518978764 ], [ 126.803328584109835, 37.524726568500114 ], [ 126.803413946332398, 37.524840502716813 ], [ 126.803512919358027, 37.524947224350534 ], [ 126.803624550048795, 37.525045705581377 ], [ 126.803747763350103, 37.525134997947504 ], [ 126.803881372643389, 37.525214241480704 ], [ 126.804024091174398, 37.525282672989569 ], [ 126.80417454444617, 37.525339633410844 ], [ 126.804331283457699, 37.525384574157584 ], [ 126.804492798660647, 37.525417062403498 ], [ 126.804657534499711, 37.525436785252111 ], [ 126.804823904396414, 37.525443552750779 ], [ 126.804990306031755, 37.525437299720458 ], [ 126.805155136780826, 37.525418086383596 ], [ 126.805316809150241, 37.525386097784043 ], [ 126.805473766069767, 37.525341642004648 ], [ 126.805624495890683, 37.525285147199675 ], [ 126.805767546946512, 37.525217157470614 ], [ 126.805901541535306, 37.525138327625257 ], [ 126.806025189189526, 37.525049416870345 ], [ 126.806137299104776, 37.524951281498794 ], [ 126.806236791608313, 37.524844866641821 ], [ 126.806322708556706, 37.524731197165487 ], [ 126.806394222562275, 37.524611367799437 ], [ 126.806450644959853, 37.524486532592896 ], [ 126.8064914324368, 37.524357893799483 ], [ 126.806516192263075, 37.524226690298015 ], [ 126.806524686070318, 37.524094185660736 ], [ 126.806538844816956, 37.518227506617677 ], [ 126.806531346380467, 37.518097940093959 ], [ 126.806508295008868, 37.517969542150503 ], [ 126.806353667737739, 37.517329204630116 ], [ 126.806314470093881, 37.517200980026146 ], [ 126.806259764505626, 37.517076410340792 ], [ 126.80619007229096, 37.516956682490132 ], [ 126.806106057553407, 37.516842937251056 ], [ 126.80531223081482, 37.515879126428892 ], [ 126.805308097318886, 37.515874131866063 ], [ 126.803918801126144, 37.514203435015759 ], [ 126.803837062822936, 37.514113405188617 ], [ 126.803746320351934, 37.514029025557122 ], [ 126.802490297865859, 37.512953814356834 ], [ 126.80214547698013, 37.51253510330227 ], [ 126.801476766865534, 37.511480147503896 ], [ 126.801407023681236, 37.51138075676883 ], [ 126.80132702925124, 37.511286393360272 ], [ 126.80045471792566, 37.510345394314143 ], [ 126.800161694975571, 37.509891586608518 ], [ 126.79976579685804, 37.508755837355054 ], [ 126.799608458923785, 37.507947123312213 ], [ 126.802418624353663, 37.508454178864582 ], [ 126.80252301359927, 37.508470292289708 ], [ 126.804105918960616, 37.508673858093573 ], [ 126.804299467290804, 37.508689747056195 ], [ 126.804494026557975, 37.508687883328172 ], [ 126.807665248499006, 37.508512284224295 ], [ 126.807832291065594, 37.50849637377658 ], [ 126.813324948022071, 37.507751514630634 ], [ 126.813543419045502, 37.507709868063692 ], [ 126.828021420297006, 37.504127033359573 ], [ 126.828049306560203, 37.504119919625843 ], [ 126.853760482323594, 37.497362242495711 ], [ 126.859154036506183, 37.496337021531119 ], [ 126.859240201288884, 37.49631872157525 ], [ 126.861817326945527, 37.495713134278297 ], [ 126.862292906994739, 37.495625623350264 ], [ 126.86332572374495, 37.495553789310435 ], [ 126.863903356318005, 37.495592324018403 ], [ 126.865098829168957, 37.495992076339213 ], [ 126.877933419348267, 37.502030077224127 ], [ 126.880878938554801, 37.504431081904187 ], [ 126.880884711066258, 37.504435764285468 ], [ 126.881959433040947, 37.505303289575096 ], [ 126.882051018935869, 37.505371933650999 ], [ 126.882148733666398, 37.505434986657619 ], [ 126.884060165259427, 37.506577587868115 ], [ 126.886320165513439, 37.507988796371123 ], [ 126.886336627892391, 37.507998946372311 ], [ 126.888780832132113, 37.509486878549545 ], [ 126.888675343057301, 37.509648054136882 ], [ 126.888258109225447, 37.510075797297517 ], [ 126.887496093848085, 37.510619333615551 ], [ 126.886684757970826, 37.511022631264829 ], [ 126.885020774748824, 37.511740829022109 ], [ 126.884940944770932, 37.511777551963306 ], [ 126.881757112002845, 37.51333542796047 ], [ 126.881734953689204, 37.513347501115533 ], [ 126.881711781773589, 37.513358400291196 ], [ 126.881692436507251, 37.513369672882163 ], [ 126.881672199514554, 37.513379815024109 ], [ 126.880872278431156, 37.513825792770263 ], [ 126.880148401349913, 37.514139200273689 ], [ 126.879284311362241, 37.514256879750953 ], [ 126.878430894571252, 37.514356603395086 ], [ 126.877782666068683, 37.514387279386519 ], [ 126.876813246930979, 37.514425438848505 ], [ 126.875818585423829, 37.514435058152159 ], [ 126.875127135912365, 37.514343317945197 ], [ 126.874320723190408, 37.514138431054064 ], [ 126.871809725165903, 37.513311940679024 ], [ 126.870483613736852, 37.512845060842487 ], [ 126.869253941583992, 37.512382118803117 ], [ 126.867864826477557, 37.511754713946871 ], [ 126.867834516723732, 37.511741347795301 ], [ 126.866720259396445, 37.511261737751703 ], [ 126.866661660388871, 37.511239400688964 ], [ 126.866603680968609, 37.511216060204852 ], [ 126.865982867027839, 37.510995900643572 ], [ 126.865817810627462, 37.510945396864443 ], [ 126.865647054209262, 37.510908846223352 ], [ 126.864542592599946, 37.510720953164444 ], [ 126.864475385392169, 37.510710643497738 ], [ 126.864268635546452, 37.510682358921009 ], [ 126.863755921189508, 37.510511035325202 ], [ 126.860605949416708, 37.509408971398059 ], [ 126.859503366042802, 37.508964486638931 ], [ 126.859412720827265, 37.50893058181115 ], [ 126.859276997975172, 37.508883657464651 ], [ 126.859095466297845, 37.508830466645406 ], [ 126.858907516429483, 37.508794075407998 ], [ 126.858824989984058, 37.508782016039262 ], [ 126.858682752608701, 37.508766153169987 ], [ 126.858539340969244, 37.508759927362121 ], [ 126.858387021804262, 37.508758457010131 ], [ 126.858196721147223, 37.508765136160989 ], [ 126.858008558597831, 37.508788761204222 ], [ 126.857844122720707, 37.50881702012267 ], [ 126.857689768801919, 37.508849669729436 ], [ 126.85753995052896, 37.508893732509442 ], [ 126.857416665983678, 37.508935340847231 ], [ 126.857231788970111, 37.50900860391873 ], [ 126.857059448567242, 37.509099210068285 ], [ 126.85695386146314, 37.509162388697888 ], [ 126.856827257087559, 37.509246087877358 ], [ 126.856711420633673, 37.509339159117964 ], [ 126.856607440662401, 37.509440727825002 ], [ 126.85651629433076, 37.509549839549194 ], [ 126.856397593385495, 37.509708063306988 ], [ 126.856318612865067, 37.509826267183172 ], [ 126.854898440804874, 37.512231817760906 ], [ 126.854861861785011, 37.512298360177034 ], [ 126.853061366488618, 37.515828755753112 ], [ 126.853034616439217, 37.515884728718504 ], [ 126.851327615161765, 37.519709020129923 ], [ 126.848908019579071, 37.524412498391321 ], [ 126.847827713109012, 37.526452859497539 ], [ 126.845342103823384, 37.530836697578934 ], [ 126.845334643751741, 37.530851787434877 ], [ 126.845325774427337, 37.530866438249951 ], [ 126.844950053995362, 37.531573849724026 ], [ 126.844936960401483, 37.531602321367068 ], [ 126.844921952400327, 37.531630250753615 ], [ 126.844908304174581, 37.531664633425279 ], [ 126.844892759473439, 37.531698434838461 ], [ 126.844883231442367, 37.531727796676478 ], [ 126.844871735275433, 37.531756757792984 ], [ 126.844862386208561, 37.531792033826932 ], [ 126.844851074448769, 37.5318268923562 ], [ 126.844845204997839, 37.531856862127377 ], [ 126.844837330151137, 37.531886575530848 ], [ 126.844832368751952, 37.531922404686206 ], [ 126.844825400446098, 37.531957985178309 ], [ 126.844823247479155, 37.531988274618563 ], [ 126.84481906844627, 37.532018453765922 ], [ 126.844818540850511, 37.532054490657011 ], [ 126.844815984802224, 37.532090450820384 ], [ 126.844817570513172, 37.532120768423688 ], [ 126.844817126115288, 37.532151122446884 ], [ 126.844821035687602, 37.532187019884361 ], [ 126.844822918280798, 37.532223013570515 ], [ 126.844828228897939, 37.53225306738684 ], [ 126.84483152195034, 37.532283303903462 ], [ 126.844839829301108, 37.53231871624515 ], [ 126.844846134194881, 37.532354396774977 ], [ 126.844855120070051, 37.532383897218942 ], [ 126.844862117397057, 37.532413725150903 ], [ 126.844874740811747, 37.532448311630105 ], [ 126.844885409045972, 37.532483335133044 ], [ 126.844897985089304, 37.532511997776794 ], [ 126.844908617885608, 37.532541130149774 ], [ 126.844925434160601, 37.532574558148617 ], [ 126.844940364673207, 37.532608586883015 ], [ 126.844956411131051, 37.532636135205834 ], [ 126.844970575664476, 37.532664291902762 ], [ 126.844991421339543, 37.532696240139622 ], [ 126.84501047189211, 37.532728945761512 ], [ 126.845029835462213, 37.532755113829637 ], [ 126.845047394109642, 37.532782024271945 ], [ 126.845072067083422, 37.532812185872785 ], [ 126.84509505558853, 37.532843252621291 ], [ 126.845117550863094, 37.532867787671172 ], [ 126.845138333468057, 37.532893193402906 ], [ 126.845166594979361, 37.532921278827963 ], [ 126.845193301218046, 37.53295040659544 ], [ 126.845218712442176, 37.532973071494979 ], [ 126.845242517979926, 37.532996728645344 ], [ 126.845274094934297, 37.53302246844374 ], [ 126.845304262648867, 37.533049375700493 ], [ 126.845332345778516, 37.533069951263343 ], [ 126.845358944311258, 37.533091632865272 ], [ 126.845393531929759, 37.533114780232673 ], [ 126.845426871272522, 37.533139206776141 ], [ 126.845457356312679, 37.533157493905748 ], [ 126.845486491215894, 37.533176992049164 ], [ 126.845523755979329, 37.533197325165176 ], [ 126.845559946294784, 37.533219034666061 ], [ 126.845592539896174, 37.533234856307388 ], [ 126.845623930333531, 37.533251984107785 ], [ 126.845663513193813, 37.533269308231951 ], [ 126.845702206107532, 37.533288090551103 ], [ 126.845736594396755, 37.533301293430021 ], [ 126.845769938020041, 37.533315886794597 ], [ 126.845811457847759, 37.533330036102633 ], [ 126.845852280632286, 37.533345709354762 ], [ 126.845888132247765, 37.533356165486865 ], [ 126.845923108096102, 37.533368084662655 ], [ 126.845966165331262, 37.533378923806431 ], [ 126.846008724516253, 37.533391336149315 ], [ 126.846045693820784, 37.533398944102721 ], [ 126.846081965391136, 37.533408074992771 ], [ 126.846126145862883, 37.533415500370786 ], [ 126.846170031053916, 37.533424531501197 ], [ 126.846207761491442, 37.533429217399686 ], [ 126.846244979952331, 37.533435472635965 ], [ 126.846289858831781, 37.533439413362977 ], [ 126.84633464669993, 37.533444975703851 ], [ 126.846372774263699, 37.533446693959689 ], [ 126.846410581781669, 37.533450013723524 ], [ 126.846455727631422, 37.533450432291318 ], [ 126.846500986033547, 37.533452471857288 ], [ 126.846539142810343, 37.533451205626136 ], [ 126.846577175958771, 37.533451558208569 ], [ 126.846622154841384, 37.53344845083236 ], [ 126.846667447030242, 37.533446947764808 ], [ 126.846705264785683, 37.533442709117388 ], [ 126.846743158004131, 37.533440091215269 ], [ 126.846787537612073, 37.533433487862808 ], [ 126.846832426493236, 37.533428456628435 ], [ 126.846869540261523, 37.533421286437189 ], [ 126.846906929334565, 37.53341572318211 ], [ 126.846950283103638, 37.533405687285601 ], [ 126.84699433549676, 37.53339717653656 ], [ 126.847030387138673, 37.533387144078084 ], [ 126.84706691266156, 37.533378688798074 ], [ 126.847108823829885, 37.533365316651675 ], [ 126.847151614691171, 37.533353408748418 ], [ 126.847186256385143, 37.5333406110258 ], [ 126.847221567184647, 37.5333293447421 ], [ 126.847261632760322, 37.533312764590413 ], [ 126.847302749323589, 37.533297574792286 ], [ 126.847335646953056, 37.533282135584251 ], [ 126.847369403432936, 37.533268166247282 ], [ 126.847407238034066, 37.533248537073057 ], [ 126.847446283828148, 37.533230212405108 ], [ 126.847477120232881, 37.533212281051725 ], [ 126.847508997611982, 37.533195742523368 ], [ 126.847544237142984, 37.533173252545176 ], [ 126.847580835846387, 37.53315197035289 ], [ 126.847609313903931, 37.533131720290292 ], [ 126.847639005317632, 37.533112771081171 ], [ 126.847671310448391, 37.533087635974546 ], [ 126.847705109541408, 37.5330636021815 ], [ 126.847730955048561, 37.53304122924105 ], [ 126.847758174484753, 37.533020051014084 ], [ 126.847787233900178, 37.532992511871647 ], [ 126.847817908078909, 37.532965958958449 ], [ 126.847840872404277, 37.532941679447688 ], [ 126.847865357446139, 37.532918475301003 ], [ 126.847890890834975, 37.532888796350207 ], [ 126.847918145153471, 37.532859981075312 ], [ 126.847938007635605, 37.532834029660414 ], [ 126.847959521985118, 37.532809022205228 ], [ 126.84798128274015, 37.532777488303864 ], [ 126.848004855450142, 37.532746689189956 ], [ 126.848021425517672, 37.532719316601572 ], [ 126.848039761276041, 37.532692745851911 ], [ 126.849288188708215, 37.530652318586206 ], [ 126.849319867832207, 37.530597462560287 ], [ 126.85118259702972, 37.52717228858657 ], [ 126.851725106657966, 37.52618337907203 ], [ 126.851819173919338, 37.526067950708708 ], [ 126.851887520629447, 37.526017843179631 ], [ 126.852010905724882, 37.525965076523178 ], [ 126.852081908238162, 37.525940492311328 ], [ 126.852152581327715, 37.525921490623638 ], [ 126.852239471083863, 37.525906930536955 ], [ 126.852382180898047, 37.525894860135843 ], [ 126.852545094500442, 37.52589939637668 ], [ 126.853389754968148, 37.52604072281266 ], [ 126.853458440262386, 37.526051043665682 ], [ 126.855152408124511, 37.526276911740048 ], [ 126.85515901887355, 37.526277782466543 ], [ 126.855920489530561, 37.526376846766063 ], [ 126.861742737096534, 37.527178362520154 ], [ 126.863535779099294, 37.527427654424137 ], [ 126.863831528278283, 37.527469558837318 ], [ 126.864012489616968, 37.527487278465756 ], [ 126.864319415044733, 37.527504074909707 ], [ 126.864364207799127, 37.527504771218759 ], [ 126.864408914722844, 37.527507085824759 ], [ 126.864416662089383, 37.527506880531419 ], [ 126.864424310879102, 37.527507221073222 ], [ 126.864455066914289, 37.527506183583007 ], [ 126.864485975932723, 37.527506664033908 ], [ 126.86453063868889, 37.527503860267167 ], [ 126.864575415195944, 37.527502673704987 ], [ 126.864583100496162, 37.527501864552725 ], [ 126.864590754253001, 37.527501606359742 ], [ 126.864621233996289, 37.527498172967952 ], [ 126.864652053404157, 37.527496238202744 ], [ 126.864696156012229, 37.527489961363024 ], [ 126.864740570857137, 37.5274852850605 ], [ 126.865844105009828, 37.527324873247146 ], [ 126.865862762494601, 37.527322075115947 ], [ 126.871203268327918, 37.526496355406074 ], [ 126.87330382605974, 37.526192446134665 ], [ 126.873309626564335, 37.526191598568801 ], [ 126.875684460978505, 37.525841166648377 ], [ 126.877023069177397, 37.525653451536932 ], [ 126.877238586583786, 37.525636004378036 ], [ 126.877343011931615, 37.525683172670774 ], [ 126.877450242861926, 37.525727665425606 ], [ 126.878230012724856, 37.526023581620436 ], [ 126.879351238820732, 37.526467924546402 ], [ 126.879357495371778, 37.526470391208868 ], [ 126.880569008738007, 37.526945556717884 ], [ 126.881060662257227, 37.527170161696858 ], [ 126.881189735316525, 37.527223412108164 ], [ 126.881324055426248, 37.527267672737196 ], [ 126.881462637653428, 37.527302619029648 ], [ 126.881737226640524, 37.527361688358113 ], [ 126.881917655669227, 37.527392234058354 ], [ 126.882373236859664, 37.527448962013629 ], [ 126.882574301695499, 37.527464310984122 ], [ 126.882776232324943, 37.527460531367325 ], [ 126.883311681363807, 37.527425042581953 ], [ 126.883434524349511, 37.527413297102271 ], [ 126.883760751302205, 37.527372451500824 ], [ 126.883838812395297, 37.52736118314585 ], [ 126.885314503227434, 37.527119659465207 ], [ 126.886800155924647, 37.526892852763105 ], [ 126.88680047069353, 37.526892791817254 ], [ 126.886800877505564, 37.526892745913514 ], [ 126.886802202416632, 37.526892488899165 ], [ 126.886803465243958, 37.526892344811522 ], [ 126.891841928508583, 37.52611473675055 ], [ 126.894575228342376, 37.525696072558681 ], [ 126.895033355832467, 37.526289692334466 ], [ 126.895366752887085, 37.527713860338409 ], [ 126.895400781265337, 37.527830352522756 ], [ 126.895447603579896, 37.527943993756473 ], [ 126.895693148131215, 37.528461463660577 ], [ 126.895769270528504, 37.52859841815296 ], [ 126.895863946964909, 37.52872782658217 ], [ 126.896358805958002, 37.529325453930475 ], [ 126.899593641540491, 37.533478009426382 ], [ 126.898722967224543, 37.533913963670294 ], [ 126.895842695411076, 37.535296578429971 ], [ 126.895832326643145, 37.535301595832266 ], [ 126.892568029292448, 37.53689384144046 ], [ 126.892564915057065, 37.536895533149028 ], [ 126.892561615646301, 37.536896985304821 ], [ 126.88902971412773, 37.538636785076342 ], [ 126.885479611502234, 37.540305494413239 ], [ 126.885456226118222, 37.540316688727962 ], [ 126.884827188684554, 37.540623304729209 ], [ 126.884735952003311, 37.540671053587637 ], [ 126.883896539990516, 37.541141808801633 ], [ 126.883732616460037, 37.541246392633056 ], [ 126.883353702297612, 37.541520446802707 ], [ 126.883227231905337, 37.541622151946456 ], [ 126.883114972570027, 37.541733933114386 ], [ 126.882778410758874, 37.542108062857103 ], [ 126.882698090058, 37.542206043037005 ], [ 126.881526183249747, 37.543780453849038 ], [ 126.881511278295008, 37.543802922993329 ], [ 126.881494685925247, 37.54382463999972 ], [ 126.881472879730168, 37.543860734944403 ], [ 126.88144933424185, 37.543896113436922 ], [ 126.88110347757133, 37.544483787803813 ], [ 126.880836170562986, 37.544826668750837 ], [ 126.880318765273898, 37.545330239860952 ], [ 126.880267300427548, 37.545337926153906 ], [ 126.879313338701422, 37.545502395184194 ], [ 126.877921323428183, 37.545708559985236 ], [ 126.877486592143157, 37.545743906356606 ], [ 126.876261319276665, 37.545706237867009 ], [ 126.875113625266195, 37.545634179994501 ], [ 126.875113581871517, 37.545634175555179 ], [ 126.8750766884406, 37.545633305553686 ], [ 126.875039988463598, 37.545630834335768 ], [ 126.873990010607756, 37.54560132219644 ], [ 126.873805905835923, 37.545604101309095 ], [ 126.872777978983621, 37.545664118925892 ], [ 126.872614073503073, 37.545680098441522 ], [ 126.872452892387969, 37.545708678838608 ], [ 126.871448462423388, 37.545928089989701 ], [ 126.871325378524418, 37.54595902642739 ], [ 126.871205601389534, 37.545997317480179 ], [ 126.870446333931454, 37.546267154714194 ], [ 126.870254784234035, 37.546347247261053 ], [ 126.869468208223566, 37.546728908386307 ], [ 126.869301742020511, 37.546820957495299 ], [ 126.868217870653325, 37.547500074363654 ], [ 126.864565299293588, 37.549626031298516 ], [ 126.863391226704081, 37.55018030392845 ], [ 126.863326990536521, 37.550212190615795 ], [ 126.863107614156476, 37.550326572065252 ], [ 126.862968210759121, 37.550407604174616 ], [ 126.862839858882154, 37.550499484488441 ], [ 126.862723884604463, 37.550601263766445 ], [ 126.862621486143183, 37.55071189049567 ], [ 126.862533721473497, 37.55083022175279 ], [ 126.862461497397234, 37.550955035010986 ], [ 126.862310327445201, 37.55125559999486 ], [ 126.862245335912093, 37.551411735674023 ], [ 126.862204640231411, 37.551572999451956 ], [ 126.861581627898346, 37.555159921272271 ], [ 126.861425129822535, 37.55604522524753 ], [ 126.861315358082521, 37.556114109669451 ], [ 126.859722416549886, 37.556969126205033 ], [ 126.859706851586722, 37.556978396335538 ], [ 126.859690454756318, 37.5569867080346 ], [ 126.858066366002873, 37.557902103647969 ], [ 126.853370848615768, 37.560356673589865 ], [ 126.853370020879822, 37.560357154128141 ], [ 126.853369205640377, 37.560357537071518 ], [ 126.853355591967258, 37.560365459659764 ], [ 126.853341160243289, 37.560372550646733 ], [ 126.848403065112947, 37.563073697458194 ], [ 126.84107969872592, 37.566924334957278 ], [ 126.840945291802882, 37.567002800259729 ], [ 126.840821193814719, 37.56709137420777 ], [ 126.840708599882433, 37.567189203819638 ], [ 126.840608594353697, 37.567295346976657 ], [ 126.84052214035971, 37.567408781495153 ], [ 126.840485699479245, 37.567469272183104 ], [ 126.84006528235453, 37.567700187392902 ], [ 126.839280430700967, 37.567912916150085 ], [ 126.838798523314097, 37.568000186296253 ], [ 126.838751991960137, 37.567996225347066 ], [ 126.837703372901942, 37.567780964706913 ], [ 126.837284151592328, 37.567643853041666 ], [ 126.837229075910585, 37.567608804481495 ], [ 126.835568122551507, 37.566484001098608 ], [ 126.834823245454942, 37.565979549233205 ], [ 126.834692199929947, 37.56589921737848 ], [ 126.834551959926273, 37.565829412648327 ], [ 126.834403855384437, 37.565770797010906 ], [ 126.834249290814782, 37.565723926325035 ], [ 126.832596981553891, 37.565294943898465 ], [ 126.83244537021605, 37.565261676564063 ], [ 126.83229054332169, 37.565239714479866 ], [ 126.832133828260496, 37.565229245934248 ], [ 126.831133885025878, 37.565199451801632 ], [ 126.830886100796064, 37.56520648366309 ], [ 126.830177859014213, 37.565268001062506 ], [ 126.830087168526134, 37.565207639472661 ], [ 126.830009919868715, 37.565159179241981 ], [ 126.828555748724597, 37.564300059264554 ], [ 126.828553069142842, 37.564298632936087 ], [ 126.828550570353116, 37.564297011933732 ], [ 126.827096378742382, 37.563444630196791 ], [ 126.825103718158559, 37.562262526179516 ], [ 126.825099671171316, 37.562260132746552 ], [ 126.823468566414476, 37.561298443426878 ], [ 126.82184825210922, 37.560325617564125 ], [ 126.821667413231637, 37.560230804459785 ], [ 126.82107811443413, 37.559963066064135 ], [ 126.820896750267437, 37.559891709786783 ], [ 126.820271532803346, 37.55968161287722 ], [ 126.820061838723504, 37.55962368033466 ], [ 126.81940763207588, 37.559480303587677 ], [ 126.819254983356373, 37.559452802931617 ], [ 126.818816845518938, 37.559390606439727 ], [ 126.818611202697824, 37.559371616874294 ], [ 126.818150827621437, 37.559351624451047 ], [ 126.818014094933488, 37.559350075564517 ], [ 126.8175681179913, 37.559359322438901 ], [ 126.817490219753068, 37.559362363537495 ], [ 126.817085060653909, 37.559385614086345 ], [ 126.8169924804902, 37.559392960799158 ], [ 126.816339805935812, 37.559459170265853 ], [ 126.816322800327868, 37.559460964849173 ], [ 126.812777036996224, 37.559849606168314 ], [ 126.810246544164542, 37.560101911538133 ], [ 126.809947515111276, 37.560123562871844 ], [ 126.806489573816478, 37.560155191501686 ], [ 126.806370597957937, 37.560159602938839 ], [ 126.805093472179365, 37.56024275766255 ], [ 126.805052680869309, 37.560245808120229 ], [ 126.803171897278943, 37.560404682700103 ], [ 126.803155604587062, 37.560406122185093 ], [ 126.80161805982182, 37.560547939516738 ], [ 126.801453642954925, 37.560569657152548 ], [ 126.801292691691359, 37.560604099136327 ], [ 126.801136756004297, 37.560650933789248 ], [ 126.800987337573858, 37.56070971008986 ], [ 126.80084587532771, 37.560779862016759 ], [ 126.800713731585489, 37.560860713998686 ], [ 126.800592178940249, 37.560951487419594 ], [ 126.80050330967947, 37.561032286390123 ], [ 126.800374346199888, 37.561076259514536 ], [ 126.800228311909549, 37.561140200354181 ], [ 126.800090853435975, 37.561215227836641 ], [ 126.799963294547098, 37.561300619437652 ], [ 126.799846863688913, 37.561395552822823 ], [ 126.799742682155113, 37.561499113765819 ], [ 126.799651753288728, 37.561610304951557 ], [ 126.799574952818503, 37.561728055579621 ], [ 126.799513020423902, 37.561851231675455 ], [ 126.799466552609672, 37.561978647010037 ], [ 126.799435996958834, 37.562109074523022 ], [ 126.798373675479851, 37.568321165504528 ], [ 126.798358439944138, 37.568478666918381 ], [ 126.798366388613886, 37.568636507764147 ], [ 126.798739848728857, 37.571644017758658 ], [ 126.798762188087082, 37.571766404844212 ], [ 126.798798484893652, 37.571886655050861 ], [ 126.798848435488978, 37.572003762142849 ], [ 126.79947910381776, 37.573286353047806 ], [ 126.799562893018745, 37.573431005754209 ], [ 126.799667476135355, 37.573566810773769 ], [ 126.820519587074202, 37.597363303546373 ], [ 126.820642331038485, 37.597487229618515 ], [ 126.820782385738084, 37.597598932957624 ], [ 126.82340127125245, 37.599456924573893 ], [ 126.826406629138887, 37.601700869929594 ], [ 126.827901836409694, 37.603679220032355 ], [ 126.828412979327396, 37.605302966922586 ], [ 126.828399502551662, 37.606801861073208 ], [ 126.828044102467985, 37.608322270689385 ], [ 126.827008136700215, 37.610226857581274 ], [ 126.826079593528235, 37.611567516745914 ], [ 126.818914061039962, 37.618003317995473 ], [ 126.814015636914974, 37.622199390561988 ], [ 126.813932343773644, 37.622276338555736 ], [ 126.813039869859523, 37.623166331865129 ], [ 126.812928715786299, 37.623291034002612 ], [ 126.812338994893267, 37.62403891517657 ], [ 126.812225828062978, 37.624207960765368 ], [ 126.811196588404471, 37.626049006590662 ], [ 126.808616563553116, 37.63023341051656 ], [ 126.798340753198332, 37.630861151499353 ], [ 126.798164141828792, 37.630879373770426 ], [ 126.797990896643114, 37.630912190915161 ], [ 126.797822919031972, 37.630959242760504 ], [ 126.793168395021951, 37.632485252778565 ], [ 126.792965404699729, 37.632564752062862 ], [ 126.788795402251083, 37.634481941354181 ], [ 126.788673152150963, 37.634543816228955 ], [ 126.78855797197842, 37.634613745903195 ], [ 126.78536275576829, 37.636730911498212 ], [ 126.785269209469547, 37.636797704172842 ], [ 126.778547708322691, 37.641965819735731 ], [ 126.775400230096679, 37.644050689541729 ], [ 126.775267623170137, 37.64414847761973 ], [ 126.775148829002248, 37.644256912762359 ], [ 126.772681781930984, 37.646766649336243 ], [ 126.772605744863569, 37.646850406784857 ], [ 126.77253797227749, 37.646938535915417 ], [ 126.771175610469655, 37.648872372655696 ], [ 126.77112513000084, 37.648949779609907 ], [ 126.76926274705383, 37.652045849345917 ], [ 126.769250555280692, 37.652066564636996 ], [ 126.767657474572317, 37.6548340276182 ], [ 126.765273226320375, 37.658368222981345 ], [ 126.762088680587212, 37.661597302804367 ], [ 126.759485063047023, 37.663723272865603 ], [ 126.754665453678413, 37.665925419219043 ], [ 126.750100647941295, 37.667969344542456 ], [ 126.75009797163834, 37.667970684378176 ], [ 126.750095148289091, 37.667971817584935 ], [ 126.736072621046503, 37.674303339528961 ], [ 126.735867120081693, 37.674412526103652 ], [ 126.732608620264131, 37.676430713000492 ], [ 126.732496988912089, 37.676506213212356 ], [ 126.73239394997006, 37.676589071819031 ], [ 126.732300268604092, 37.676678673536543 ], [ 126.732216640501051, 37.676774353006316 ], [ 126.729678950482793, 37.679962486251569 ], [ 126.729581121337986, 37.680103277481216 ], [ 126.729505021145002, 37.680252305867874 ], [ 126.727939536998591, 37.683932304092842 ], [ 126.727896692291111, 37.684050478461543 ], [ 126.72656786503731, 37.688460340062775 ], [ 126.72653842962491, 37.688582639944514 ], [ 126.726523278357661, 37.688706573267353 ], [ 126.72637737915673, 37.690987733000625 ], [ 126.726375960981642, 37.691097163127317 ], [ 126.726519627635611, 37.694877829965399 ], [ 126.726732161362605, 37.703805835197294 ], [ 126.726816699871193, 37.707246905161995 ], [ 126.726540436526264, 37.710684856216126 ], [ 126.726537590890445, 37.710807239744526 ], [ 126.726631056342299, 37.713575516165832 ], [ 126.726631606773239, 37.71358922398565 ], [ 126.72675652010156, 37.716272733287504 ], [ 126.726760393796454, 37.716308406040099 ], [ 126.726762233450785, 37.716344177334911 ], [ 126.726767566122589, 37.716374455715339 ], [ 126.726770873570672, 37.716404913840833 ], [ 126.726779128703228, 37.71644010681721 ], [ 126.726785374377357, 37.716475569043389 ], [ 126.726794419006453, 37.71650529178693 ], [ 126.726801467430775, 37.716535340291557 ], [ 126.7268140229571, 37.716569714821794 ], [ 126.726824616092514, 37.71660452622433 ], [ 126.726837286900903, 37.716633406780467 ], [ 126.726848007128112, 37.716662756550214 ], [ 126.726864740662833, 37.716695982021719 ], [ 126.726879580755323, 37.716729806934801 ], [ 126.726895756958214, 37.716757566717135 ], [ 126.726910044534378, 37.716785935511083 ], [ 126.726930793570403, 37.716817692537475 ], [ 126.72694973909519, 37.716850204632536 ], [ 126.726969266029414, 37.716876575717528 ], [ 126.726986982259504, 37.716903690870502 ], [ 126.727011545769798, 37.716933674346485 ], [ 126.727034415506353, 37.716964559796416 ], [ 126.727057106089788, 37.716989287524456 ], [ 126.727078079402318, 37.717014888552526 ], [ 126.727106219806998, 37.717042810565829 ], [ 126.727132794552162, 37.717071771094218 ], [ 126.727158431061042, 37.717094616547165 ], [ 126.727182458684027, 37.717118457631791 ], [ 126.727213904162213, 37.717144050205093 ], [ 126.727243928816492, 37.71717080599025 ], [ 126.72727226496454, 37.717191548320635 ], [ 126.727299114895416, 37.717213400648248 ], [ 126.72733356201897, 37.717236418285992 ], [ 126.727366748026839, 37.717260710690418 ], [ 126.727397511326828, 37.717279149278916 ], [ 126.727426924576662, 37.717298803214526 ], [ 126.727464041239912, 37.717319025231525 ], [ 126.727500069361142, 37.717340619329086 ], [ 126.727532963746427, 37.717356575747949 ], [ 126.727564656836918, 37.717373842823307 ], [ 126.727604085453734, 37.717391075433795 ], [ 126.727642608839275, 37.717409762309195 ], [ 126.727677317520474, 37.717423082072017 ], [ 126.727710985208958, 37.717437796769886 ], [ 126.727752346146019, 37.717451874918389 ], [ 126.727792993689349, 37.717467473715168 ], [ 126.727829182218201, 37.717478027794478 ], [ 126.727864500424815, 37.71749004911333 ], [ 126.727907395639448, 37.717500838031292 ], [ 126.727949775569698, 37.717513197727172 ], [ 126.727987095079939, 37.717520883824399 ], [ 126.728023723989693, 37.717530096609551 ], [ 126.728067740836806, 37.717537493083761 ], [ 126.728111444519357, 37.717546493975092 ], [ 126.728149535113118, 37.71755123752947 ], [ 126.728187122422923, 37.717557553558791 ], [ 126.728231837596226, 37.717561486900479 ], [ 126.728276443502196, 37.717567041780391 ], [ 126.728314937747854, 37.717568796706203 ], [ 126.728353122028935, 37.717572155520863 ], [ 126.728398105599183, 37.717572588227391 ], [ 126.728443183405119, 37.717574643245072 ], [ 126.72848170991189, 37.717573392389461 ], [ 126.728520124055862, 37.717573761862454 ], [ 126.728564943569097, 37.717570689965648 ], [ 126.728610058345069, 37.717569225158002 ], [ 126.728648245378423, 37.717564980474279 ], [ 126.728686520095593, 37.717562357111845 ], [ 126.728730744693365, 37.71755581021025 ], [ 126.728775461138056, 37.717550839700166 ], [ 126.728812940239862, 37.717543642134757 ], [ 126.728850707577152, 37.71753805110793 ], [ 126.728893912100745, 37.717528092082951 ], [ 126.728937798780478, 37.717519663942042 ], [ 126.728974208357087, 37.717509583036019 ], [ 126.729011105203369, 37.717501077942259 ], [ 126.729052874244374, 37.71748780236075 ], [ 126.729095507793858, 37.717475998138035 ], [ 126.729130496636543, 37.717463131347209 ], [ 126.729166168183113, 37.71745179370415 ], [ 126.729206100042745, 37.717435328912941 ], [ 126.72924706928508, 37.717420262834203 ], [ 126.729280299987025, 37.717404734574842 ], [ 126.729314403111019, 37.71739067305068 ], [ 126.729352113631862, 37.717371176971376 ], [ 126.729391023576682, 37.717352994817517 ], [ 126.729422175812601, 37.717334955247196 ], [ 126.729454382352472, 37.717318304634595 ], [ 126.729489508587378, 37.717295964268999 ], [ 126.729525984266701, 37.717274841945198 ], [ 126.72955475790198, 37.717254465491813 ], [ 126.729584757794441, 37.717235385434265 ], [ 126.729616961477802, 37.717210415094264 ], [ 126.729650651582034, 37.717186556904444 ], [ 126.729676769580976, 37.717164040557932 ], [ 126.729704273829839, 37.717142714040072 ], [ 126.729733244619325, 37.717115353317645 ], [ 126.729763824897091, 37.717088989962356 ], [ 126.729787036001255, 37.717064551347136 ], [ 126.729811779450586, 37.717041182962447 ], [ 126.729837237908569, 37.717011694457959 ], [ 126.729864414296941, 37.716983080776131 ], [ 126.729884495447322, 37.716956956023793 ], [ 126.729906239332578, 37.716931770035067 ], [ 126.729927939618463, 37.716900436864556 ], [ 126.729951451073475, 37.716869849342331 ], [ 126.729968209553491, 37.716842290786204 ], [ 126.729986743805839, 37.716815528996499 ], [ 126.730004476053949, 37.71678265210042 ], [ 126.730024097053757, 37.716750386172457 ], [ 126.730037372332291, 37.716721659887654 ], [ 126.730052517614013, 37.716693579340934 ], [ 126.730066109973208, 37.716659474619 ], [ 126.730081652670606, 37.716625841789551 ], [ 126.730091317927801, 37.716596225003208 ], [ 126.730102927378709, 37.716567095535687 ], [ 126.730112247693725, 37.716532090833994 ], [ 126.730123563697759, 37.716497415646998 ], [ 126.730129527019869, 37.716467194044704 ], [ 126.730137487697036, 37.716437295709419 ], [ 126.730142444814092, 37.716401727687945 ], [ 126.730149426584859, 37.716366344576223 ], [ 126.730151631817606, 37.716335809531472 ], [ 126.730155865813558, 37.716305429920162 ], [ 126.730156410496491, 37.716269640829765 ], [ 126.73015899234089, 37.716233890874655 ], [ 126.730157419594207, 37.716203336628915 ], [ 126.730157884821935, 37.716172768115975 ], [ 126.730033168140665, 37.713496113823631 ], [ 126.729941878360279, 37.710795936652062 ], [ 126.730217588828992, 37.707362911626134 ], [ 126.730220716507503, 37.707250397889979 ], [ 126.730134664464458, 37.703754243399274 ], [ 126.729921550587605, 37.694819027096038 ], [ 126.729921078986834, 37.694803788299936 ], [ 126.729779032265967, 37.691070243171232 ], [ 126.729913359029268, 37.688968524323059 ], [ 126.731187365356647, 37.684739967511845 ], [ 126.732662752134942, 37.681271416342483 ], [ 126.734933258858135, 37.678418815958729 ], [ 126.737860415434355, 37.676605816889307 ], [ 126.75177274544501, 37.670323986271434 ], [ 126.756341299415269, 37.66827836468017 ], [ 126.756354068647326, 37.668272588808264 ], [ 126.761385740665702, 37.665973520219808 ], [ 126.761518116219193, 37.665906383941127 ], [ 126.761642138020406, 37.665829828441083 ], [ 126.761756748835623, 37.665744506338839 ], [ 126.764589339115631, 37.663431514193228 ], [ 126.764709112182686, 37.663322612424615 ], [ 126.768040601602522, 37.659944411890997 ], [ 126.768126052387757, 37.659849602992338 ], [ 126.768200906019615, 37.659749291623299 ], [ 126.770679937909236, 37.656074385064088 ], [ 126.770727604298017, 37.65599803495936 ], [ 126.772336929007892, 37.653202155908396 ], [ 126.774169341033343, 37.650155705733873 ], [ 126.775441215558601, 37.648350214225061 ], [ 126.777716201998985, 37.646035780459307 ], [ 126.78077248891924, 37.644011272391836 ], [ 126.780866048334758, 37.643944483500377 ], [ 126.787587571508524, 37.638776237751678 ], [ 126.790622856003978, 37.636765008932194 ], [ 126.794568983229297, 37.634950730510546 ], [ 126.797476599563865, 37.633997474965362 ], [ 126.79328939645157, 37.637155464196091 ], [ 126.793283110982713, 37.637160228685879 ], [ 126.786820034882055, 37.642083952392966 ], [ 126.78287534644754, 37.645088558912342 ], [ 126.779404636201932, 37.647716695965912 ], [ 126.779370883128294, 37.647742973991626 ], [ 126.778431863682684, 37.648494621268661 ], [ 126.778295201522269, 37.648618226012921 ], [ 126.777737677657484, 37.649189105793411 ], [ 126.777637229008107, 37.649303728570871 ], [ 126.777077333856894, 37.650018742724065 ], [ 126.776980341700437, 37.650160908666585 ], [ 126.776002627241681, 37.651824279673257 ], [ 126.773954030742232, 37.655298141776761 ], [ 126.773950208008984, 37.655304668911114 ], [ 126.771855699916941, 37.658905773739285 ], [ 126.771406674762019, 37.659675193119533 ], [ 126.770873058762504, 37.660335149157213 ], [ 126.76949129499441, 37.661839232174579 ], [ 126.766656717492381, 37.664762806440322 ], [ 126.764819060833702, 37.666578386401667 ], [ 126.763757621415749, 37.667361976773563 ], [ 126.762797599572792, 37.667902537935909 ], [ 126.760585986768746, 37.668913727096552 ], [ 126.754929996740174, 37.671379918976299 ], [ 126.74669687829622, 37.674955437772077 ], [ 126.746638133859278, 37.674984006852966 ], [ 126.74657877196384, 37.675011774127292 ], [ 126.746566962307924, 37.675018619521815 ], [ 126.746554496768098, 37.675024681846416 ], [ 126.746499559904194, 37.675057688864065 ], [ 126.746443906195353, 37.675089948095135 ], [ 126.746432997199094, 37.675097680813813 ], [ 126.746421339610137, 37.675104684873425 ], [ 126.746370739072361, 37.675141811732566 ], [ 126.7463193298193, 37.675178252493716 ], [ 126.746309426611305, 37.675186798113664 ], [ 126.746298689173599, 37.675194676412872 ], [ 126.746252911929346, 37.675235565387489 ], [ 126.746206242563204, 37.675275836937288 ], [ 126.746197440592752, 37.675285113196928 ], [ 126.746187726641139, 37.675293789831045 ], [ 126.746147213193737, 37.675338047013113 ], [ 126.746105733525141, 37.675381761668447 ], [ 126.746098117640415, 37.675391679259022 ], [ 126.746089520651523, 37.675401070645592 ], [ 126.746054660810557, 37.675448269740166 ], [ 126.746018770684842, 37.675495006607264 ], [ 126.746012414313114, 37.675505470032483 ], [ 126.746005017007832, 37.675515485716453 ], [ 126.74597614614737, 37.675565172146726 ], [ 126.745946191580813, 37.675614481173909 ], [ 126.745941156018333, 37.675625389669818 ], [ 126.745935029567775, 37.675635933194265 ], [ 126.745912425408349, 37.675687628477142 ], [ 126.745888695242769, 37.675739034790354 ], [ 126.745885029061782, 37.675750283296132 ], [ 126.745880232404247, 37.675761253130602 ], [ 126.74586411234921, 37.675814459480748 ], [ 126.745846835457556, 37.675867467960011 ], [ 126.745844574035956, 37.675878948130674 ], [ 126.745841153311517, 37.675890238647916 ], [ 126.745831672363053, 37.675944443765729 ], [ 126.745821015433364, 37.675998543818665 ], [ 126.745820180611531, 37.676010145069831 ], [ 126.745818168719609, 37.676021647561555 ], [ 126.745815417993967, 37.676076329559606 ], [ 126.745811483913741, 37.676131000045494 ], [ 126.745812083782212, 37.676142610619848 ], [ 126.745811500066225, 37.676154214342098 ], [ 126.745815505922053, 37.676208846762762 ], [ 126.745818332778867, 37.676263561019432 ], [ 126.745820361598859, 37.676275069064985 ], [ 126.745821211660925, 37.676286662302608 ], [ 126.745831935449132, 37.676340719178889 ], [ 126.745841496157368, 37.67639495010399 ], [ 126.745844934414805, 37.676406244753188 ], [ 126.745847210062394, 37.676417715893805 ], [ 126.745864548499767, 37.676470676804719 ], [ 126.7458807510573, 37.676523901941962 ], [ 126.745885565650369, 37.676534874381645 ], [ 126.745889244975089, 37.676546112988341 ], [ 126.745913031137832, 37.676597468060919 ], [ 126.745935719510612, 37.676649174641852 ], [ 126.745941864068214, 37.676659719163325 ], [ 126.745946911656461, 37.676670617036145 ], [ 126.745976916584311, 37.676719871846139 ], [ 126.746005872209977, 37.67676956173856 ], [ 126.746013287539, 37.676779576757752 ], [ 126.746019654811974, 37.676790028973727 ], [ 126.746055589707339, 37.676836709298001 ], [ 126.746090533603834, 37.676883903813049 ], [ 126.746099148260186, 37.676893292850892 ], [ 126.746106773940227, 37.676903198772607 ], [ 126.746148292941768, 37.676946855148145 ], [ 126.746188888399985, 37.676991099659219 ], [ 126.746198619378177, 37.676999772272431 ], [ 126.746207430077064, 37.677009036515756 ], [ 126.746254133581232, 37.677049248561474 ], [ 126.74629998941576, 37.677090116890163 ], [ 126.746310742950143, 37.677097989543896 ], [ 126.746320653873838, 37.67710652289518 ], [ 126.746372092372013, 37.677142903355097 ], [ 126.746422766698714, 37.677180001882007 ], [ 126.746434439168979, 37.677186998755396 ], [ 126.746445354931595, 37.677194719029757 ], [ 126.74650103332749, 37.677226917498942 ], [ 126.746556037830587, 37.677259888958957 ], [ 126.746568516762039, 37.677265942676158 ], [ 126.746580332302003, 37.677272775508442 ], [ 126.746639714667552, 37.677300481806199 ], [ 126.746698519314634, 37.677329008731654 ], [ 126.746711684464344, 37.677334061011017 ], [ 126.746724286053563, 37.677339940571848 ], [ 126.746786800777485, 37.677362887729011 ], [ 126.746848838937566, 37.677386695508076 ], [ 126.746862563455039, 37.677390697723425 ], [ 126.746875829791463, 37.677395567353351 ], [ 126.746940875072568, 37.677413534185817 ], [ 126.747005548985925, 37.677432393705665 ], [ 126.747019700637566, 37.677435307354045 ], [ 126.747033504011071, 37.67743912011003 ], [ 126.747100453642858, 37.677451933352884 ], [ 126.747167140190598, 37.677465663202973 ], [ 126.747181582635818, 37.67746746027462 ], [ 126.747195790155871, 37.6774701793831 ], [ 126.747263999547698, 37.677477715365164 ], [ 126.747332056264355, 37.677486183579127 ], [ 126.747346650370801, 37.677486846825865 ], [ 126.747361125244495, 37.67748844603836 ], [ 126.747429937621334, 37.677490631880445 ], [ 126.747498708892621, 37.677493757200345 ], [ 126.747513314078475, 37.67749328030019 ], [ 126.747527916926146, 37.677493744147711 ], [ 126.747596669647578, 37.677490558472996 ], [ 126.747665493033082, 37.677488311123696 ], [ 126.747679968622137, 37.677486698739834 ], [ 126.747694558819006, 37.677486022683802 ], [ 126.747762589757258, 37.677477495832996 ], [ 126.747830802376313, 37.677469897799753 ], [ 126.747845008954258, 37.677467165533621 ], [ 126.747859445983821, 37.677465356011595 ], [ 126.747926099899203, 37.677451569760649 ], [ 126.747993044818912, 37.677438694567371 ], [ 126.748006845576199, 37.677434868806259 ], [ 126.748020990383878, 37.677431943172088 ], [ 126.748085625236072, 37.677413029954515 ], [ 126.748150657799414, 37.677395001945541 ], [ 126.748163919849176, 37.677390119606251 ], [ 126.748177636181538, 37.677386105965027 ], [ 126.748239629316217, 37.67736224760629 ], [ 126.748302123349674, 37.677339240738632 ], [ 126.748314719006856, 37.677333348909855 ], [ 126.748327874725106, 37.677328285849235 ], [ 126.756562374335971, 37.673752138235344 ], [ 126.756564760068812, 37.673751100035311 ], [ 126.762237136016793, 37.67127774262925 ], [ 126.762251787863903, 37.671270588366745 ], [ 126.762267096250824, 37.671264362978754 ], [ 126.764563225765116, 37.670214520867958 ], [ 126.764698295529669, 37.670145830227675 ], [ 126.765815647380677, 37.669516672141889 ], [ 126.765989916841221, 37.669404102076541 ], [ 126.767224193382859, 37.668492897448679 ], [ 126.767391899929009, 37.668349776259994 ], [ 126.769317977988067, 37.666446774247127 ], [ 126.769339925158533, 37.66642462011594 ], [ 126.772198703034988, 37.663475978191045 ], [ 126.772225074678204, 37.663448036859045 ], [ 126.773649610888427, 37.661897333648767 ], [ 126.773706805979756, 37.661831016797905 ], [ 126.774330800952669, 37.661059246901864 ], [ 126.774442900607625, 37.660897205118658 ], [ 126.774941414138979, 37.660042926881601 ], [ 126.774941816577595, 37.660042137972852 ], [ 126.774942313152195, 37.660041383724945 ], [ 126.777035254374567, 37.656442719414649 ], [ 126.779082261066605, 37.652971312355447 ], [ 126.779082657244331, 37.652970544528202 ], [ 126.779083145041625, 37.652969810796435 ], [ 126.780018111344603, 37.651379057695884 ], [ 126.780477644563533, 37.650792182119346 ], [ 126.780917617471928, 37.650341653176035 ], [ 126.781766919510247, 37.64966180351248 ], [ 126.785222299968098, 37.647045214230381 ], [ 126.785225826425247, 37.647042535991858 ], [ 126.789172291806594, 37.644036506889357 ], [ 126.789172296729433, 37.644036502752385 ], [ 126.789172302138454, 37.644036499019002 ], [ 126.795632266428939, 37.639115032892271 ], [ 126.799957686420299, 37.635852719060587 ], [ 126.802225350968129, 37.634837123304614 ], [ 126.804112529876107, 37.634155114525406 ], [ 126.805699834391234, 37.633750986367708 ], [ 126.806609512339676, 37.633634424740904 ], [ 126.799851768716195, 37.645218871979246 ], [ 126.799851182062739, 37.645220022187225 ], [ 126.799850458986043, 37.645221122189994 ], [ 126.792815412617259, 37.657334751161464 ], [ 126.784357754205573, 37.671692859634057 ], [ 126.783227690664177, 37.673587979600491 ], [ 126.782862357028861, 37.674032469040078 ], [ 126.782368350991177, 37.674531805742397 ], [ 126.781800996556498, 37.674909082478088 ], [ 126.768970852654121, 37.680532973288599 ], [ 126.768914900815616, 37.680560422118248 ], [ 126.768858241022244, 37.680586937793549 ], [ 126.768843904269644, 37.680595251506304 ], [ 126.76882880231318, 37.680602660193557 ], [ 126.768776504980352, 37.680634335505879 ], [ 126.768723388018657, 37.680665137306825 ], [ 126.768710145579504, 37.680674527821992 ], [ 126.768696030007305, 37.680683077278957 ], [ 126.768647890821484, 37.680718674036292 ], [ 126.768598828226928, 37.680753465337389 ], [ 126.768586807631564, 37.68076384222281 ], [ 126.768573814382108, 37.680773450117009 ], [ 126.768530296946068, 37.680812625516609 ], [ 126.768485761214919, 37.68085107127191 ], [ 126.768475078228462, 37.680862334596192 ], [ 126.76846333243347, 37.68087290840193 ], [ 126.768424855846732, 37.680915285176866 ], [ 126.768385275885791, 37.680957015146014 ], [ 126.768376033393295, 37.680969056440823 ], [ 126.768365648172619, 37.680980494330107 ], [ 126.768332582995143, 37.681025664382055 ], [ 126.768298339991105, 37.681070276695429 ], [ 126.768290627006593, 37.681082979999893 ], [ 126.768281702378758, 37.681095171822989 ], [ 126.768254367061957, 37.681142700151831 ], [ 126.768225790809893, 37.681189765180314 ], [ 126.768219681618987, 37.68120300815773 ], [ 126.768212303537865, 37.681215836503796 ], [ 126.768207665494899, 37.681226578304781 ], [ 126.765636057508118, 37.682317693740934 ], [ 126.765632954164118, 37.682319013695363 ], [ 126.764793760647407, 37.68267683372175 ], [ 126.764779590341377, 37.682682944557861 ], [ 126.764063369848415, 37.682995306167641 ], [ 126.763971557286567, 37.683038376098395 ], [ 126.763356703261209, 37.68334785271049 ], [ 126.763272432149989, 37.683393129781322 ], [ 126.76275092965632, 37.68369175536813 ], [ 126.762632507118226, 37.683766125310306 ], [ 126.762369459346885, 37.683946948136587 ], [ 126.762301862586654, 37.683996002811064 ], [ 126.762067622434401, 37.684175408752061 ], [ 126.761558400577357, 37.684518312443686 ], [ 126.761448150886764, 37.68459946647112 ], [ 126.761347343023743, 37.684688036276917 ], [ 126.761256763663127, 37.684783330718233 ], [ 126.760953337297749, 37.685133718200213 ], [ 126.760659371729815, 37.685473125831003 ], [ 126.760581512297122, 37.685571878987822 ], [ 126.760277256169005, 37.685997516026504 ], [ 126.760182007015786, 37.686153201145729 ], [ 126.75999705986068, 37.686512309274505 ], [ 126.759977258798216, 37.686552581676537 ], [ 126.759793299532959, 37.686945130048841 ], [ 126.759775027490448, 37.686986124606001 ], [ 126.759610472786918, 37.687375079808184 ], [ 126.759560371324454, 37.687519572027853 ], [ 126.759426751952333, 37.688009533274567 ], [ 126.759398578998741, 37.688146442945005 ], [ 126.759388209500486, 37.688284926186498 ], [ 126.759333777873238, 37.693620562526178 ], [ 126.759340618050842, 37.69375312370218 ], [ 126.75936377669619, 37.693884513791311 ], [ 126.759403030863012, 37.694013467426672 ], [ 126.759458002590364, 37.694138742699465 ], [ 126.759528162539439, 37.694259133119758 ], [ 126.759612835088902, 37.694373479236475 ], [ 126.759711204839149, 37.694480679804578 ], [ 126.759822324463514, 37.694579702391692 ], [ 126.759945123830335, 37.694669593322274 ], [ 126.760078420308602, 37.694749486863351 ], [ 126.760220930157544, 37.694818613563321 ], [ 126.760371280890581, 37.694876307663378 ], [ 126.760528024494604, 37.694922013510471 ], [ 126.760689651377319, 37.694955290909448 ], [ 126.760854604907763, 37.694975819363357 ], [ 126.761021296410618, 37.694983401160634 ], [ 126.761188120469043, 37.694977963279591 ], [ 126.761353470389182, 37.694959558091909 ], [ 126.761515753676747, 37.6949283628581 ], [ 126.761673407376847, 37.694884678020145 ], [ 126.761824913129146, 37.694828924307487 ], [ 126.761968811793153, 37.694761638684334 ], [ 126.762103717502697, 37.694683469177512 ], [ 126.762228331014299, 37.694595168634365 ], [ 126.762341452220653, 37.694497587471318 ], [ 126.762441991708641, 37.694391665482463 ], [ 126.762528981250938, 37.694278422787605 ], [ 126.762601583129523, 37.694158950006667 ], [ 126.762659098201922, 37.694034397755203 ], [ 126.762700972632345, 37.693905965562287 ], [ 126.76272680322279, 37.693774890317599 ], [ 126.762736341293248, 37.693642434358686 ], [ 126.76278911491508, 37.688446068201735 ], [ 126.762865596908725, 37.688165574733908 ], [ 126.762991321568379, 37.687868371010495 ], [ 126.763156221771823, 37.68751646061655 ], [ 126.763289513512746, 37.687257629916623 ], [ 126.763503603839695, 37.686958113182783 ], [ 126.763755987616491, 37.686666702526153 ], [ 126.763930923303391, 37.686464684051394 ], [ 126.764308639650139, 37.686210328913901 ], [ 126.764389384592263, 37.686152327804578 ], [ 126.7646298619443, 37.685968140683634 ], [ 126.764801148387761, 37.685850393664957 ], [ 126.765220084585081, 37.685610496691098 ], [ 126.765746904198849, 37.685345327831058 ], [ 126.766409317012503, 37.685056430545529 ], [ 126.767239875643071, 37.684702289518839 ], [ 126.770735440999104, 37.68321911219509 ], [ 126.770751285933699, 37.683211572371334 ], [ 126.77076780939268, 37.683205016696512 ], [ 126.772969326717501, 37.682221456326353 ], [ 126.772983997319784, 37.682214825459262 ], [ 126.773520089110875, 37.681969713727369 ], [ 126.773872674023963, 37.681819195264097 ], [ 126.774011189416498, 37.681761577757925 ], [ 126.774024212660834, 37.68175610330605 ], [ 126.774242911725935, 37.681663205144204 ], [ 126.774273421793893, 37.681649924613495 ], [ 126.774620150198643, 37.681495314892388 ], [ 126.775336123588929, 37.681182311937896 ], [ 126.775697368884082, 37.681024059939773 ], [ 126.776061930457303, 37.680865846654633 ], [ 126.776070855404896, 37.680861945748255 ], [ 126.776819526100397, 37.680532389621028 ], [ 126.776840366877536, 37.680523062875409 ], [ 126.777189717586481, 37.680364138000478 ], [ 126.777499260378022, 37.680232987460052 ], [ 126.777518057749845, 37.680224902197978 ], [ 126.777864533217169, 37.680073628382267 ], [ 126.777866733685173, 37.680072665954491 ], [ 126.778563661513644, 37.67976731141782 ], [ 126.778920825720604, 37.67961327401467 ], [ 126.778940157741175, 37.6796048069695 ], [ 126.779302732698724, 37.679443559034134 ], [ 126.779306062304329, 37.679442074348344 ], [ 126.779667285181134, 37.679280578696122 ], [ 126.780396858568622, 37.678960185649487 ], [ 126.782274538796159, 37.678142556975857 ], [ 126.783108322054744, 37.677783151426851 ], [ 126.783178245597952, 37.677751283425664 ], [ 126.783775250108562, 37.677464043522335 ], [ 126.783931365914597, 37.677379158552085 ], [ 126.784599060455847, 37.676971006163548 ], [ 126.784742437946036, 37.676872801629472 ], [ 126.785070317772124, 37.676621640700333 ], [ 126.785190802161424, 37.676519252038567 ], [ 126.785776521823394, 37.67596665085572 ], [ 126.785869023005674, 37.675871027259653 ], [ 126.7864039004902, 37.675263839364327 ], [ 126.786491143036301, 37.675153908107269 ], [ 126.786564700769731, 37.675037825977903 ], [ 126.787033249294808, 37.674200460965473 ], [ 126.787774899194076, 37.67297072523931 ], [ 126.789401540356621, 37.670340640432123 ], [ 126.789418026465455, 37.670313208470475 ], [ 126.790636750889576, 37.668225214167279 ], [ 126.790638332047578, 37.668222497268609 ], [ 126.791449453942732, 37.666824660420275 ], [ 126.791455347650682, 37.666814390850789 ], [ 126.792641878183858, 37.664723770790772 ], [ 126.792908231965939, 37.664265559121489 ], [ 126.793334690834058, 37.663539844039661 ], [ 126.793336084479137, 37.663537466402438 ], [ 126.795192222266394, 37.660362596356755 ], [ 126.796177243547277, 37.658687542864335 ], [ 126.796177337265533, 37.65868736068542 ], [ 126.79617745292984, 37.658687186659954 ], [ 126.796487678957718, 37.658159221663844 ], [ 126.796490702116898, 37.658154048156156 ], [ 126.798626269685045, 37.654478993304856 ], [ 126.799613636975948, 37.652785026256879 ], [ 126.800014738203103, 37.652112619625143 ], [ 126.800021925303284, 37.652100414284391 ], [ 126.800597204274354, 37.651110627050485 ], [ 126.801064634767485, 37.65031588282293 ], [ 126.801340206286454, 37.649855383655712 ], [ 126.801351977940357, 37.64983528927889 ], [ 126.801623818104488, 37.649361132980516 ], [ 126.802500285936304, 37.64784004529043 ], [ 126.802508200118737, 37.647826102329887 ], [ 126.802877809053271, 37.647164980007155 ], [ 126.803215210622881, 37.646592956524636 ], [ 126.803219081039998, 37.646586348360664 ], [ 126.803302106339274, 37.646443590245198 ], [ 126.803302387147099, 37.646443037744376 ], [ 126.80330273412487, 37.646442509546297 ], [ 126.803533375802616, 37.646045010371559 ], [ 126.803845153974379, 37.645511488618688 ], [ 126.803849905523023, 37.645503286017352 ], [ 126.804172999494199, 37.644940585562445 ], [ 126.804511817462853, 37.644361635678848 ], [ 126.804772259538495, 37.643923826571388 ], [ 126.804775767635093, 37.643917892150448 ], [ 126.805124608450114, 37.643324038715633 ], [ 126.805466756489849, 37.642748693643256 ], [ 126.805472665398227, 37.642738650972895 ], [ 126.805854600638284, 37.642082518432886 ], [ 126.805856832279105, 37.642078668803379 ], [ 126.806200963240215, 37.641482573682822 ], [ 126.806496604975223, 37.640973272313289 ], [ 126.806498566058139, 37.640969881642668 ], [ 126.806834442873722, 37.640387034816612 ], [ 126.807180176897432, 37.63980256941489 ], [ 126.80718221922001, 37.639799104100312 ], [ 126.807507977781654, 37.639244325919108 ], [ 126.807513049193957, 37.639235608406658 ], [ 126.807816889622458, 37.638708410616012 ], [ 126.808135415609016, 37.638164087158174 ], [ 126.808446525665886, 37.637634129406095 ], [ 126.808447961968938, 37.637631676326521 ], [ 126.80878175890426, 37.637060081309762 ], [ 126.808788179294496, 37.63704895533148 ], [ 126.809141932548158, 37.63642853128848 ], [ 126.809432554596185, 37.635919971015447 ], [ 126.809770431949019, 37.635357199238555 ], [ 126.809784577661176, 37.635333027659293 ], [ 126.810144349034971, 37.634702070217088 ], [ 126.81037066391022, 37.634311904730502 ], [ 126.81037430466813, 37.634305585387509 ], [ 126.811075057806434, 37.633080946382513 ], [ 126.8114069923231, 37.633018381530576 ], [ 126.814654949807903, 37.632538277850955 ], [ 126.815791993737392, 37.632384886559542 ], [ 126.816476064783245, 37.632438255130062 ], [ 126.817209039573683, 37.632607114982427 ], [ 126.818095009806356, 37.633001939517278 ], [ 126.819194901833725, 37.633803490567921 ], [ 126.82065786558195, 37.635036055781335 ], [ 126.820781815199169, 37.635130446802975 ], [ 126.821839894724533, 37.63585843305323 ], [ 126.821982108739604, 37.635946251645173 ], [ 126.822135204684187, 37.636021616096414 ], [ 126.822297465190601, 37.63608368098388 ], [ 126.823551859699094, 37.636499959661201 ], [ 126.823704821151523, 37.636544012256387 ], [ 126.823862377243501, 37.636576235945959 ], [ 126.824920940590431, 37.636750261212121 ], [ 126.825121445080555, 37.636773418411977 ], [ 126.825323989945133, 37.636777441731255 ], [ 126.826512651464057, 37.6367446668837 ], [ 126.826729578053559, 37.636727563312505 ], [ 126.828321004831338, 37.636519442201397 ], [ 126.832969574989534, 37.635936243021376 ], [ 126.835232269949955, 37.635682655836604 ], [ 126.836006162024177, 37.635730858958787 ], [ 126.836270306734434, 37.635785370700155 ], [ 126.837194092073588, 37.636240812667729 ], [ 126.837910038852129, 37.636694410818606 ], [ 126.838222149715264, 37.637053967082018 ], [ 126.838399182088637, 37.637492458775618 ], [ 126.838564674312238, 37.638828192702334 ], [ 126.838719478069507, 37.642279221442408 ], [ 126.838719635332097, 37.642282608005253 ], [ 126.838918522021885, 37.646424539617726 ], [ 126.838921112102369, 37.646463626872219 ], [ 126.839166777595864, 37.649369573054464 ], [ 126.839182325140214, 37.649482416688365 ], [ 126.839209724110248, 37.649593825452683 ], [ 126.839499696398093, 37.650556357326458 ], [ 126.839539309186108, 37.650666878011059 ], [ 126.839590584036841, 37.650774324549964 ], [ 126.840204782744365, 37.651912926467674 ], [ 126.84027162811276, 37.652022854086546 ], [ 126.841362764677768, 37.653627906827069 ], [ 126.842360809395302, 37.655218778317632 ], [ 126.842388346440899, 37.655260810001188 ], [ 126.843024231590405, 37.656191216213138 ], [ 126.843112476534614, 37.656306265446126 ], [ 126.843214689106972, 37.656413758989437 ], [ 126.843329853888633, 37.656512628899577 ], [ 126.84345682676738, 37.656601892904312 ], [ 126.843953324707087, 37.656917321754506 ], [ 126.844035494145814, 37.656966365160358 ], [ 126.844650287469463, 37.657310718408489 ], [ 126.844772047881278, 37.657372927104824 ], [ 126.844900021247611, 37.657426678776069 ], [ 126.84503328049189, 37.657471584023838 ], [ 126.845922250127813, 37.657736258805841 ], [ 126.846073221562364, 37.657774927324475 ], [ 126.846228068109923, 37.657802244614629 ], [ 126.846385442582232, 37.657817973010594 ], [ 126.84654397579402, 37.657821975671887 ], [ 126.847639562799941, 37.65780898575634 ], [ 126.847804024157952, 37.65780068626006 ], [ 126.847966702782301, 37.65777976996641 ], [ 126.84812607091682, 37.657746433304958 ], [ 126.850218909511895, 37.657221212381991 ], [ 126.854503134638037, 37.656261254313009 ], [ 126.854505152044297, 37.656260801166653 ], [ 126.869468507126214, 37.652890732432311 ], [ 126.873598155551264, 37.651962068197314 ], [ 126.8736080080443, 37.651959430909294 ], [ 126.873618059074886, 37.651957485797183 ], [ 126.873618409201953, 37.651957388283648 ], [ 126.873618813459274, 37.65195730989268 ], [ 126.875522012595269, 37.651508520057689 ], [ 126.875568831238709, 37.65149689269365 ], [ 126.877028210785994, 37.651115992642787 ], [ 126.877934074161644, 37.65095404381281 ], [ 126.87842788013748, 37.650955681476056 ], [ 126.885752465666727, 37.652990854538949 ], [ 126.885828480057214, 37.653010392080851 ], [ 126.890865825223344, 37.654201827078644 ], [ 126.890966521307561, 37.654222995224558 ], [ 126.893636130322008, 37.654715139878526 ], [ 126.893777680363158, 37.654736255395711 ], [ 126.893920970128079, 37.654747772155645 ], [ 126.894619592024398, 37.654780239209778 ], [ 126.894783398043472, 37.654781567129618 ], [ 126.894946604659893, 37.654770357218922 ], [ 126.895107697186376, 37.654746713513823 ], [ 126.895265180558937, 37.654710855445842 ], [ 126.89541759321466, 37.654663115805057 ], [ 126.896161761369882, 37.65439642081423 ], [ 126.89801894916333, 37.653801908932714 ], [ 126.898103775744303, 37.653772597896619 ], [ 126.90202502283708, 37.652315504962843 ], [ 126.909691366853053, 37.650105195080663 ], [ 126.914223731528821, 37.649450464261946 ], [ 126.914232358733983, 37.64944886657559 ], [ 126.914241043091195, 37.649447886345399 ], [ 126.914244724758987, 37.649447172486809 ], [ 126.914248554584688, 37.649446726212304 ], [ 126.917341580229717, 37.648961957237731 ], [ 126.917504134283163, 37.64892979072431 ], [ 126.917661918658879, 37.648885062407338 ], [ 126.918321543783321, 37.648668394629269 ], [ 126.918457759398578, 37.648617938515116 ], [ 126.918587840139779, 37.648558116756227 ], [ 126.918710769976443, 37.648489396613009 ], [ 126.919242103838869, 37.648163547705529 ], [ 126.919386121248195, 37.64806452135582 ], [ 126.919515311294049, 37.647953313098718 ], [ 126.919628054075375, 37.647831317421669 ], [ 126.919876425158066, 37.647528366612107 ], [ 126.919953281329313, 37.647424831979691 ], [ 126.920018265825945, 37.647316277766087 ], [ 126.920340789368652, 37.646709344699623 ], [ 126.920397214118339, 37.646587034621909 ], [ 126.920438571277202, 37.646460974071836 ], [ 126.920464476886991, 37.646332333624926 ], [ 126.920474690474279, 37.646202307807165 ], [ 126.920490420125745, 37.645320181731137 ], [ 126.920476960151689, 37.645130165003984 ], [ 126.920226610321563, 37.643567498287716 ], [ 126.92010418919638, 37.642162118978433 ], [ 126.920292969032474, 37.639842102002909 ], [ 126.92029419513068, 37.639825437206966 ], [ 126.920514483339289, 37.636476746943359 ], [ 126.92084897676817, 37.632383830665937 ], [ 126.920851156833578, 37.632350983836417 ], [ 126.920995060962312, 37.629531475713023 ], [ 126.921061740878628, 37.628952420081603 ], [ 126.921261222037288, 37.628204182363149 ], [ 126.921517723081763, 37.627267465346463 ], [ 126.921550453148015, 37.627095162932044 ], [ 126.921630984313353, 37.626347481266613 ], [ 126.921636918455192, 37.626208040104565 ], [ 126.921616049973963, 37.625274981452044 ], [ 126.921601228681823, 37.621631944117468 ], [ 126.92164233679199, 37.621441645377622 ], [ 126.923157576862607, 37.621354108052877 ], [ 126.9234716596971, 37.621546312239879 ], [ 126.923621539745895, 37.621628265595518 ], [ 126.9246513502314, 37.62212901797097 ], [ 126.924778080428368, 37.622184883162255 ], [ 126.924910331987519, 37.622231960408847 ], [ 126.925897305821451, 37.622543840188449 ], [ 126.92605796480025, 37.622587354927717 ], [ 126.926223278794438, 37.622617908964855 ], [ 126.926685599473785, 37.622684204110406 ], [ 126.926773316996758, 37.622694909901689 ], [ 126.927346393041503, 37.622752716367359 ], [ 126.928033557601211, 37.622862003625848 ], [ 126.928243285010765, 37.622884669117035 ], [ 126.928878032080505, 37.622921458205511 ], [ 126.929038058575671, 37.622924721071954 ], [ 126.92919776128663, 37.622915995255461 ], [ 126.929781200186184, 37.622862064430507 ], [ 126.929922078578855, 37.622844248711822 ], [ 126.930060582692093, 37.622817100009108 ], [ 126.930390775089577, 37.622740554653525 ], [ 126.930448943590349, 37.622726165527908 ], [ 126.931021040597471, 37.622575649900902 ], [ 126.931180849267406, 37.622526364446649 ], [ 126.931333604844937, 37.622464527903183 ], [ 126.9314777539864, 37.62239076908179 ], [ 126.931731920061665, 37.622245801555401 ], [ 126.931860186330496, 37.622164929221803 ], [ 126.932120083055636, 37.621984191695319 ], [ 126.932206879861965, 37.621919429277888 ], [ 126.932744977063862, 37.621488786661644 ], [ 126.932880037849927, 37.621366838810744 ], [ 126.932995726165444, 37.621232881488794 ], [ 126.933391715645001, 37.620709512988299 ], [ 126.933409541316323, 37.620685391580921 ], [ 126.933706522568713, 37.620273828570205 ], [ 126.933979127594981, 37.619909448798964 ], [ 126.934000559374084, 37.61987996272363 ], [ 126.93421267683199, 37.619579454596121 ], [ 126.934259356561853, 37.619508475516447 ], [ 126.93458481398882, 37.618975739810381 ], [ 126.934598606154267, 37.618950024811483 ], [ 126.934614212286974, 37.618924974468747 ], [ 126.934617900521999, 37.618917225109044 ], [ 126.934622427925305, 37.618909728044216 ], [ 126.934635414151373, 37.618881397521655 ], [ 126.934650267102299, 37.618853704647556 ], [ 126.934660824101869, 37.618827038140601 ], [ 126.934673268235102, 37.618800891659639 ], [ 126.934675984701258, 37.618792889372209 ], [ 126.934679565223973, 37.61878507814253 ], [ 126.934688996450873, 37.618755875951734 ], [ 126.934700367172212, 37.618727153938401 ], [ 126.934707587350715, 37.618699792741026 ], [ 126.93471674965474, 37.618672801931304 ], [ 126.934819051971047, 37.61829952088803 ], [ 126.936162435752081, 37.616703728333533 ], [ 126.937090909475955, 37.616063585427369 ], [ 126.938630155460871, 37.615422481027103 ], [ 126.938800429138126, 37.615341138217843 ], [ 126.940217780972361, 37.614570961065915 ], [ 126.94034098881518, 37.614497275277841 ], [ 126.940455297131606, 37.61441501246243 ], [ 126.940559765639847, 37.614324849321676 ], [ 126.941879416000234, 37.613076751711098 ], [ 126.943072901270952, 37.612104007658147 ], [ 126.958351231635589, 37.60021694915865 ], [ 126.958353152863864, 37.600215451642896 ], [ 126.965597303188986, 37.594559340996426 ], [ 126.968544155506407, 37.592355113175906 ], [ 126.968649397587285, 37.592269071584461 ], [ 126.968744631120629, 37.592175939456723 ], [ 126.96995136890979, 37.590882462972246 ], [ 126.970042773007762, 37.590773890490219 ], [ 126.970120576774363, 37.590658802906894 ], [ 126.970184053321859, 37.590538275531131 ], [ 126.970232609636525, 37.590413434492717 ], [ 126.971402342095658, 37.586795104783107 ], [ 126.971424165476449, 37.586718417535906 ], [ 126.973782088600444, 37.577147487096546 ], [ 126.976826594430264, 37.576918513635661 ], [ 126.978751179516806, 37.577140868528687 ], [ 126.979751904464536, 37.577276648925732 ], [ 126.979942114104858, 37.577293748555839 ], [ 126.980133533331298, 37.577293707772284 ], [ 126.980323731448266, 37.577276527091982 ], [ 126.982320737493964, 37.577004684503152 ], [ 126.982353847439441, 37.576999908005128 ], [ 126.9826810097898, 37.576950041871342 ], [ 126.982865701918954, 37.576965130874342 ], [ 126.983586553682102, 37.577214957724721 ], [ 126.984484782907188, 37.577614305647266 ], [ 126.985529637179653, 37.578108297206676 ], [ 126.985585275309646, 37.578133485287943 ], [ 126.986313162264224, 37.578448710019522 ], [ 126.986501900758071, 37.578518872955506 ], [ 126.986700010696765, 37.578570122765953 ], [ 126.987213339412392, 37.578675711281157 ], [ 126.987403170347307, 37.578705695521101 ], [ 126.987596054614954, 37.578718300766987 ], [ 126.989301368397747, 37.578752136556524 ], [ 126.989372364366588, 37.578752363576633 ], [ 126.989855272110574, 37.578745874207804 ], [ 126.99004526548822, 37.578734818274128 ], [ 126.990140923499609, 37.57872493569198 ], [ 126.990306405180661, 37.578701159953646 ], [ 126.990468122465131, 37.578664479591389 ], [ 126.990546951964347, 37.57864318993596 ], [ 126.990699331630722, 37.578595400490009 ], [ 126.990845220264958, 37.578536154036961 ], [ 126.990983261698645, 37.578466001332849 ], [ 126.99111217272123, 37.57838559451681 ], [ 126.991230755009497, 37.578295681048139 ], [ 126.991275482342687, 37.578258331664486 ], [ 126.991404899994478, 37.578136636267075 ], [ 126.991515417331954, 37.57800366181543 ], [ 126.991574532172166, 37.577922509307477 ], [ 126.991648806776084, 37.577808361102527 ], [ 126.991709124277804, 37.577689114696362 ], [ 126.991754939462751, 37.577565848099923 ], [ 126.991968791364584, 37.576870491471112 ], [ 126.991976911317579, 37.5768428336591 ], [ 126.992446910391863, 37.575162431801175 ], [ 126.992846850970196, 37.573956894637973 ], [ 126.992866510229007, 37.573956107420784 ], [ 126.993769066784509, 37.573878353293722 ], [ 126.993953542065498, 37.573854224138138 ], [ 126.994133568495954, 37.573814105795762 ], [ 126.994306965376836, 37.573758484229543 ], [ 126.994471632326494, 37.573688033195744 ], [ 126.995549533233444, 37.573164049643523 ], [ 126.995678586227442, 37.573094654942125 ], [ 126.996773598947655, 37.57244571297575 ], [ 126.997411513920213, 37.572083131106467 ], [ 126.998726400029014, 37.57215806568513 ], [ 127.001774931939465, 37.572352396855337 ], [ 127.001819650403164, 37.572353493980387 ], [ 127.001864259876868, 37.57235620905162 ], [ 127.004246891068846, 37.572407839176719 ], [ 127.004250151080527, 37.57240790729356 ], [ 127.005887080365355, 37.572440847466304 ], [ 127.005596072287702, 37.572745364899596 ], [ 127.005586657137854, 37.572755311816792 ], [ 127.004028342879153, 37.574417465895543 ], [ 127.003773723891925, 37.57466574138121 ], [ 127.003769342108384, 37.57466877254771 ], [ 127.003725290105223, 37.574688684345411 ], [ 127.003648952198873, 37.574713316807141 ], [ 127.00363941637535, 37.574715244198842 ], [ 127.003049437923337, 37.574749352045359 ], [ 127.002899612988074, 37.574763358729555 ], [ 127.00266288163948, 37.574794024416683 ], [ 127.002508723106345, 37.574819884844722 ], [ 127.002358237667735, 37.574857001229091 ], [ 127.00221271970716, 37.574905054318194 ], [ 127.00202001079515, 37.574977200352919 ], [ 127.001862970223158, 37.575044212704 ], [ 127.00171561308828, 37.575123949269646 ], [ 127.001546559460863, 37.575226141325331 ], [ 127.001448978009634, 37.57528981245725 ], [ 127.001357603912155, 37.575359073036097 ], [ 127.001215607002564, 37.575475008821194 ], [ 127.001122734483729, 37.575557320155468 ], [ 127.001038628010548, 37.575645399253759 ], [ 127.00096385074238, 37.575738656389539 ], [ 127.000831239432202, 37.575919996580467 ], [ 127.000739678208774, 37.576064446419622 ], [ 127.000670452170652, 37.576216566920088 ], [ 127.000627884786397, 37.576331089911974 ], [ 127.0005938613415, 37.576438670091875 ], [ 127.000571034032802, 37.576548108167451 ], [ 127.000544724550608, 37.576716831099006 ], [ 127.000535575188948, 37.576793158824479 ], [ 127.000490147230437, 37.577333963055032 ], [ 127.000486636845011, 37.57739989816703 ], [ 127.000469300858953, 37.578168935716491 ], [ 127.000407056066436, 37.58079084743774 ], [ 127.000233499937465, 37.581947168039299 ], [ 127.000030554394939, 37.583104079125867 ], [ 127.000028729518633, 37.583114794601848 ], [ 126.999802830083595, 37.58448229546854 ], [ 126.999705407719702, 37.585012370034995 ], [ 126.999691837775543, 37.585111728724094 ], [ 126.999687528131204, 37.585211613681679 ], [ 126.999688515569346, 37.585508402310346 ], [ 126.999696124577952, 37.585632687394529 ], [ 126.999718060087744, 37.585755889378838 ], [ 126.999754136360139, 37.585876964657636 ], [ 126.999877295081902, 37.586219275942426 ], [ 126.99993484594242, 37.58635255082806 ], [ 127.000094115463099, 37.586667009879733 ], [ 127.000172766750751, 37.586800731574051 ], [ 127.000269272498997, 37.586926830960948 ], [ 127.000605519055085, 37.587316558763717 ], [ 127.000694114496625, 37.587410260437593 ], [ 127.000792580012202, 37.587497500469368 ], [ 127.001219982948797, 37.587844634506396 ], [ 127.001351351870227, 37.587940680883705 ], [ 127.001662829381885, 37.588145483102046 ], [ 127.001738618863129, 37.588192509876102 ], [ 127.002047237105458, 37.5883730714663 ], [ 127.002258485575396, 37.588478582926086 ], [ 127.002750746122601, 37.588686034484326 ], [ 127.002804812551801, 37.58870784558443 ], [ 127.00366307457449, 37.58903889480596 ], [ 127.003675392144956, 37.589043597305078 ], [ 127.005404179016949, 37.58969678958546 ], [ 127.008889336082262, 37.591221850521833 ], [ 127.012441441945626, 37.593047293116022 ], [ 127.012574792565388, 37.593109176144992 ], [ 127.013109725387466, 37.593332146232257 ], [ 127.013237818622883, 37.593380234692752 ], [ 127.01360950225002, 37.593504977634581 ], [ 127.013769843954435, 37.593551392114456 ], [ 127.013935227507133, 37.593584776501189 ], [ 127.014582340883493, 37.59368819542744 ], [ 127.014291730074092, 37.595076949769805 ], [ 127.014130778872996, 37.595418620925379 ], [ 127.013792338405182, 37.596015148845588 ], [ 127.013383116015035, 37.59668696800788 ], [ 127.013096349633628, 37.597143474503142 ], [ 127.013041904631081, 37.597239292038573 ], [ 127.012996983370826, 37.597338186547475 ], [ 127.01281157421117, 37.59780205430868 ], [ 127.012753920959568, 37.597993659111395 ], [ 127.012277326943291, 37.600312946429007 ], [ 127.012276318939541, 37.600317909527604 ], [ 127.011866712007148, 37.60235871671096 ], [ 127.011820904036369, 37.602568404210757 ], [ 127.011685703789695, 37.602659696453223 ], [ 127.011233306759877, 37.602932146725131 ], [ 127.011057166319262, 37.60305424807585 ], [ 127.010699451501324, 37.603338914506807 ], [ 127.01059253793288, 37.603432345423556 ], [ 127.010497053848994, 37.6035333089836 ], [ 127.010298331443764, 37.603765250008522 ], [ 127.010213209748457, 37.603875608150886 ], [ 127.010141747290518, 37.603991938535884 ], [ 127.010084599568358, 37.604113174213566 ], [ 127.009965385396086, 37.604408359678445 ], [ 127.009939477833157, 37.604479066551377 ], [ 127.009740854285695, 37.605081786310286 ], [ 127.009411746406798, 37.605876907759104 ], [ 127.008728987861787, 37.607114483321503 ], [ 127.008659466002072, 37.607263837935534 ], [ 127.008235557551771, 37.608370775132641 ], [ 127.008206363141369, 37.608457162625868 ], [ 127.007980127742115, 37.609227379706383 ], [ 127.00774921542309, 37.609837113606773 ], [ 127.007383579001043, 37.610401347682973 ], [ 127.007359227695659, 37.610440462936069 ], [ 127.006986580254008, 37.61106415430595 ], [ 127.006690291439469, 37.611521950784564 ], [ 127.006671591440607, 37.611554699568124 ], [ 127.006651059575987, 37.611586746438199 ], [ 127.006643521744849, 37.611602061985927 ], [ 127.006634583779217, 37.61161689328091 ], [ 127.006628578763184, 37.611630026341551 ], [ 127.00662131334343, 37.611642750029937 ], [ 127.006606738374401, 37.611676799229187 ], [ 127.006590253877164, 37.611710292732056 ], [ 127.006395416152486, 37.61217167025066 ], [ 127.006346919665575, 37.612310678191541 ], [ 127.006317318004534, 37.612453005464054 ], [ 127.006264342340657, 37.612832518884936 ], [ 127.006254451054318, 37.61294923314226 ], [ 127.006257279438543, 37.613066190693743 ], [ 127.006272806378703, 37.613182515956566 ], [ 127.006300915693416, 37.613297338077459 ], [ 127.00638045035771, 37.613560882809871 ], [ 127.006420798673844, 37.613673024458215 ], [ 127.006473148065822, 37.613781982104747 ], [ 127.00653710891217, 37.613886944701541 ], [ 127.006612205153516, 37.613987130935271 ], [ 127.006890531348759, 37.614324457708911 ], [ 127.006935468730234, 37.614376251470468 ], [ 127.007278673272779, 37.614752762384718 ], [ 127.007408722877074, 37.614923428162491 ], [ 127.007415516400954, 37.614939636244003 ], [ 127.007405946033273, 37.615056511469589 ], [ 127.007195837539115, 37.615808900129402 ], [ 127.007186335422119, 37.615845281032193 ], [ 127.006868396257389, 37.617152502316188 ], [ 127.006847613737804, 37.617261694361829 ], [ 127.006838103933887, 37.61737187136459 ], [ 127.00682488587195, 37.617751382409708 ], [ 127.006828484602195, 37.617884382452324 ], [ 127.006848498005184, 37.618016457320728 ], [ 127.006941308209747, 37.618448671903572 ], [ 127.006971163740801, 37.618559492635505 ], [ 127.007012583317419, 37.618667934902007 ], [ 127.007065275913618, 37.618773236626012 ], [ 127.007290615956379, 37.61917381703352 ], [ 127.007368326071116, 37.619295165858944 ], [ 127.007460989667422, 37.61940968047972 ], [ 127.007567666582261, 37.619516198950464 ], [ 127.007965298654554, 37.619874599075089 ], [ 127.008133662808007, 37.620006589231146 ], [ 127.008504781657777, 37.620259569869418 ], [ 127.00866244764255, 37.620354953692349 ], [ 127.008832994712122, 37.620435098809622 ], [ 127.011072937112317, 37.621352059562412 ], [ 127.01117319091162, 37.621389859594309 ], [ 127.011478036740428, 37.621495249828769 ], [ 127.011634486628594, 37.621542203149907 ], [ 127.011795979827582, 37.621576701640755 ], [ 127.011960953319544, 37.621598411404754 ], [ 127.012305549535057, 37.621630001864702 ], [ 127.012435302942663, 37.621637907994398 ], [ 127.012565436515004, 37.621637895016065 ], [ 127.01362632250509, 37.621605457639895 ], [ 127.013665596306751, 37.621602716794285 ], [ 127.013704995838722, 37.621601596966983 ], [ 127.018222468223883, 37.62129605065978 ], [ 127.018698298420986, 37.621264435687557 ], [ 127.018830777235351, 37.621251264881593 ], [ 127.018828871996988, 37.62130135233668 ], [ 127.018840193984076, 37.621433724568817 ], [ 127.018867773537963, 37.621564576679233 ], [ 127.018911345134825, 37.621692648479979 ], [ 127.018970489231762, 37.621816706552949 ], [ 127.019044636304386, 37.621935556128889 ], [ 127.019133072328984, 37.622048052594586 ], [ 127.019234945657033, 37.622153112517182 ], [ 127.019349275215461, 37.622249724079346 ], [ 127.019474959954167, 37.622336956824881 ], [ 127.019610789449374, 37.622413970620876 ], [ 127.019755455561167, 37.622480023749908 ], [ 127.019907565032611, 37.622534480054497 ], [ 127.020065652909295, 37.622576815064704 ], [ 127.020228196649825, 37.622606621050139 ], [ 127.020393630791276, 37.622623610947358 ], [ 127.020560362028633, 37.62262762112514 ], [ 127.020726784562186, 37.622618612960636 ], [ 127.020891295565789, 37.622596673211405 ], [ 127.021052310626146, 37.622562013179795 ], [ 127.021208279004796, 37.622514966677564 ], [ 127.021357698575414, 37.622455986810422 ], [ 127.021499130292753, 37.622385641613548 ], [ 127.021631212053336, 37.622304608580045 ], [ 127.021752671814767, 37.622213668135196 ], [ 127.021862339847175, 37.622113696119222 ], [ 127.021959159998545, 37.622005655351167 ], [ 127.022042199865439, 37.621890586355143 ], [ 127.022110659771798, 37.621769597338236 ], [ 127.022163880468341, 37.621643853516787 ], [ 127.022201349479417, 37.621514565893619 ], [ 127.022284360774776, 37.621146433373589 ], [ 127.02229899886558, 37.621068514666732 ], [ 127.022338680235222, 37.620804958423022 ], [ 127.022350520524711, 37.62066589552262 ], [ 127.022344298047358, 37.620526601975925 ], [ 127.022320079037627, 37.620388558225812 ], [ 127.022253730895571, 37.620114480034204 ], [ 127.022217515878665, 37.619994606912336 ], [ 127.022167723519303, 37.619877856224818 ], [ 127.022104767910562, 37.619765198769926 ], [ 127.021985433423453, 37.619575465941189 ], [ 127.021903977055771, 37.619460374587788 ], [ 127.021808791681934, 37.619352154409832 ], [ 127.021700785719077, 37.619251838158704 ], [ 127.021475428673298, 37.619062124264808 ], [ 127.021368591622505, 37.618979729045861 ], [ 127.021253104036589, 37.618905082598324 ], [ 127.021129851127469, 37.618838757070989 ], [ 127.020999777618741, 37.61878126083306 ], [ 127.020602143927917, 37.618623201680904 ], [ 127.020435027169981, 37.618565456514069 ], [ 127.020261099920461, 37.618522272501103 ], [ 127.020082360786049, 37.618494145868638 ], [ 127.019804040455668, 37.618462567089551 ], [ 127.019658055553634, 37.618451089648417 ], [ 127.019511370215866, 37.618449667796803 ], [ 127.019365077063966, 37.618458312125277 ], [ 127.018914487715634, 37.618500553075492 ], [ 127.018833657305166, 37.618509700999212 ], [ 127.018345832566752, 37.618574452720416 ], [ 127.017938223691743, 37.618601534935031 ], [ 127.017935652023013, 37.618601707360426 ], [ 127.01345633494202, 37.618904674944382 ], [ 127.012589548298635, 37.618931178243741 ], [ 127.012579137400223, 37.61892757903658 ], [ 127.010565624842243, 37.618103320350592 ], [ 127.010435653910136, 37.618014724766113 ], [ 127.010287727306576, 37.617881397510786 ], [ 127.010255909790928, 37.617824840604356 ], [ 127.010227540609307, 37.617692753675932 ], [ 127.010232249457019, 37.617557378464163 ], [ 127.010519263542932, 37.616377089122629 ], [ 127.010752622479799, 37.615541307660109 ], [ 127.010775998454022, 37.615439217854195 ], [ 127.010789462438382, 37.615336002581074 ], [ 127.010829149301657, 37.61485106877609 ], [ 127.010831885127999, 37.614720374591002 ], [ 127.010818742468146, 37.614590081057521 ], [ 127.010789844251988, 37.614461406058446 ], [ 127.010745460676887, 37.614335552341686 ], [ 127.01057312365883, 37.613924431400704 ], [ 127.010503249590428, 37.613784307793715 ], [ 127.010414200512926, 37.613651243074514 ], [ 127.010149111353272, 37.613303381409509 ], [ 127.010071620583005, 37.613210552367867 ], [ 127.009710484495287, 37.612814386275474 ], [ 127.009709994694362, 37.612813792675013 ], [ 127.009771334015724, 37.612668525572516 ], [ 127.010020970678639, 37.612282786879518 ], [ 127.010044910667574, 37.612244305043831 ], [ 127.010417346220407, 37.611620926131664 ], [ 127.010841983613489, 37.610965602500265 ], [ 127.010906928466923, 37.610852983219125 ], [ 127.010958640066946, 37.610736106920662 ], [ 127.011250058840275, 37.609966515793374 ], [ 127.011277719518844, 37.609884147657738 ], [ 127.011503321783721, 37.609115971437774 ], [ 127.01188157452512, 37.608128142030111 ], [ 127.012556620559778, 37.60690445206361 ], [ 127.012614636269731, 37.606783961035006 ], [ 127.012985505014029, 37.60588785288035 ], [ 127.013015204557306, 37.605807864500839 ], [ 127.01321536036906, 37.60520041490863 ], [ 127.013238656114424, 37.605142726437919 ], [ 127.013377932554945, 37.605031888575958 ], [ 127.013774790972448, 37.604792881499918 ], [ 127.013848763553924, 37.604745691958676 ], [ 127.014285974027302, 37.604450464493368 ], [ 127.014397252531424, 37.604368241374608 ], [ 127.014498859655006, 37.604278442451239 ], [ 127.014589983908607, 37.604181784937296 ], [ 127.014669897536777, 37.604079040822825 ], [ 127.014921583455745, 37.603720581961582 ], [ 127.015005214481832, 37.603583959079288 ], [ 127.015069045911815, 37.603440732262072 ], [ 127.015112271420946, 37.603292711023066 ], [ 127.015217144178976, 37.602812555880753 ], [ 127.015218576852149, 37.602803333023409 ], [ 127.015220982097588, 37.602794239160744 ], [ 127.015631841755081, 37.600746733319269 ], [ 127.016087798997049, 37.598527391375349 ], [ 127.016195429826709, 37.598258085054198 ], [ 127.016427595809247, 37.597888473216756 ], [ 127.016436745979036, 37.597873681064897 ], [ 127.01686056641293, 37.597177849870974 ], [ 127.016880195487389, 37.597144470699661 ], [ 127.017251021226116, 37.596490813555867 ], [ 127.017293411232686, 37.59640906123412 ], [ 127.017531775152236, 37.595903010364346 ], [ 127.017581964766336, 37.595778416955774 ], [ 127.017616783655541, 37.595650546815506 ], [ 127.01769386591701, 37.595282118274959 ], [ 127.018829285545635, 37.596286541618525 ], [ 127.019703233430718, 37.59712625280676 ], [ 127.019817239664675, 37.597340221434401 ], [ 127.020091061080251, 37.598884574071221 ], [ 127.020199923584798, 37.599860996176041 ], [ 127.020230847174389, 37.600024260425528 ], [ 127.020286552700739, 37.600183308138675 ], [ 127.020461418028475, 37.600585720324737 ], [ 127.020540321251701, 37.600736951173694 ], [ 127.020707683985108, 37.601009776317127 ], [ 127.020805269573799, 37.601147725810257 ], [ 127.020922452473314, 37.601275654526425 ], [ 127.021207279139091, 37.601551141426341 ], [ 127.02133064628859, 37.601658183742266 ], [ 127.021947938517158, 37.602139155411408 ], [ 127.022120294083194, 37.602256576418547 ], [ 127.023001695037962, 37.602780119160869 ], [ 127.023145020526826, 37.60302853182101 ], [ 127.023562375411586, 37.603904304703526 ], [ 127.023565648057058, 37.603910270941483 ], [ 127.023568244672461, 37.603916444070748 ], [ 127.024057437937117, 37.604913880891502 ], [ 127.024123587743276, 37.605031792006415 ], [ 127.024203574446403, 37.605144144799709 ], [ 127.024571969317137, 37.605608405510772 ], [ 127.024652256384883, 37.605700838874597 ], [ 127.024741913387672, 37.605787649324952 ], [ 127.026234819376953, 37.607116467794796 ], [ 127.02732229358989, 37.608170263111653 ], [ 127.028199838531293, 37.609134752712286 ], [ 127.028420526168389, 37.609399392038327 ], [ 127.028482296758952, 37.609500266612962 ], [ 127.02848825035872, 37.609517755703983 ], [ 127.028561732990397, 37.610178788937624 ], [ 127.028642447290395, 37.611046545687302 ], [ 127.028450463933666, 37.613205822965575 ], [ 127.02844997298962, 37.613211339242064 ], [ 127.028449972782354, 37.613211346876597 ], [ 127.028449965250573, 37.61321143158554 ], [ 127.028449707070777, 37.613220971314668 ], [ 127.02844844278988, 37.613230460103424 ], [ 127.028237647079507, 37.616194563048062 ], [ 127.028237124446818, 37.616202305341417 ], [ 127.028214606632531, 37.616554755286614 ], [ 127.0281436653258, 37.616776473707134 ], [ 127.028007446416268, 37.617081067176073 ], [ 127.027966972206571, 37.617184522941763 ], [ 127.027097627507032, 37.619767093257749 ], [ 127.024565904154343, 37.625941750545032 ], [ 127.024563546846807, 37.625948627255141 ], [ 127.024560441811715, 37.625955313463855 ], [ 127.022577866177116, 37.63096839935676 ], [ 127.022576911739534, 37.630970820482609 ], [ 127.021980303312148, 37.632489196311674 ], [ 127.021931451679308, 37.632645801372867 ], [ 127.021727398443247, 37.633520368644717 ], [ 127.021708131186784, 37.633626071062999 ], [ 127.02158941398821, 37.634526686102326 ], [ 127.021584015492195, 37.634576510884237 ], [ 127.021544669149222, 37.635039654837371 ], [ 127.021543821657374, 37.635211331521788 ], [ 127.021562512239612, 37.635460397156216 ], [ 127.021576971251875, 37.635573224614987 ], [ 127.021603270219686, 37.635684691381989 ], [ 127.021641224135209, 37.635794013088699 ], [ 127.021720793148091, 37.635990647000284 ], [ 127.021784966191134, 37.636124468808909 ], [ 127.021978004168375, 37.636470712671155 ], [ 127.022030908712225, 37.636557169359584 ], [ 127.022279901304941, 37.63692978061389 ], [ 127.022375533107692, 37.637055813784528 ], [ 127.022487828125165, 37.637172831967412 ], [ 127.024421583960461, 37.638975249018465 ], [ 127.028255635616631, 37.642562683987634 ], [ 127.028294936811605, 37.6425981776272 ], [ 127.030214214262188, 37.644271517886075 ], [ 127.030405660525602, 37.644514037164981 ], [ 127.031245989811509, 37.646001437368909 ], [ 127.031273838676199, 37.646048304465999 ], [ 127.033087532879861, 37.648954852721367 ], [ 127.034519356280867, 37.651534413826909 ], [ 127.034554136829982, 37.651593205410045 ], [ 127.034677672391098, 37.651789626508261 ], [ 127.0346978291997, 37.65182066658123 ], [ 127.034755504473338, 37.651906736001905 ], [ 127.034832824812725, 37.652010655471734 ], [ 127.03492149806533, 37.652108675722076 ], [ 127.035020817020879, 37.652200014948036 ], [ 127.035129989550668, 37.652283944629431 ], [ 127.035248144925134, 37.6523597953421 ], [ 127.035313521710918, 37.652398059992258 ], [ 127.035484878170024, 37.652486257324959 ], [ 127.035668292706816, 37.652557493478021 ], [ 127.03573635222979, 37.65258001170762 ], [ 127.03589586762979, 37.65262551630488 ], [ 127.03606028791458, 37.652658170499706 ], [ 127.036227979870205, 37.652677649931128 ], [ 127.037464808013866, 37.65277156657816 ], [ 127.039492360918217, 37.652927652267337 ], [ 127.039502980190065, 37.652928442951179 ], [ 127.04106065056132, 37.653040495697887 ], [ 127.042137649955976, 37.653241556130212 ], [ 127.043109206997485, 37.653465610241469 ], [ 127.045560574546329, 37.654066674884433 ], [ 127.044237743649788, 37.657347352448518 ], [ 127.043570790755439, 37.65892752901302 ], [ 127.043519703721927, 37.659076164109585 ], [ 127.043236253185142, 37.660134834525159 ], [ 127.043203374961422, 37.660319269927562 ], [ 127.042964910009317, 37.662953660755463 ], [ 127.042801297827765, 37.664749007503623 ], [ 127.042799183966878, 37.664775925782067 ], [ 127.042624209385238, 37.667429375203646 ], [ 127.042473547099192, 37.668727742473493 ], [ 127.042468606248306, 37.668782419966881 ], [ 127.042412946440336, 37.669641890305613 ], [ 127.042416006700179, 37.669818138612627 ], [ 127.042545614828569, 37.671118926421933 ], [ 127.042548216260172, 37.671142427669352 ], [ 127.042783445732425, 37.673074229376176 ], [ 127.042796821152635, 37.673157206251418 ], [ 127.043318193843945, 37.675751873417084 ], [ 127.043911061015535, 37.679567683092344 ], [ 127.044359104494291, 37.682792505562709 ], [ 127.044592877819355, 37.684721013358576 ], [ 127.044653361650333, 37.685879903250942 ], [ 127.044546210545619, 37.686991587286577 ], [ 127.044541688079747, 37.68706386591596 ], [ 127.044513066116295, 37.688056226511669 ], [ 127.044353857775462, 37.689434456705079 ], [ 127.044353097923874, 37.689448670771768 ], [ 127.044350961853766, 37.689462796027854 ], [ 127.044014720112031, 37.693245740960037 ], [ 127.043818882294943, 37.694353408421797 ], [ 127.043802358030845, 37.694548487399999 ], [ 127.043809151613416, 37.695593734110659 ], [ 127.043812000497667, 37.695665266917963 ], [ 127.043934726218254, 37.697341607917409 ], [ 127.043948072574281, 37.697449314550788 ], [ 127.044384240069576, 37.699941368529046 ], [ 127.044402724117077, 37.70002679952006 ], [ 127.045287607983127, 37.703454377372914 ], [ 127.046004869897132, 37.707014632702069 ], [ 127.046078614829639, 37.70772540781617 ], [ 127.046016618844988, 37.708366004647822 ], [ 127.045679095811153, 37.710064004592965 ], [ 127.04567904323801, 37.710064391473175 ], [ 127.045678943461638, 37.710064772442223 ], [ 127.044972974594401, 37.713629375483073 ], [ 127.044968044240477, 37.713655990753807 ], [ 127.044740601825495, 37.714974714847706 ], [ 127.044731373463748, 37.715039966985245 ], [ 127.044611890030851, 37.716120792521885 ], [ 127.044606618043844, 37.716290938315012 ], [ 127.044643595468159, 37.717055981782401 ], [ 127.044658939856461, 37.71719246304685 ], [ 127.044855197510103, 37.718300580060081 ], [ 127.045143353704162, 37.71996899309854 ], [ 127.045556066985625, 37.723755252139227 ], [ 127.045503345797499, 37.72405453675217 ], [ 127.045487718816531, 37.72405890787573 ], [ 127.045366575038486, 37.724064797243223 ], [ 127.044509030140972, 37.724097907522911 ], [ 127.044376285296352, 37.724107180581612 ], [ 127.04421158906554, 37.724123867764241 ], [ 127.044037069142604, 37.724148948755186 ], [ 127.04386678213875, 37.724188317718934 ], [ 127.043724481308146, 37.724227711163351 ], [ 127.043539017372126, 37.724289024870373 ], [ 127.043356612616535, 37.724359628748275 ], [ 127.043207295258014, 37.724424968556562 ], [ 127.043066955269055, 37.724501844470915 ], [ 127.042935474951022, 37.724581870699936 ], [ 127.042827474245129, 37.724653419611691 ], [ 127.042727278311943, 37.724731806058465 ], [ 127.042635571168915, 37.724816494931297 ], [ 127.04256661852466, 37.724885764999613 ], [ 127.042472048397698, 37.724990700873164 ], [ 127.042402892723317, 37.725075737102799 ], [ 127.042304698703802, 37.725213575500064 ], [ 127.042240982216498, 37.725316676208003 ], [ 127.042151149638329, 37.725492151151826 ], [ 127.04211602103446, 37.725577463284203 ], [ 127.042079512373832, 37.725679518327119 ], [ 127.042053191180074, 37.725783532987933 ], [ 127.042035018386656, 37.725873487784625 ], [ 127.042014699220204, 37.726037357141628 ], [ 127.042010791631583, 37.726120670019391 ], [ 127.042009700534862, 37.726157189362333 ], [ 127.042003066113324, 37.72667297091612 ], [ 127.042003031874344, 37.726675955157397 ], [ 127.041992786411711, 37.727691988243095 ], [ 127.041973198101715, 37.72877552202285 ], [ 127.041978998354551, 37.728908118095504 ], [ 127.042001134211475, 37.729039624126329 ], [ 127.042039392576555, 37.729168773631905 ], [ 127.042093405079356, 37.729294322817147 ], [ 127.042162651619464, 37.729415062554253 ], [ 127.042246465372685, 37.729529830028078 ], [ 127.042344039210832, 37.72963751993565 ], [ 127.042454433472884, 37.729737095131995 ], [ 127.042576585013506, 37.729827596619621 ], [ 127.042709317441279, 37.729908152785555 ], [ 127.042851352448096, 37.72997798779663 ], [ 127.043001322120844, 37.730036429072626 ], [ 127.043157782116737, 37.730082913764662 ], [ 127.043319225575047, 37.730116994176804 ], [ 127.043484097631492, 37.730138342078604 ], [ 127.043650810395476, 37.730146751866627 ], [ 127.043817758245368, 37.730142142545162 ], [ 127.043983333294861, 37.730124558506283 ], [ 127.044145940881322, 37.730094169102358 ], [ 127.044304014926198, 37.73005126701473 ], [ 127.044456033020538, 37.729996265434458 ], [ 127.044600531089131, 37.729929694082315 ], [ 127.044736117492604, 37.729852194106279 ], [ 127.044861486431287, 37.729764511905763 ], [ 127.044975430522086, 37.729667491942216 ], [ 127.045076852426419, 37.729562068605127 ], [ 127.045164775418215, 37.729449257212082 ], [ 127.045238352789298, 37.729330144229358 ], [ 127.045296876002269, 37.729205876807534 ], [ 127.045339781512055, 37.729077651732716 ], [ 127.045366656190595, 37.728946703899993 ], [ 127.045377241302702, 37.728814294419955 ], [ 127.045396857412271, 37.727726468768822 ], [ 127.045396977864698, 37.72771788648199 ], [ 127.045406488842076, 37.726770392290568 ], [ 127.045542546024947, 37.726765138651118 ], [ 127.045563878512453, 37.72676420829405 ], [ 127.045638049021036, 37.726760602557889 ], [ 127.045603106244954, 37.728159864118723 ], [ 127.045270805794019, 37.730859182697145 ], [ 127.045269491630918, 37.730870334139198 ], [ 127.044874327643669, 37.734379985492644 ], [ 127.044276354183339, 37.738233140010728 ], [ 127.044275503564293, 37.738242308509044 ], [ 127.044273683888704, 37.738251369841841 ], [ 127.044273376597374, 37.738255434077494 ], [ 127.044272599637594, 37.738259458608454 ], [ 127.044272347507132, 37.738263165993615 ], [ 127.044271661674131, 37.738266853788168 ], [ 127.043581632686724, 37.743866445219744 ], [ 127.043130975177476, 37.746221644352254 ], [ 127.042662569370478, 37.747991338364962 ], [ 127.041445058379892, 37.751349302111002 ], [ 127.04143769534528, 37.75137024054257 ], [ 127.040935351384192, 37.752844393309445 ], [ 127.040908534362188, 37.752935476821861 ], [ 127.040641868222679, 37.75400721083551 ], [ 127.040614042622508, 37.754171434669409 ], [ 127.040499250497376, 37.755427984984159 ], [ 127.040494928999081, 37.755508438737685 ], [ 127.040477396220666, 37.756592896588607 ], [ 127.040477540441245, 37.756634961505171 ], [ 127.040538033104056, 37.759261994647055 ], [ 127.040538747406174, 37.76001029934033 ], [ 127.040545551414326, 37.760130013719277 ], [ 127.040688414103926, 37.761394931335523 ], [ 127.040707740529953, 37.761510122660418 ], [ 127.040739455929014, 37.761623570825783 ], [ 127.041503015820609, 37.763889515932028 ], [ 127.041511658953098, 37.763914223545385 ], [ 127.042246629932734, 37.765940451558535 ], [ 127.04254168545458, 37.767648435627621 ], [ 127.042739149081072, 37.769515362205198 ], [ 127.042863694229709, 37.771506314383217 ], [ 127.042993844221186, 37.77425182744053 ], [ 127.042996985398432, 37.77428051397159 ], [ 127.04299811369107, 37.774309294723793 ], [ 127.043405330978743, 37.778331013145589 ], [ 127.043423089466643, 37.778445238781821 ], [ 127.043712968367174, 37.779823946020066 ], [ 127.043750418588687, 37.779959059465909 ], [ 127.043805069834391, 37.780090427835013 ], [ 127.043876349920879, 37.780216675521281 ], [ 127.043963512527256, 37.780336480532291 ], [ 127.045128295002812, 37.781763468143204 ], [ 127.045265870779431, 37.781909412036242 ], [ 127.046525476260626, 37.783072983200356 ], [ 127.046548403135404, 37.783093729471339 ], [ 127.048122217829516, 37.784488836284709 ], [ 127.04859496281135, 37.785303637886592 ], [ 127.049175053807559, 37.786593855763066 ], [ 127.049407337272797, 37.78852537365335 ], [ 127.049410902986665, 37.789863658137385 ], [ 127.049036814235862, 37.791321924926187 ], [ 127.047561337878648, 37.796615428878006 ], [ 127.047529595737089, 37.796772789003249 ], [ 127.047416654323584, 37.797668277434603 ], [ 127.047408540216182, 37.797775315694658 ], [ 127.047411142398062, 37.797882527543102 ], [ 127.047474382581797, 37.79873313780233 ], [ 127.047488129945052, 37.798842368845442 ], [ 127.04751300026436, 37.798950354807765 ], [ 127.047848387629344, 37.800132844719272 ], [ 127.047854788438769, 37.800154573257132 ], [ 127.048771590639248, 37.803154739782279 ], [ 127.04896784807363, 37.80413902461418 ], [ 127.049021022681515, 37.805210281114071 ], [ 127.048553156534041, 37.807614792816324 ], [ 127.048533516024833, 37.807795264533084 ], [ 127.048510557389818, 37.808749440380197 ], [ 127.048520994498134, 37.80892684686016 ], [ 127.048660522586999, 37.809907796361998 ], [ 127.048695396822737, 37.810066930991319 ], [ 127.048753943533086, 37.810221630157237 ], [ 127.049352101842857, 37.811515787913926 ], [ 127.049432988422794, 37.811663063981499 ], [ 127.04953532419475, 37.811801688286316 ], [ 127.050135931331639, 37.812514464921037 ], [ 127.05020127536595, 37.812586746450783 ], [ 127.052911481760347, 37.815385339042535 ], [ 127.05377359599872, 37.816479361186161 ], [ 127.054438785499357, 37.817578407634038 ], [ 127.055023191328118, 37.819118811860555 ], [ 127.055028287272037, 37.819130188123893 ], [ 127.055032216036849, 37.819141852080158 ], [ 127.056796528260051, 37.823508013242716 ], [ 127.056847686602154, 37.823617964994241 ], [ 127.056910658074727, 37.823723988959536 ], [ 127.057698031471446, 37.82491305153988 ], [ 127.057758543471181, 37.824996996040433 ], [ 127.058893345681184, 37.826448165198407 ], [ 127.058931570648866, 37.82649487009482 ], [ 127.060231487951569, 37.828013693962923 ], [ 127.060710222561596, 37.828752099946342 ], [ 127.060929765694311, 37.829274364666915 ], [ 127.061176285823393, 37.830659055994339 ], [ 127.061180916107929, 37.831317870168412 ], [ 127.060297461058667, 37.839017194968434 ], [ 127.059818989993033, 37.843015360879129 ], [ 127.059818584268129, 37.843022421635432 ], [ 127.059817399995438, 37.843029427048158 ], [ 127.058940281720268, 37.851271989337334 ], [ 127.058934455352755, 37.85136433733976 ], [ 127.058892711616906, 37.853461402025609 ], [ 127.058893967188183, 37.853538825197838 ], [ 127.059618897343228, 37.867379685257887 ], [ 127.059243547543701, 37.868821012166599 ], [ 127.057688543392203, 37.872991886847764 ], [ 127.056347332683188, 37.875402320044984 ], [ 127.05456506083307, 37.877784864082145 ], [ 127.054502080240383, 37.87787701843979 ], [ 127.054448295111925, 37.877972762968234 ], [ 127.05363577356475, 37.879584515117877 ], [ 127.053583389056826, 37.879704489408759 ], [ 127.053545433884224, 37.879827829468915 ], [ 127.053522242821558, 37.879953447642592 ], [ 127.05332617314177, 37.881528829591801 ], [ 127.053318297044825, 37.881633651678392 ], [ 127.053320709228004, 37.881738642076378 ], [ 127.053627722199423, 37.885998811525027 ], [ 127.053830304675827, 37.88911135400037 ], [ 127.05383156375548, 37.889128564486597 ], [ 127.05411922118617, 37.892669545112106 ], [ 127.054138162069222, 37.892801365803066 ], [ 127.054173316090441, 37.892931080477965 ], [ 127.054224344778007, 37.89305743989992 ], [ 127.054290756769802, 37.893179227139086 ], [ 127.054371912542962, 37.893295269293034 ], [ 127.054467030570265, 37.893404448783478 ], [ 127.054575194844986, 37.893505714120217 ], [ 127.054695363701285, 37.893598090028782 ], [ 127.054826379845409, 37.893680686844235 ], [ 127.05496698150111, 37.893752709080381 ], [ 127.0551158145621, 37.89381346309208 ], [ 127.05527144563402, 37.893862363756604 ], [ 127.055432375840951, 37.8938989401098 ], [ 127.05559705526268, 37.893922839882656 ], [ 127.055763897864253, 37.893933832894575 ], [ 127.055931296773494, 37.893931813270612 ], [ 127.056097639759287, 37.893916800461348 ], [ 127.056261324761792, 37.893888939055536 ], [ 127.056420775324398, 37.893848497387424 ], [ 127.056574455778886, 37.893795864951933 ], [ 127.056720886037596, 37.893731548652887 ], [ 127.056858655849837, 37.893656167920369 ], [ 127.056986438385167, 37.893570448744036 ], [ 127.057103003012671, 37.893475216680343 ], [ 127.05720722715327, 37.893371388900576 ], [ 127.057298107090631, 37.893259965356698 ], [ 127.05737476763683, 37.893142019149991 ], [ 127.05743647055948, 37.893018686195283 ], [ 127.057482621689331, 37.892891154280356 ], [ 127.057512776640152, 37.892760651626013 ], [ 127.05752664508536, 37.892628435056849 ], [ 127.057524093550995, 37.892495777896961 ], [ 127.057236972720261, 37.888963406517767 ], [ 127.057034565052419, 37.885855750410641 ], [ 127.057034053628385, 37.885848297652622 ], [ 127.056734152953098, 37.881689484553569 ], [ 127.056893376517863, 37.880409683978165 ], [ 127.057566898568552, 37.879073542642907 ], [ 127.059333687897208, 37.87671156566541 ], [ 127.05942713279056, 37.876567634868138 ], [ 127.060853650635053, 37.874003693761985 ], [ 127.060928742055381, 37.873841306990641 ], [ 127.062534812469593, 37.869532953669285 ], [ 127.062569513505068, 37.869423132972585 ], [ 127.06300170688985, 37.867763239520407 ], [ 127.063031321472366, 37.867599344078243 ], [ 127.063035442094886, 37.867433807952125 ], [ 127.062303181044285, 37.853465299287635 ], [ 127.062343140590528, 37.851453211768337 ], [ 127.063065104058992, 37.84466589639942 ], [ 127.063074984646704, 37.844660141998276 ], [ 127.063077403248727, 37.84465841995339 ], [ 127.063080015707868, 37.844656886289783 ], [ 127.063098410091129, 37.844643688788302 ], [ 127.06311795634403, 37.844631499661517 ], [ 127.063158137001551, 37.844600937438059 ], [ 127.06319947509084, 37.844571504619381 ], [ 127.063201669189851, 37.844569602873122 ], [ 127.063204079497126, 37.844567873532846 ], [ 127.063220755969681, 37.844553308101922 ], [ 127.063238699186769, 37.844539660086852 ], [ 127.063274904427502, 37.844506125785173 ], [ 127.063312409887089, 37.844473617639444 ], [ 127.06331435835277, 37.844471554507344 ], [ 127.063316543295542, 37.844469646145527 ], [ 127.063331340991994, 37.844453852584699 ], [ 127.063347508630599, 37.84443887762508 ], [ 127.063379390449867, 37.844402695211983 ], [ 127.063412701418784, 37.844367423797912 ], [ 127.063414385486738, 37.844365219149715 ], [ 127.063416324023038, 37.84436315014559 ], [ 127.063429100057718, 37.844346280100197 ], [ 127.063443336794037, 37.844330122900466 ], [ 127.063470589068132, 37.844291641788381 ], [ 127.063499383847684, 37.844253945832662 ], [ 127.063500787300143, 37.84425162090097 ], [ 127.063502460761342, 37.84424941118079 ], [ 127.063513091610844, 37.844231626699163 ], [ 127.063525260828996, 37.844214443312957 ], [ 127.06354762224467, 37.844174034958577 ], [ 127.063571622414742, 37.844134276629298 ], [ 127.063572731736642, 37.844131853805024 ], [ 127.063574124007275, 37.844129524650178 ], [ 127.063582506710986, 37.844110996638967 ], [ 127.063592491807398, 37.844092952949872 ], [ 127.0636097483507, 37.844051007244353 ], [ 127.063628721477556, 37.84400956869478 ], [ 127.063629525986812, 37.844007071311516 ], [ 127.063630623659691, 37.844004645153539 ], [ 127.06363667682578, 37.843985551746037 ], [ 127.063644382317136, 37.843966821855474 ], [ 127.063656369299508, 37.84392374334162 ], [ 127.063670131207971, 37.843881023057186 ], [ 127.06367062315816, 37.84387847516647 ], [ 127.063671415663435, 37.84387597537097 ], [ 127.063675080270343, 37.843856500223133 ], [ 127.063680432694824, 37.843837264761902 ], [ 127.063687036297623, 37.843793468716349 ], [ 127.063695452884389, 37.84374987769823 ], [ 127.063695627539332, 37.843747303837894 ], [ 127.063696107246315, 37.843744754479573 ], [ 127.063697347231255, 37.843725085009901 ], [ 127.063700295834977, 37.843705529389752 ], [ 127.063701454159684, 37.843661437808422 ], [ 127.063704442728806, 37.843617395630247 ], [ 127.063704298408183, 37.843614820588094 ], [ 127.063704460698688, 37.843612246218811 ], [ 127.0637032633269, 37.843592571808657 ], [ 127.063703780529949, 37.84357288443131 ], [ 127.063680792587107, 37.842927925695754 ], [ 127.063668257930914, 37.842798114964914 ], [ 127.063640036369648, 37.842669862239276 ], [ 127.063562922334981, 37.842397580936186 ], [ 127.063538200793815, 37.842126136829187 ], [ 127.063820732939206, 37.83927076715203 ], [ 127.064646679189906, 37.831493669177512 ], [ 127.064652692148556, 37.831381534807903 ], [ 127.064653716060093, 37.830556098679999 ], [ 127.06463921752507, 37.830378805391113 ], [ 127.064376880719294, 37.828793718724299 ], [ 127.064349773664333, 37.828672794228275 ], [ 127.064308942528541, 37.828554319970863 ], [ 127.063999677535449, 37.827794498810178 ], [ 127.063952742646535, 37.827693204762916 ], [ 127.063895771486912, 37.827595202720921 ], [ 127.06329674973189, 37.826664362760695 ], [ 127.063190339935858, 37.82652142253184 ], [ 127.061863915819572, 37.824966296479865 ], [ 127.060770311100029, 37.82356961244232 ], [ 127.060072062728977, 37.822540034224602 ], [ 127.058347062252011, 37.818312632566148 ], [ 127.057709881494731, 37.816677041200151 ], [ 127.057666388578767, 37.816578941068897 ], [ 127.057613519621839, 37.816483783087968 ], [ 127.056836863367877, 37.815219940647076 ], [ 127.056757034735199, 37.815104639087686 ], [ 127.055811834935412, 37.81388415868912 ], [ 127.055709963907717, 37.81376693806601 ], [ 127.052976731523557, 37.81095139365577 ], [ 127.052526925756894, 37.810418583906753 ], [ 127.05207837393003, 37.809439206685106 ], [ 127.051976494067404, 37.808707125124265 ], [ 127.051987318537726, 37.807942029993448 ], [ 127.052465934689266, 37.805494807947184 ], [ 127.052483204562265, 37.805366081185554 ], [ 127.052484877793106, 37.805236634015174 ], [ 127.052423797596092, 37.803949681599128 ], [ 127.052402233727804, 37.803780270786064 ], [ 127.052169925383794, 37.802664128857849 ], [ 127.052145006479833, 37.802566794042683 ], [ 127.051217133707837, 37.799520593847888 ], [ 127.050925378003896, 37.798469957448901 ], [ 127.050884171486672, 37.797849930588633 ], [ 127.050985410931517, 37.797148033031043 ], [ 127.052458384243991, 37.791931457861175 ], [ 127.052463904207713, 37.791911179253212 ], [ 127.05288663201155, 37.790298310630241 ], [ 127.052912609248892, 37.79016720602597 ], [ 127.052922263360472, 37.79003471185149 ], [ 127.052939345529055, 37.788468858161913 ], [ 127.052931656452031, 37.788328318399898 ], [ 127.052669434841832, 37.786154458745486 ], [ 127.05265002189347, 37.786042813857534 ], [ 127.05261895952485, 37.785932840119145 ], [ 127.052576463647796, 37.785825301766657 ], [ 127.051889665722967, 37.784311397298254 ], [ 127.05184543932458, 37.784223656890902 ], [ 127.051240221090922, 37.783134920593703 ], [ 127.051159359332033, 37.783007990033752 ], [ 127.051062143276113, 37.782888504207257 ], [ 127.050949648957754, 37.782777785547772 ], [ 127.049202556653285, 37.781232218269793 ], [ 127.0480303936571, 37.78015776351004 ], [ 127.04717109479347, 37.779060339830309 ], [ 127.046980084267148, 37.778056360451053 ], [ 127.046568835252771, 37.774123428282451 ], [ 127.046434161097551, 37.771402844615984 ], [ 127.046432634487829, 37.771377885818531 ], [ 127.046284492051839, 37.769344043221068 ], [ 127.046281433423033, 37.769309661803732 ], [ 127.046079111782817, 37.767384860150521 ], [ 127.046069146881337, 37.767313184143312 ], [ 127.045744212360503, 37.765436464744376 ], [ 127.045722420063996, 37.76533783204912 ], [ 127.045691491219543, 37.765240750412197 ], [ 127.044914885324388, 37.763134495311839 ], [ 127.044203422273398, 37.761024970722247 ], [ 127.044104734294336, 37.759942730995277 ], [ 127.044101862650081, 37.759242841817922 ], [ 127.044101412505498, 37.759215851664514 ], [ 127.044026563679409, 37.756657414552024 ], [ 127.044062448809257, 37.755577421804759 ], [ 127.044132321192549, 37.754445256885695 ], [ 127.044348388695411, 37.753516978408129 ], [ 127.044845426000123, 37.752123750562625 ], [ 127.046102009775694, 37.748736460031417 ], [ 127.046135395764935, 37.748630974674299 ], [ 127.046628388572017, 37.746757398735603 ], [ 127.04664581826168, 37.746679969057119 ], [ 127.047104044895391, 37.744235724066826 ], [ 127.047105665836796, 37.74422687666781 ], [ 127.047620663207425, 37.741349053270156 ], [ 127.048215703492588, 37.740226025037053 ], [ 127.048276942479205, 37.740090736972299 ], [ 127.048319745166381, 37.739951049776508 ], [ 127.048625681761692, 37.738656383043327 ], [ 127.048631962594413, 37.738620045310526 ], [ 127.048640246453417, 37.738583961628223 ], [ 127.048641800219755, 37.738568976832212 ], [ 127.048644782160224, 37.738554123446178 ], [ 127.048645089214077, 37.738550059197784 ], [ 127.048645865940642, 37.738546034636705 ], [ 127.04864658555833, 37.738535444066919 ], [ 127.048648401203209, 37.738524939628832 ], [ 127.048650166797486, 37.738488287972622 ], [ 127.048653957129915, 37.73845173322804 ], [ 127.048653653831281, 37.738436695399614 ], [ 127.04865478781241, 37.738421685663141 ], [ 127.048654591758648, 37.738417617084131 ], [ 127.048654868013585, 37.738413551442029 ], [ 127.048654277245518, 37.738402959760151 ], [ 127.048654787826322, 37.738392360670019 ], [ 127.048652021202486, 37.738355748067228 ], [ 127.048651281529331, 37.738319074303796 ], [ 127.04858723380903, 37.73753889786461 ], [ 127.048569781470604, 37.737414859863875 ], [ 127.048538000096997, 37.737292628550662 ], [ 127.048313349183303, 37.73659334017286 ], [ 127.04840065321568, 37.734624514067285 ], [ 127.048776248448831, 37.731151454443641 ], [ 127.049135378531062, 37.728396909496617 ], [ 127.049144114258439, 37.728283760053714 ], [ 127.049204858329233, 37.72578505551882 ], [ 127.049456314223022, 37.725687710188296 ], [ 127.04946738183115, 37.725683386115229 ], [ 127.049780914438202, 37.725559766852427 ], [ 127.049917410110993, 37.72549960134053 ], [ 127.05055094650676, 37.725189339995893 ], [ 127.050595533311764, 37.72516644148542 ], [ 127.05129729219064, 37.727339850800369 ], [ 127.051346679045594, 37.727466595732423 ], [ 127.051411469375793, 37.727588885472748 ], [ 127.051491039276499, 37.727705542280155 ], [ 127.05158462249436, 37.727815442657452 ], [ 127.051691317805023, 37.727917528172355 ], [ 127.051810097691089, 37.728010815651949 ], [ 127.051939818237017, 37.728094406652588 ], [ 127.052079230145765, 37.728167496113564 ], [ 127.052226990770734, 37.728229380111756 ], [ 127.052381677047535, 37.728279462641794 ], [ 127.052541799200824, 37.728317261357226 ], [ 127.052705815093944, 37.728342412216577 ], [ 127.052872145083356, 37.728354672990037 ], [ 127.053039187234617, 37.728353925592835 ], [ 127.053205332753109, 37.728340177222627 ], [ 127.053368981481086, 37.728313560290253 ], [ 127.053528557311182, 37.72827433114427 ], [ 127.053682523368479, 37.728222867601694 ], [ 127.053829396814109, 37.728159665308695 ], [ 127.053967763128185, 37.72808533296628 ], [ 127.05409628973436, 37.728000586467111 ], [ 127.054213738834335, 37.727906241999918 ], [ 127.054318979329381, 37.727803208187716 ], [ 127.054410997713362, 37.727692477336063 ], [ 127.054488907832592, 37.727575115875325 ], [ 127.054551959418816, 37.727452254089108 ], [ 127.054599545312769, 37.727325075227903 ], [ 127.054631207309086, 37.727194804112841 ], [ 127.054646640566219, 37.727062695339221 ], [ 127.054645696539211, 37.726930021193624 ], [ 127.054628384406939, 37.726798059400771 ], [ 127.054594870980253, 37.726668080818314 ], [ 127.053784803073839, 37.724159562243152 ], [ 127.05374895330236, 37.724063489408088 ], [ 127.053704243627891, 37.723969789502853 ], [ 127.053576839322915, 37.723729997029388 ], [ 127.053505840072589, 37.723612518405311 ], [ 127.05342093160499, 37.723501014930157 ], [ 127.053236531142559, 37.723283290662344 ], [ 127.053142536325524, 37.72318270572665 ], [ 127.053037224853796, 37.723089462699576 ], [ 127.052921500816453, 37.723004362027552 ], [ 127.052662805583608, 37.722831091996404 ], [ 127.052497506599423, 37.722733339088919 ], [ 127.052318546581162, 37.722652170585754 ], [ 127.052025082141697, 37.722537186587083 ], [ 127.051899032415946, 37.722492746364757 ], [ 127.051768867171603, 37.722456557688716 ], [ 127.051480501848161, 37.72238666445574 ], [ 127.051323254925606, 37.722354971773662 ], [ 127.051162923743235, 37.722335314491289 ], [ 127.051000964806221, 37.722327871181733 ], [ 127.050734423936376, 37.72232572832656 ], [ 127.050493556922603, 37.722337380064964 ], [ 127.05025502684839, 37.722362492112282 ], [ 127.050092022314388, 37.722386115082159 ], [ 127.04993268180182, 37.722422215665127 ], [ 127.049705033715568, 37.722483455115487 ], [ 127.049505283947795, 37.722548680083428 ], [ 127.049208891914233, 37.722663426499977 ], [ 127.049000011037364, 37.7227594088111 ], [ 127.048985807491306, 37.722767051421712 ], [ 127.048606833248684, 37.719684558169149 ], [ 127.048597930348365, 37.719625570949155 ], [ 127.048294367616279, 37.717930289526976 ], [ 127.048145759007596, 37.716909590640775 ], [ 127.048137080295547, 37.716278398978801 ], [ 127.048245365986418, 37.715338970457566 ], [ 127.048489710922681, 37.714076638436076 ], [ 127.049183489890211, 37.710517184011941 ], [ 127.04918595555381, 37.710504110869344 ], [ 127.049509950926819, 37.708726976203316 ], [ 127.049519004639961, 37.708668297802511 ], [ 127.049623314377399, 37.707843239668989 ], [ 127.049631633152558, 37.70772889387468 ], [ 127.049627739925782, 37.707614399010318 ], [ 127.049549142675644, 37.706715807573048 ], [ 127.049528579253135, 37.706580213750087 ], [ 127.048748268423168, 37.702977994313002 ], [ 127.048739913534831, 37.702942297584272 ], [ 127.047877649065171, 37.699514771989236 ], [ 127.047473289809034, 37.697143141457531 ], [ 127.04738794677867, 37.695948131975285 ], [ 127.048378443590238, 37.696442973103117 ], [ 127.048635777815093, 37.696730779916066 ], [ 127.050095767082496, 37.699169861091043 ], [ 127.050159095573733, 37.69926558497913 ], [ 127.050626976018634, 37.699908931825767 ], [ 127.05070948191451, 37.700011435063963 ], [ 127.050803252293107, 37.70010762925709 ], [ 127.051428129345155, 37.700692285081075 ], [ 127.051542333360445, 37.700789079534339 ], [ 127.051667928431854, 37.700876513572091 ], [ 127.051803704999372, 37.700953745122746 ], [ 127.051948355433012, 37.701020030371701 ], [ 127.052100486626927, 37.701074730925853 ], [ 127.052258633417495, 37.701117319962897 ], [ 127.052421272695838, 37.701147387305866 ], [ 127.052586838078867, 37.701164643374213 ], [ 127.052753734997282, 37.701168921973206 ], [ 127.052920356055523, 37.701160181894821 ], [ 127.053085096515176, 37.701138507314766 ], [ 127.053246369752713, 37.701104106981568 ], [ 127.053402622542848, 37.701057312205918 ], [ 127.053552350019828, 37.70099857366926 ], [ 127.053694110172543, 37.700928457082632 ], [ 127.053826537734139, 37.70084763773756 ], [ 127.053948357331649, 37.700756894001437 ], [ 127.054058395769417, 37.700657099820141 ], [ 127.054155593327891, 37.700549216300224 ], [ 127.054239013968953, 37.700434282451489 ], [ 127.05430785434929, 37.700313405179678 ], [ 127.054361451555494, 37.700187748625005 ], [ 127.054399289485971, 37.700058522950052 ], [ 127.054421003818732, 37.699926972684338 ], [ 127.05442638551699, 37.699794364738167 ], [ 127.05441538283911, 37.69966197620132 ], [ 127.054388101833382, 37.699531082043819 ], [ 127.054344805313605, 37.699402942837445 ], [ 127.054285910324836, 37.699278792616155 ], [ 127.054211984123967, 37.699159826992293 ], [ 127.05412373871431, 37.699047191642983 ], [ 127.054022023986505, 37.69894197127779 ], [ 127.053496567577781, 37.698450353630001 ], [ 127.053139600030477, 37.697959540993303 ], [ 127.051645128520676, 37.695463019939389 ], [ 127.051575914828717, 37.695359266380748 ], [ 127.051495632061318, 37.695260676599155 ], [ 127.050956889381737, 37.694658161882614 ], [ 127.050853867290513, 37.69455413270034 ], [ 127.050738536168524, 37.69445860800586 ], [ 127.050612001706753, 37.694372503566498 ], [ 127.050475476986364, 37.694296644837266 ], [ 127.048521640136698, 37.693320536021943 ], [ 127.048133769649056, 37.693087951865259 ], [ 127.0479620404342, 37.692885154026818 ], [ 127.047848102231072, 37.692332969851364 ], [ 127.048067601787636, 37.6899190598701 ], [ 127.048384036001693, 37.689323744089457 ], [ 127.048485702270156, 37.689179967777385 ], [ 127.049556364139676, 37.688527349247117 ], [ 127.049650645576392, 37.688465478602339 ], [ 127.052697780819216, 37.686314807790218 ], [ 127.052706549455223, 37.686308575350665 ], [ 127.054386100331698, 37.685106445336693 ], [ 127.054485489865229, 37.685029233381918 ], [ 127.054576616509621, 37.684945831193986 ], [ 127.055762265837672, 37.683766614067643 ], [ 127.056244627230953, 37.683326792280923 ], [ 127.056306271173867, 37.683267236917125 ], [ 127.056641477177706, 37.682923875843038 ], [ 127.056735327194545, 37.682817567191741 ], [ 127.056815910148529, 37.682704592736471 ], [ 127.056882482581102, 37.682585994865732 ], [ 127.05693443031474, 37.682462867848962 ], [ 127.057007842427439, 37.682256460990821 ], [ 127.057048488353473, 37.682112636511 ], [ 127.057069190946535, 37.681966150054073 ], [ 127.057127328355193, 37.681160788662595 ], [ 127.057129676038358, 37.681052426401216 ], [ 127.057047845190056, 37.678209708484339 ], [ 127.056993747997836, 37.675379596471444 ], [ 127.057005827056301, 37.674765430369405 ], [ 127.05707811509329, 37.674288326137081 ], [ 127.057195346730651, 37.673749386298645 ], [ 127.057606046616044, 37.672168670638136 ], [ 127.057611889285681, 37.67214512988874 ], [ 127.058166449582941, 37.669801330349785 ], [ 127.05926488005943, 37.665699083477719 ], [ 127.060640494561014, 37.660663603285094 ], [ 127.060641455935922, 37.660660061007704 ], [ 127.061538242261207, 37.657333996653946 ], [ 127.062827930076907, 37.657626021994581 ], [ 127.062848089172192, 37.65762974704046 ], [ 127.062867847613546, 37.657634644442282 ], [ 127.064111792286326, 37.657890462899822 ], [ 127.065397048958147, 37.658183438709422 ], [ 127.066386080156633, 37.658568715506831 ], [ 127.067221939127435, 37.6589644805929 ], [ 127.067783615302517, 37.659232088394191 ], [ 127.067932436376097, 37.659295238037188 ], [ 127.068088395229552, 37.659346355105377 ], [ 127.068791797052583, 37.659545061113739 ], [ 127.068943265827272, 37.659581633243455 ], [ 127.069788481570058, 37.6597519881891 ], [ 127.070203554943916, 37.659852352765498 ], [ 127.070386273316345, 37.659922683971701 ], [ 127.070475192464272, 37.659978032039945 ], [ 127.070532820492048, 37.660026658377632 ], [ 127.070753036872517, 37.660296016037393 ], [ 127.070848866079245, 37.660401709193444 ], [ 127.071039902116723, 37.660592324690512 ], [ 127.07203273634218, 37.661603247806852 ], [ 127.07274100759858, 37.662346824248417 ], [ 127.072804031850808, 37.662409077197836 ], [ 127.074058573716627, 37.663575887998526 ], [ 127.074079787549437, 37.663601954717358 ], [ 127.074093840571535, 37.663645013275243 ], [ 127.074104234705146, 37.663693647496785 ], [ 127.074110113728082, 37.663803162505083 ], [ 127.074158974193452, 37.66485298053982 ], [ 127.074153026382518, 37.66591686572486 ], [ 127.074159308174217, 37.666039122104799 ], [ 127.074211443036575, 37.666519331134161 ], [ 127.074235894909094, 37.66665901102008 ], [ 127.074278517774076, 37.666795906244026 ], [ 127.074388988903593, 37.667085102676467 ], [ 127.074457735192695, 37.667233309622056 ], [ 127.074547758691295, 37.667374131043111 ], [ 127.074956016043345, 37.667929774984273 ], [ 127.075003590717998, 37.66799074918076 ], [ 127.075735088405338, 37.668874982612003 ], [ 127.07577886820782, 37.668925378164374 ], [ 127.077666254891582, 37.670995978045454 ], [ 127.077669296388621, 37.670998991578891 ], [ 127.077671974836122, 37.671002215466274 ], [ 127.079420356822752, 37.672897321335334 ], [ 127.07957471874758, 37.673108060323656 ], [ 127.079390444508732, 37.673730018067808 ], [ 127.079365879749886, 37.673829513818063 ], [ 127.079350765126335, 37.673930193040931 ], [ 127.079261182563627, 37.674804514410532 ], [ 127.079255586871099, 37.674908188168274 ], [ 127.079250458040349, 37.675816450660321 ], [ 127.079258522961482, 37.67595415655618 ], [ 127.079284188830556, 37.676090493831829 ], [ 127.079532622858324, 37.67706694042171 ], [ 127.079572010411709, 37.677191138193493 ], [ 127.079626008398222, 37.677311816151523 ], [ 127.079694132246587, 37.677427891190938 ], [ 127.080407577483868, 37.678506912066872 ], [ 127.080480832965463, 37.678607037532139 ], [ 127.080564602225536, 37.678701812198199 ], [ 127.080658270487334, 37.678790540476328 ], [ 127.081669153619785, 37.679668770700061 ], [ 127.081794896059534, 37.679767227309611 ], [ 127.081932798949651, 37.679854797562498 ], [ 127.082081377421687, 37.679930538521013 ], [ 127.082239031639318, 37.679993634619926 ], [ 127.083210635065612, 37.680333472335022 ], [ 127.083351606370002, 37.680376943284749 ], [ 127.083496877998599, 37.680410292892908 ], [ 127.083645302042953, 37.680433257635912 ], [ 127.083795705680629, 37.680445656049528 ], [ 127.083946900444261, 37.680447390162939 ], [ 127.085174533711225, 37.680418074576394 ], [ 127.085323524192873, 37.680409299386206 ], [ 127.085470971257138, 37.680390168186356 ], [ 127.085615737547698, 37.680360828548082 ], [ 127.085756706390143, 37.680321506786967 ], [ 127.087113551258838, 37.6798889446628 ], [ 127.087259263535074, 37.67983603049489 ], [ 127.087398066376323, 37.679772456439935 ], [ 127.088841212984477, 37.679037416077485 ], [ 127.088860744261638, 37.679027317312148 ], [ 127.110342926278932, 37.667748959497118 ], [ 127.110675684013813, 37.6676510186158 ], [ 127.111177851573501, 37.66758968701906 ], [ 127.111877421262477, 37.66759199106891 ], [ 127.112551934144122, 37.667738727636468 ], [ 127.117516010074425, 37.669991879316989 ], [ 127.117534110905538, 37.669999182794207 ], [ 127.117551470968209, 37.670007530460275 ], [ 127.117553800611773, 37.670008415558357 ], [ 127.117556020544285, 37.670009475714942 ], [ 127.134053118521791, 37.677034444466287 ], [ 127.135660946279643, 37.677851823627066 ], [ 127.160794417059961, 37.693462952682935 ], [ 127.160822689061362, 37.693480131166801 ], [ 127.165087025739908, 37.696015319634618 ], [ 127.165202421120341, 37.69607820877475 ], [ 127.165323929865394, 37.696133350585114 ], [ 127.190808754970931, 37.706614502459168 ], [ 127.190960660184174, 37.706669621095209 ], [ 127.191118634176163, 37.706712644700772 ], [ 127.191281155502367, 37.706743158913696 ], [ 127.191446658915794, 37.706760869849774 ], [ 127.191613550444018, 37.70676560693358 ], [ 127.191780222743418, 37.706757324541584 ], [ 127.191945070581994, 37.706736102441639 ], [ 127.192106506301997, 37.706702145024586 ], [ 127.192262975113124, 37.706655779335556 ], [ 127.192412970068915, 37.706597451923571 ], [ 127.192555046582044, 37.706527724540322 ], [ 127.192687836338578, 37.706447268729036 ], [ 127.192810060476944, 37.70635685935607 ], [ 127.192920541905224, 37.706257367147224 ], [ 127.193018216637228, 37.706149750300867 ], [ 127.193102144039031, 37.706035045258652 ], [ 127.193171515886647, 37.705914356722765 ], [ 127.193225664147988, 37.705788847015889 ], [ 127.19326406741439, 37.705659724886424 ], [ 127.193286355919156, 37.705528233866715 ], [ 127.193292315095817, 37.705395640296587 ], [ 127.193281887641291, 37.705263221127424 ], [ 127.193255174064248, 37.705132251624335 ], [ 127.193212431714016, 37.705003993084759 ], [ 127.193154072298825, 37.704879680691967 ], [ 127.193080657918003, 37.704760511620123 ], [ 127.192992895646114, 37.704647633505736 ], [ 127.192891630721221, 37.704542133396345 ], [ 127.192777838403515, 37.704445027282731 ], [ 127.192652614581888, 37.70435725031578 ], [ 127.192517165219797, 37.704279647801656 ], [ 127.192372794741573, 37.704212967062404 ], [ 127.167013139523306, 37.693783405048791 ], [ 127.162875432011617, 37.691323535202102 ], [ 127.137692889411539, 37.675682181291272 ], [ 127.137561763381072, 37.675608362147081 ], [ 127.135830785573901, 37.674728387819606 ], [ 127.135717373564404, 37.674675525195774 ], [ 127.119182809538827, 37.667634676290277 ], [ 127.11405181448265, 37.665305778191559 ], [ 127.113925065288569, 37.665253721131776 ], [ 127.113793273803239, 37.665210291620554 ], [ 127.113657367348324, 37.665175795237325 ], [ 127.112558344274149, 37.66493670951148 ], [ 127.112412996632742, 37.664910471850597 ], [ 127.112265317470559, 37.664894450840151 ], [ 127.112116440935864, 37.664888769518136 ], [ 127.111058515322881, 37.664885285836036 ], [ 127.110925460925202, 37.664888989501428 ], [ 127.110793178600829, 37.664900955133206 ], [ 127.109988627074628, 37.664999217998947 ], [ 127.109820309255753, 37.665026757011319 ], [ 127.109656346375687, 37.665067657540988 ], [ 127.108978213712447, 37.665267252154258 ], [ 127.10879968234245, 37.665329257634681 ], [ 127.10863124256224, 37.665407086870175 ], [ 127.086995794498193, 37.676765800495126 ], [ 127.085697813392045, 37.677426897015813 ], [ 127.084770477148325, 37.677722531218755 ], [ 127.084229067847303, 37.677735460254148 ], [ 127.083937398379547, 37.677633443670331 ], [ 127.083316805795405, 37.677094303187182 ], [ 127.082818875329068, 37.676341275050397 ], [ 127.082653181198282, 37.675690144029879 ], [ 127.082657202555083, 37.674972197292192 ], [ 127.0827310738254, 37.674250897732563 ], [ 127.082960603472216, 37.673476075332893 ], [ 127.082991514930683, 37.673341551089102 ], [ 127.083005171466283, 37.673205232981765 ], [ 127.083001433456644, 37.67306851565138 ], [ 127.082961559387897, 37.672631054046526 ], [ 127.082943373367115, 37.672508931060378 ], [ 127.082911302070215, 37.672388626741196 ], [ 127.082865610904335, 37.672271136421863 ], [ 127.082806677955091, 37.672157432149163 ], [ 127.082734990856707, 37.672048454641953 ], [ 127.08231498683719, 37.671475087109648 ], [ 127.082216675563444, 37.671355819475991 ], [ 127.080418014574889, 37.669406295133506 ], [ 127.078556048054494, 37.667363666734282 ], [ 127.077870509254595, 37.66653502666685 ], [ 127.077585746392884, 37.666147481912496 ], [ 127.077585067869222, 37.666145705844755 ], [ 127.077554861313274, 37.665867592517408 ], [ 127.077560576281527, 37.664836940879262 ], [ 127.077559427652162, 37.664780945181278 ], [ 127.077509037052394, 37.663699311010632 ], [ 127.077508653008664, 37.663691654184696 ], [ 127.077497998192243, 37.663493343504435 ], [ 127.077475510179625, 37.66332453237451 ], [ 127.077434994408833, 37.663134998810975 ], [ 127.077404512306032, 37.663021923467049 ], [ 127.077303153680873, 37.662711401344801 ], [ 127.07724824426964, 37.662573845934133 ], [ 127.07717520417836, 37.662441726942184 ], [ 127.077084865705899, 37.662316549707583 ], [ 127.07685285183733, 37.66203147418193 ], [ 127.076717723244883, 37.661887423926835 ], [ 127.075422241664725, 37.660682577483897 ], [ 127.074824097289991, 37.660054642002862 ], [ 127.074766849688217, 37.659966860364527 ], [ 127.075828801153634, 37.659076657873143 ], [ 127.076008795826837, 37.65894978452976 ], [ 127.076214156223372, 37.658855534431218 ], [ 127.07835726697121, 37.658171399833499 ], [ 127.078508549608387, 37.658116122105632 ], [ 127.078652307720603, 37.65804934802749 ], [ 127.078787163286691, 37.657971717684156 ], [ 127.07891182363548, 37.65788397522509 ], [ 127.079025093837302, 37.657786961729933 ], [ 127.079216882741491, 37.657605651516214 ], [ 127.079318440365896, 37.657499410820662 ], [ 127.079406329784518, 37.657385728271464 ], [ 127.079479694871239, 37.657265711326474 ], [ 127.079633927860783, 37.65697810304593 ], [ 127.079687501154083, 37.656864271241702 ], [ 127.079727999492874, 37.656747074356538 ], [ 127.079805841601058, 37.656474359845198 ], [ 127.079809130525788, 37.656459489625568 ], [ 127.079813827423678, 37.65644486032361 ], [ 127.079815052663392, 37.656438490208302 ], [ 127.079816982470334, 37.656432231350657 ], [ 127.079824976185733, 37.656387846535715 ], [ 127.079834743253102, 37.656343686556234 ], [ 127.079836183027282, 37.656328631644762 ], [ 127.079839053695153, 37.656313706771684 ], [ 127.07983948767972, 37.656307271850949 ], [ 127.079840636554337, 37.656300892747332 ], [ 127.079843119692839, 37.656256098730907 ], [ 127.079847395366798, 37.65621139027504 ], [ 127.079846972134305, 37.656196295659626 ], [ 127.079847988935612, 37.656181218951119 ], [ 127.079847627489684, 37.656174781197073 ], [ 127.079847984371838, 37.656168343282097 ], [ 127.079827779499055, 37.652983365681251 ], [ 127.079821490350838, 37.652873814106584 ], [ 127.079803355464989, 37.652706921068614 ], [ 127.079783358127273, 37.65258639192146 ], [ 127.079749823852467, 37.652467778307084 ], [ 127.07970302385597, 37.652352039311729 ], [ 127.079643336612321, 37.652240110773633 ], [ 127.079571244793215, 37.652132897716484 ], [ 127.079400855252203, 37.651904796973369 ], [ 127.079318509662784, 37.651804893045615 ], [ 127.078481607267847, 37.650881264307031 ], [ 127.078434976663104, 37.650573423821292 ], [ 127.077934822502797, 37.640041092557027 ], [ 127.077920010182055, 37.639906926491292 ], [ 127.07786459742448, 37.639588236890575 ], [ 127.07783220199434, 37.639453056511471 ], [ 127.07778269425333, 37.639321195090126 ], [ 127.077613197716261, 37.638941431998589 ], [ 127.077541915783044, 37.638805656710588 ], [ 127.077452502854541, 37.638676845060509 ], [ 127.077225280227424, 37.638387872156827 ], [ 127.077108074851225, 37.638256848536926 ], [ 127.076738251714218, 37.637891532175317 ], [ 127.076735486593265, 37.637889059643335 ], [ 127.076733004703428, 37.637886373198924 ], [ 127.076703926197879, 37.637860627114968 ], [ 127.076676441800458, 37.637833861366268 ], [ 127.076651178171815, 37.637813672137732 ], [ 127.076627376597926, 37.637792389038182 ], [ 127.076624321190195, 37.637790144781739 ], [ 127.076621519196351, 37.637787663890904 ], [ 127.076589405270326, 37.637764306744465 ], [ 127.076558756218745, 37.637739813727549 ], [ 127.076531125864889, 37.637721690899419 ], [ 127.076504815700531, 37.637702365506776 ], [ 127.076501499513199, 37.637700370884552 ], [ 127.076498404320049, 37.63769811967687 ], [ 127.076463564120218, 37.6376773768935 ], [ 127.076430045706161, 37.637655392004049 ], [ 127.075812306785167, 37.637289182402981 ], [ 127.075689021705642, 37.637222575670123 ], [ 127.075558874875298, 37.637164811551244 ], [ 127.075422866524846, 37.637116333980117 ], [ 127.074547162514051, 37.636840186703296 ], [ 127.074365669443338, 37.636792158350076 ], [ 127.074178541056583, 37.636760646653734 ], [ 127.073282821130448, 37.636651246618648 ], [ 127.073138497617506, 37.636638607298991 ], [ 127.07241555012483, 37.636600045905588 ], [ 127.072229053072434, 37.636555365473242 ], [ 127.071848175801307, 37.636402188648425 ], [ 127.071341910419932, 37.636131120148043 ], [ 127.070247904198709, 37.63548353420817 ], [ 127.071793199252113, 37.632037632953555 ], [ 127.074606908732292, 37.626084220204895 ], [ 127.074622605585674, 37.626045305433173 ], [ 127.07464014814002, 37.626006860608129 ], [ 127.074647779949828, 37.625983085342021 ], [ 127.074657239704521, 37.625959747747707 ], [ 127.075710364411407, 37.622845886996508 ], [ 127.075715031477912, 37.62283178410263 ], [ 127.076783337209946, 37.619531226895333 ], [ 127.077879517778371, 37.619921464512032 ], [ 127.079171529740123, 37.620387014167768 ], [ 127.079343436783972, 37.620440215557387 ], [ 127.080055867753359, 37.620625971732579 ], [ 127.080242644447196, 37.620665472981614 ], [ 127.080949063249093, 37.62078112223066 ], [ 127.08096964030851, 37.620784385704269 ], [ 127.081805846718737, 37.620912739475195 ], [ 127.08232185334532, 37.621034476789475 ], [ 127.082563284120411, 37.621076526920248 ], [ 127.083526532881663, 37.621186681893455 ], [ 127.084185134943624, 37.621276984826821 ], [ 127.084383214521708, 37.621294709768833 ], [ 127.084582540849496, 37.621293867860835 ], [ 127.085435001556007, 37.621250423545789 ], [ 127.085576361375104, 37.621238480800621 ], [ 127.08571597214322, 37.621217184241296 ], [ 127.086261696305257, 37.621114948412462 ], [ 127.086413644927944, 37.621080480457451 ], [ 127.086560912975727, 37.621034938144057 ], [ 127.086702227789772, 37.620978715041439 ], [ 127.08721068263786, 37.620752333504811 ], [ 127.087217625399745, 37.620749225304742 ], [ 127.091085676831398, 37.61900792809373 ], [ 127.09109336002048, 37.619004448093321 ], [ 127.092575227550483, 37.618329174087336 ], [ 127.096920869567256, 37.616473010590987 ], [ 127.097768672359877, 37.616178472014042 ], [ 127.097794036023686, 37.616169463164283 ], [ 127.098586654798595, 37.615881728951585 ], [ 127.101894020693976, 37.614816751874528 ], [ 127.102047907290327, 37.615231173671255 ], [ 127.102065275641223, 37.615275170673897 ], [ 127.102464595432963, 37.616229449962184 ], [ 127.102483687354891, 37.616272621962132 ], [ 127.102955867287278, 37.617285247424789 ], [ 127.103495925955713, 37.618531655110303 ], [ 127.103496622324315, 37.618533258971453 ], [ 127.103824550713668, 37.619286995321261 ], [ 127.103871350877057, 37.619382649545734 ], [ 127.104060278082258, 37.619729252860907 ], [ 127.104086801532489, 37.619775509157428 ], [ 127.104260775255526, 37.620064400432646 ], [ 127.10427201873479, 37.620082715045413 ], [ 127.104593600765071, 37.620596677230985 ], [ 127.104603861156164, 37.620612804408914 ], [ 127.1059435694808, 37.622683996310684 ], [ 127.105957972482358, 37.622705773236881 ], [ 127.107074879553707, 37.624357798813278 ], [ 127.107452474781866, 37.62501669749814 ], [ 127.107503901298131, 37.625098915780526 ], [ 127.110099284724598, 37.628917106048554 ], [ 127.111514528830455, 37.631124320204812 ], [ 127.11225998256073, 37.632785216084649 ], [ 127.113441541563603, 37.635625770383612 ], [ 127.113491837567793, 37.635731606970296 ], [ 127.113553085114475, 37.635833728592964 ], [ 127.114140069485003, 37.636715457546572 ], [ 127.114177024943544, 37.636768096069709 ], [ 127.114442132917659, 37.637126682601014 ], [ 127.114555343289936, 37.63726077575317 ], [ 127.115119558619696, 37.637849720402883 ], [ 127.115163111494823, 37.637893291139633 ], [ 127.115716420745613, 37.638424016516353 ], [ 127.115823790157677, 37.638517693398349 ], [ 127.116396245318199, 37.638972368231208 ], [ 127.116525732526227, 37.639065169353678 ], [ 127.116666488652257, 37.639146938985895 ], [ 127.118237331446991, 37.639964682064019 ], [ 127.118336190628781, 37.640012406037975 ], [ 127.120245144498028, 37.640864654855278 ], [ 127.120267641456522, 37.64087452125964 ], [ 127.124929129566141, 37.642882370366173 ], [ 127.126250602161093, 37.643539226440716 ], [ 127.12625093821687, 37.643539375765158 ], [ 127.126251254347295, 37.643539550449205 ], [ 127.126285855596379, 37.643554908980001 ], [ 127.126319359639339, 37.643571639091455 ], [ 127.126332143411318, 37.643576707913411 ], [ 127.126344366653385, 37.643582586348302 ], [ 127.126353861989458, 37.643586194300113 ], [ 127.126362933534139, 37.643590436061913 ], [ 127.126379899825423, 37.643596678996666 ], [ 127.126396259119034, 37.643603948123413 ], [ 127.126396611963656, 37.64360407053605 ], [ 127.126396948104912, 37.643604219739188 ], [ 127.12938726449093, 37.644782352252498 ], [ 127.131771342902042, 37.645817372895245 ], [ 127.132996866837075, 37.646363752513295 ], [ 127.133043279437231, 37.646383698274178 ], [ 127.13401837167963, 37.646787321768755 ], [ 127.134122842014975, 37.646827030442147 ], [ 127.13500563949205, 37.647133663367256 ], [ 127.135705635237571, 37.647390894136137 ], [ 127.13576484905839, 37.647411576052797 ], [ 127.136763224560951, 37.647742413379568 ], [ 127.136806570993684, 37.64775622471327 ], [ 127.137499884764253, 37.647968392086703 ], [ 127.141823387358514, 37.649330933321274 ], [ 127.142884951755477, 37.64967229531743 ], [ 127.142938601340703, 37.649688713393381 ], [ 127.146471664966853, 37.650715673948781 ], [ 127.149642470244615, 37.651679441828534 ], [ 127.153823354083201, 37.65296887643683 ], [ 127.155608464522416, 37.653535629736595 ], [ 127.156053947993982, 37.653708965047919 ], [ 127.156201285332514, 37.653759587634248 ], [ 127.156584006005119, 37.6538743628359 ], [ 127.156940343717878, 37.65402300352477 ], [ 127.158665556492096, 37.654807888298031 ], [ 127.158690397187527, 37.654818970730268 ], [ 127.159360871337199, 37.655112249967168 ], [ 127.159367352572701, 37.655114763871637 ], [ 127.159373524497269, 37.655117729272533 ], [ 127.159376869334736, 37.655118998867842 ], [ 127.159380049861724, 37.655120512010299 ], [ 127.160302015969748, 37.655511625548989 ], [ 127.160330658717001, 37.655523499630455 ], [ 127.161115549147482, 37.655841376718897 ], [ 127.161126722757388, 37.655845860824833 ], [ 127.162003093897923, 37.656194342814267 ], [ 127.162153391746983, 37.656247053620405 ], [ 127.162854786559151, 37.656461496619741 ], [ 127.163000023718524, 37.656500029319233 ], [ 127.163625408508295, 37.656641415275189 ], [ 127.163760637103309, 37.656667285614198 ], [ 127.164271782704049, 37.656747646376871 ], [ 127.164302537538362, 37.656752248119403 ], [ 127.164912903723632, 37.656838958040524 ], [ 127.165048470213577, 37.656853769997582 ], [ 127.16570480763562, 37.65690418869486 ], [ 127.165801601381759, 37.656909413525035 ], [ 127.166442806847058, 37.65692943720699 ], [ 127.166607010236348, 37.656928256416684 ], [ 127.16723316408266, 37.656899676385713 ], [ 127.167333920115453, 37.656892682145518 ], [ 127.168280986771506, 37.656804305049477 ], [ 127.168474351355954, 37.656777186067579 ], [ 127.169268997529386, 37.65662767646198 ], [ 127.16940351687424, 37.656597677831058 ], [ 127.17003025790514, 37.656435553197959 ], [ 127.170132775891574, 37.656406112965684 ], [ 127.170912574874691, 37.656159436989626 ], [ 127.171095967429579, 37.656091102904483 ], [ 127.171891455827549, 37.655747350419695 ], [ 127.172009665215455, 37.655691224421361 ], [ 127.172950834144885, 37.655202199053072 ], [ 127.172997819628279, 37.655176885735557 ], [ 127.174122805230226, 37.654548759277127 ], [ 127.174155892718076, 37.654529809821348 ], [ 127.176099944996807, 37.653388006856233 ], [ 127.176113645829943, 37.653379874722177 ], [ 127.177957151757994, 37.652274111377452 ], [ 127.179197485831281, 37.651541258246837 ], [ 127.18193887488772, 37.649932447612535 ], [ 127.181966754355756, 37.649915731280693 ], [ 127.18322960885645, 37.649142217867926 ], [ 127.183377823599216, 37.649040079049044 ], [ 127.183718238604882, 37.648776662335493 ], [ 127.183983461393581, 37.648596011739357 ], [ 127.184094370577071, 37.648513353895005 ], [ 127.184195551950637, 37.64842315040562 ], [ 127.184812601917912, 37.647820873395546 ], [ 127.18482059488754, 37.647813011861864 ], [ 127.185196209497505, 37.647440733104943 ], [ 127.185311148186656, 37.647312099020759 ], [ 127.185556734784583, 37.64700016835954 ], [ 127.18557677914859, 37.646974056720971 ], [ 127.186002832791857, 37.646404647028817 ], [ 127.186112665606132, 37.646230372273855 ], [ 127.186366454909731, 37.645742757653771 ], [ 127.18681646702052, 37.644879346787022 ], [ 127.186818467529136, 37.644875491683678 ], [ 127.187541856794027, 37.643475326508948 ], [ 127.187560674814293, 37.643437275246143 ], [ 127.187807115508647, 37.642915939825521 ], [ 127.187813653127847, 37.64290187326656 ], [ 127.188726853833472, 37.640902917391259 ], [ 127.18899672678792, 37.640333659441644 ], [ 127.189204707256721, 37.639991208734202 ], [ 127.18933979655273, 37.639796737093732 ], [ 127.189907392272175, 37.639207157991599 ], [ 127.190813982580224, 37.638464631806151 ], [ 127.191887465759194, 37.637760471225086 ], [ 127.192818064607494, 37.637409513305379 ], [ 127.194146460506062, 37.637082191333889 ], [ 127.194711268571467, 37.636996773999961 ], [ 127.195154503957284, 37.636951963455246 ], [ 127.195515535634755, 37.636926401132136 ], [ 127.19587262698731, 37.636935799903497 ], [ 127.196758412138621, 37.637001180683029 ], [ 127.199018293155802, 37.637355023119838 ], [ 127.206996889141649, 37.638759853424347 ], [ 127.210375492531313, 37.639390029109038 ], [ 127.211023198110951, 37.639560356138155 ], [ 127.211813970782657, 37.639877193980929 ], [ 127.212804706863082, 37.640330599772696 ], [ 127.213454572828354, 37.640661681846424 ], [ 127.213888671552596, 37.640933945568051 ], [ 127.214399608381584, 37.641322787010878 ], [ 127.215368301661059, 37.642203002369627 ], [ 127.216443702969286, 37.643362137782034 ], [ 127.216451252515014, 37.643370211936528 ], [ 127.220716469527972, 37.647896189044502 ], [ 127.220730875174254, 37.647911253346962 ], [ 127.221574952062269, 37.648781204858302 ], [ 127.221582498664205, 37.648788924795753 ], [ 127.222175679283779, 37.649391216049324 ], [ 127.222239419912981, 37.649452165930342 ], [ 127.222840470368581, 37.649993776097752 ], [ 127.222873814014179, 37.650022953226156 ], [ 127.223360840084496, 37.650436830698112 ], [ 127.223506490290561, 37.650546798601333 ], [ 127.224587816551406, 37.651271613153135 ], [ 127.224707013565734, 37.651344589139221 ], [ 127.226192581736797, 37.652173515147012 ], [ 127.226347767579625, 37.652250545501666 ], [ 127.227140430846774, 37.652598350029784 ], [ 127.227172365620987, 37.652612011039253 ], [ 127.228094681947667, 37.652996526661518 ], [ 127.228280793395157, 37.653063120620445 ], [ 127.228989985063052, 37.653277188749563 ], [ 127.229026534949114, 37.653287842169277 ], [ 127.229918816557188, 37.653538742856782 ], [ 127.230004005014806, 37.653560707822336 ], [ 127.230995602166189, 37.653793618767068 ], [ 127.231142134628001, 37.653822480979784 ], [ 127.231950890847259, 37.653951783497583 ], [ 127.232055696298815, 37.653965845396655 ], [ 127.233024859264376, 37.654071226296118 ], [ 127.233049720281457, 37.654073781155972 ], [ 127.234141032291163, 37.654179429241573 ], [ 127.234229781019607, 37.654186148734055 ], [ 127.235733426477623, 37.654268431862363 ], [ 127.235771656010954, 37.654270180029407 ], [ 127.24005943853453, 37.654427686381815 ], [ 127.242674990734173, 37.65479373260532 ], [ 127.243951966938724, 37.654983390277835 ], [ 127.243958020920545, 37.654984046902072 ], [ 127.243963974806064, 37.654985138188451 ], [ 127.244021776475478, 37.654991071716587 ], [ 127.244079017449764, 37.654998332640673 ], [ 127.244086003971773, 37.654998666538368 ], [ 127.244092924521979, 37.654999498057961 ], [ 127.244105112824784, 37.6550000006186 ], [ 127.244117317855924, 37.655001324378404 ], [ 127.244123423639692, 37.655001506055477 ], [ 127.244129483397174, 37.655002128102069 ], [ 127.244187740116686, 37.65500352863328 ], [ 127.244245599248472, 37.655006293752599 ], [ 127.244252593293183, 37.655006081584602 ], [ 127.244259583033966, 37.655006369783436 ], [ 127.244271774070825, 37.655005920112529 ], [ 127.244284083598785, 37.655006286364994 ], [ 127.244290182379302, 37.655005991345121 ], [ 127.244296289646869, 37.655006138161013 ], [ 127.248139227156656, 37.654948445246006 ], [ 127.249909104709914, 37.654999514095593 ], [ 127.249927149418653, 37.654999958389268 ], [ 127.251206410422753, 37.65502604594888 ], [ 127.251794970481342, 37.655065106928639 ], [ 127.252243279081085, 37.655145768788039 ], [ 127.253026744490583, 37.655355225973537 ], [ 127.255364469115293, 37.655990279760346 ], [ 127.255378577047054, 37.65599405732894 ], [ 127.257736526600397, 37.656616275115361 ], [ 127.258767237282257, 37.656895796299317 ], [ 127.258776446012334, 37.656898270254068 ], [ 127.260520258410111, 37.657362324795614 ], [ 127.261374306640235, 37.65759239203156 ], [ 127.261747579592537, 37.657734400412238 ], [ 127.261754751439156, 37.657737112516607 ], [ 127.262130097697167, 37.657878199026179 ], [ 127.263011551298973, 37.658365568604125 ], [ 127.26483240565517, 37.659422298941713 ], [ 127.264938457605183, 37.659479111662229 ], [ 127.265655012569056, 37.6598325752759 ], [ 127.265780336799395, 37.659888703248285 ], [ 127.266443722471962, 37.660157081810787 ], [ 127.266478259172345, 37.660170664418629 ], [ 127.266989181616239, 37.660365902561509 ], [ 127.267023491200362, 37.660378641269666 ], [ 127.269105476883411, 37.661129297968699 ], [ 127.269121373253142, 37.661134951351059 ], [ 127.272149188614321, 37.662196952234147 ], [ 127.272260854606699, 37.662232422921662 ], [ 127.273694996908276, 37.66264184742132 ], [ 127.273907475782181, 37.66269036841144 ], [ 127.274792680929593, 37.662843802220713 ], [ 127.274918177655536, 37.662861666021087 ], [ 127.276078322226866, 37.662991336020823 ], [ 127.27621402143059, 37.663002113058532 ], [ 127.277282785310135, 37.66305269279929 ], [ 127.277519692666274, 37.66305076146125 ], [ 127.279092822813837, 37.662950534604363 ], [ 127.279269483277687, 37.662931830793958 ], [ 127.280277758231662, 37.662781972821818 ], [ 127.280438848482703, 37.662751510290555 ], [ 127.281561964215953, 37.662492601932875 ], [ 127.281699691127756, 37.66245571133792 ], [ 127.282586148963844, 37.662184215741156 ], [ 127.282770417187265, 37.662117510897531 ], [ 127.28430692663845, 37.661470881321414 ], [ 127.284466559882603, 37.661394519948558 ], [ 127.285116541393052, 37.661043667890809 ], [ 127.285219342498024, 37.660983576714706 ], [ 127.286244276121209, 37.660335989134424 ], [ 127.286277143766696, 37.660314684978253 ], [ 127.287912836658677, 37.659227163319258 ], [ 127.289500302184152, 37.658295397925016 ], [ 127.289547223767329, 37.658266842011166 ], [ 127.290502189834427, 37.65766444699991 ], [ 127.291385911882131, 37.657262015104564 ], [ 127.292382013644357, 37.656828169154259 ], [ 127.293087932601011, 37.656562966516525 ], [ 127.294174600951308, 37.656181903175955 ], [ 127.295194198782397, 37.655881368800053 ], [ 127.29611634987468, 37.655627410334638 ], [ 127.297080836665216, 37.655410120051435 ], [ 127.297925099984354, 37.655223965692713 ], [ 127.298879835199813, 37.655064992956127 ], [ 127.299772244115999, 37.654950147751045 ], [ 127.301403098032125, 37.654813390514363 ], [ 127.302950827741171, 37.654720426601983 ], [ 127.302972594489631, 37.654719007223498 ], [ 127.305231887998445, 37.6545600411891 ], [ 127.307353622444055, 37.654443050183424 ], [ 127.307365569563913, 37.654442357693789 ], [ 127.309144173596096, 37.654334242662699 ], [ 127.311468108550244, 37.65434387335327 ], [ 127.311470763731108, 37.654343780646663 ], [ 127.311473532716789, 37.654343893235627 ], [ 127.311501280832246, 37.654342853879321 ], [ 127.31152905500106, 37.654343261164662 ], [ 127.311582034852819, 37.654339895521332 ], [ 127.311634829336143, 37.654338052120423 ], [ 127.311637460394422, 37.654337752930303 ], [ 127.311640229298717, 37.654337649212373 ], [ 127.311667715654295, 37.654334452438505 ], [ 127.311695406287157, 37.65433269330974 ], [ 127.311747714435924, 37.654325215365098 ], [ 127.311800029586038, 37.654319266297513 ], [ 127.311802611715947, 37.65431876338635 ], [ 127.311805353336325, 37.654318444521223 ], [ 127.311832313209379, 37.654313121117923 ], [ 127.311859653616096, 37.65430921251744 ], [ 127.31191078494524, 37.654297694860418 ], [ 127.311962118247649, 37.654287696811622 ], [ 127.311964627065876, 37.654286994780882 ], [ 127.311967314511406, 37.65428646412343 ], [ 127.311993488250394, 37.654279065360477 ], [ 127.312020215114615, 37.654273044932324 ], [ 127.312069676024876, 37.654257599367874 ], [ 127.312119534241177, 37.654243647709755 ], [ 127.312121945992388, 37.654242752965516 ], [ 127.312124552972193, 37.654242016023446 ], [ 127.312149688498181, 37.654232613158435 ], [ 127.312175544413449, 37.654224538885686 ], [ 127.312222857649886, 37.654205315323814 ], [ 127.312270761496578, 37.654187543230037 ], [ 127.312273053255993, 37.654186463935574 ], [ 127.312275554358735, 37.654185528302186 ], [ 127.312299409593081, 37.654174211894137 ], [ 127.31232414554259, 37.654164161540407 ], [ 127.312368854854313, 37.654141346507366 ], [ 127.31241434355654, 37.654119923715321 ], [ 127.312416493428557, 37.654118669730579 ], [ 127.312418864389386, 37.654117544993461 ], [ 127.3124412095857, 37.6541044240305 ], [ 127.312464587340685, 37.654092494390831 ], [ 127.312506261926117, 37.654066309178887 ], [ 127.312548897605296, 37.654041440408356 ], [ 127.312550884916973, 37.654040023216119 ], [ 127.31255310286862, 37.654038720843637 ], [ 127.312573722825576, 37.654023921693259 ], [ 127.312595517239942, 37.65401022766175 ], [ 127.312633755932282, 37.653980926137301 ], [ 127.312673127787335, 37.653952849178786 ], [ 127.312674933275716, 37.653951281797639 ], [ 127.312676976980612, 37.653949815004943 ], [ 127.312695673114646, 37.65393348019677 ], [ 127.312715674293443, 37.65391815365993 ], [ 127.312750109445432, 37.653886019753337 ], [ 127.312785837688423, 37.653855003242519 ], [ 127.312787443680122, 37.653853300126279 ], [ 127.312789293740792, 37.653851683723168 ], [ 127.312805885998657, 37.653833970576088 ], [ 127.312823901319589, 37.653817159142484 ], [ 127.31285420234876, 37.653782504046305 ], [ 127.312885941857942, 37.653748844943472 ], [ 127.312887332439757, 37.653747021867254 ], [ 127.312888971485279, 37.653745272090248 ], [ 127.312903300077949, 37.65372635119715 ], [ 127.31291915604649, 37.65370821677557 ], [ 127.312945032606677, 37.653671375881132 ], [ 127.312972476262104, 37.653635396676933 ], [ 127.312973637440891, 37.653633470609947 ], [ 127.31297505028752, 37.653631604941147 ], [ 127.312986977229031, 37.653611658525818 ], [ 127.313000521149121, 37.653592375765825 ], [ 127.313021725898466, 37.653553705369461 ], [ 127.313044607567292, 37.653515751042143 ], [ 127.313045527417088, 37.65351374000759 ], [ 127.313046701202055, 37.653511776982967 ], [ 127.313056111638147, 37.653490997144957 ], [ 127.313067213082448, 37.653470751754746 ], [ 127.313083544021893, 37.653430625568589 ], [ 127.31310164116384, 37.653391060318739 ], [ 127.313102309958794, 37.653388983241008 ], [ 127.313103234246171, 37.653386942251089 ], [ 127.313110037559881, 37.653365529115497 ], [ 127.313118589625688, 37.653344516073197 ], [ 127.313129891987472, 37.653303321575976 ], [ 127.313143027853627, 37.653262525368667 ], [ 127.313143438184255, 37.653260401908788 ], [ 127.313144105042582, 37.653258302994168 ], [ 127.313148235726757, 37.653236462784221 ], [ 127.313154156065053, 37.653214884460006 ], [ 127.31316032373492, 37.65317301912502 ], [ 127.313168369136321, 37.653131384070406 ], [ 127.313168516007622, 37.653129234450496 ], [ 127.313168920059638, 37.653127098094998 ], [ 127.313170338347192, 37.653105041145849 ], [ 127.313173569955296, 37.653083105352906 ], [ 127.313174546417457, 37.653040972790997 ], [ 127.313177421044486, 37.652998899396778 ], [ 127.313177301953431, 37.652996744214732 ], [ 127.313177440398235, 37.652994591138764 ], [ 127.313176132644614, 37.652972529871839 ], [ 127.313176644414611, 37.652950447864875 ], [ 127.31316725739353, 37.652707124725488 ], [ 127.313153962958395, 37.652574866415762 ], [ 127.313124427742579, 37.652444281004186 ], [ 127.31307893626807, 37.652316626087988 ], [ 127.313017926716853, 37.652193131036078 ], [ 127.312941986708225, 37.652074985150229 ], [ 127.312851847637205, 37.651963326212361 ], [ 127.312748377628836, 37.651859229528142 ], [ 127.312632573176259, 37.651763697572349 ], [ 127.312505549543104, 37.65167765033582 ], [ 127.312368530022923, 37.651601916466738 ], [ 127.312222834158533, 37.651537225291541 ], [ 127.312069865035369, 37.651484199792421 ], [ 127.311911095770668, 37.651443350608744 ], [ 127.311748055328934, 37.651415071120262 ], [ 127.311582313799718, 37.651399633659487 ], [ 127.311415467279986, 37.651397186889461 ], [ 127.311249122505956, 37.651407754372464 ], [ 127.311084881382797, 37.651431234343001 ], [ 127.31092432556062, 37.651467400687835 ], [ 127.310769001205514, 37.651515905122977 ], [ 127.310620404111972, 37.651576280547324 ], [ 127.31050371706668, 37.651635825192798 ], [ 127.309092575635148, 37.651629971085214 ], [ 127.308954043481037, 37.651633887812153 ], [ 127.30711230961478, 37.651745841086907 ], [ 127.304980467954849, 37.651863389443761 ], [ 127.304948175204814, 37.651865415647457 ], [ 127.302683705725642, 37.652024746390353 ], [ 127.301121741349817, 37.652118565246447 ], [ 127.301071450810738, 37.652122183388833 ], [ 127.299368685545602, 37.652264970863676 ], [ 127.299275314938455, 37.652274885821456 ], [ 127.298297821225916, 37.652400680770761 ], [ 127.298220942450982, 37.652412021927525 ], [ 127.297174607103329, 37.652586246826786 ], [ 127.297068717929591, 37.652606714225037 ], [ 127.296167357366116, 37.652805458004373 ], [ 127.296158179454338, 37.652807503670836 ], [ 127.295142219940004, 37.653036389659832 ], [ 127.295049222096694, 37.653059650079314 ], [ 127.294063674772744, 37.653331066995065 ], [ 127.29402911916479, 37.653340916713944 ], [ 127.29294418618548, 37.65366070771681 ], [ 127.292849042799446, 37.653691379184593 ], [ 127.291695154965964, 37.654096012340574 ], [ 127.291654875571382, 37.654110637791831 ], [ 127.290883008312349, 37.654400614134858 ], [ 127.290792493801845, 37.654437286654414 ], [ 127.28973767436726, 37.654896702871582 ], [ 127.289709480676805, 37.654909260513406 ], [ 127.288700453648801, 37.655368749025975 ], [ 127.288591860763432, 37.655422612176594 ], [ 127.288488670862279, 37.655482816237445 ], [ 127.2874563826485, 37.656133976215862 ], [ 127.285851281354084, 37.657076077605517 ], [ 127.2857703485343, 37.657126658447432 ], [ 127.284111433052487, 37.658229600202034 ], [ 127.283153092195263, 37.658835102033457 ], [ 127.282633120530676, 37.659115772766945 ], [ 127.28126872620706, 37.659689964173424 ], [ 127.28054479646525, 37.65991168122455 ], [ 127.279571178926588, 37.660136125834939 ], [ 127.278732124840019, 37.660260832856395 ], [ 127.277366360110449, 37.660347848451721 ], [ 127.27648428811537, 37.660306103888644 ], [ 127.275454927157199, 37.660191051775854 ], [ 127.274740300184931, 37.660067184903852 ], [ 127.273467069508342, 37.659703699356754 ], [ 127.270502343165035, 37.658663832677334 ], [ 127.26844558516828, 37.657922276894617 ], [ 127.267969105360535, 37.65774020163677 ], [ 127.267387061528439, 37.657504732767421 ], [ 127.266786056094233, 37.657208271105169 ], [ 127.265001177976288, 37.656172434527633 ], [ 127.264969460825739, 37.656154466253369 ], [ 127.263955859207243, 37.655594037119073 ], [ 127.263836741964994, 37.655533847052233 ], [ 127.263711757173169, 37.655481717439102 ], [ 127.263212081603442, 37.655293899347626 ], [ 127.262750533195273, 37.655118308386839 ], [ 127.262562210198098, 37.655057375281245 ], [ 127.261608744914881, 37.6548005281361 ], [ 127.261602768005076, 37.654798927846755 ], [ 127.259860627034072, 37.654335319978323 ], [ 127.258827883115373, 37.65405524846787 ], [ 127.258814536177752, 37.65405167779894 ], [ 127.256457039985662, 37.653429582213896 ], [ 127.254122504613989, 37.652795397247488 ], [ 127.254114648695051, 37.652793280061047 ], [ 127.253245135221675, 37.652560818743666 ], [ 127.253078471677711, 37.652523650871466 ], [ 127.252429966431848, 37.652406968809778 ], [ 127.25219607469792, 37.65237830886074 ], [ 127.251440474278738, 37.652328162221743 ], [ 127.251342603562094, 37.652323920294407 ], [ 127.250023400131113, 37.652297018685502 ], [ 127.248215703977777, 37.652244858385231 ], [ 127.248121875120717, 37.652244209925797 ], [ 127.245574244840242, 37.652282472129258 ], [ 127.24554241880962, 37.652253932167419 ], [ 127.245420004718369, 37.652163760108316 ], [ 127.245287063972341, 37.652083561995305 ], [ 127.24514487684057, 37.652014110147064 ], [ 127.244994812623801, 37.651956073392263 ], [ 127.244838316469185, 37.651910010629507 ], [ 127.244676895454347, 37.651876365445901 ], [ 127.244512104076321, 37.651855461845898 ], [ 127.244345529283592, 37.651847501131691 ], [ 127.24417877519609, 37.651852559964887 ], [ 127.244013447660052, 37.651870589628459 ], [ 127.243851138786113, 37.651901416495761 ], [ 127.243693411619674, 37.651944743702373 ], [ 127.243541785090827, 37.65200015400444 ], [ 127.243397719388952, 37.652067113796186 ], [ 127.243282919825518, 37.652133269613905 ], [ 127.243273290079017, 37.652131880733592 ], [ 127.240541652077425, 37.651749587724829 ], [ 127.240325279222972, 37.651730552958291 ], [ 127.235947823870831, 37.651569755506216 ], [ 127.234507817789236, 37.651490955211038 ], [ 127.233473248325254, 37.651390800284162 ], [ 127.232569215095367, 37.651292501504656 ], [ 127.231886681056253, 37.651183379439495 ], [ 127.231010529451112, 37.650977585413671 ], [ 127.230178854604802, 37.650743727660036 ], [ 127.22958345191833, 37.650564007656037 ], [ 127.228767751346993, 37.650223942961851 ], [ 127.228071181757002, 37.649918305635993 ], [ 127.226722247438772, 37.649165630184804 ], [ 127.225775411589382, 37.648530977395168 ], [ 127.225374056922263, 37.648189913297713 ], [ 127.224822401258223, 37.64769282849479 ], [ 127.224263749667685, 37.647125616972453 ], [ 127.223430684864951, 37.646267047069003 ], [ 127.219176324582961, 37.641752764706901 ], [ 127.218062592649616, 37.640552360523124 ], [ 127.217973860562481, 37.640464618164458 ], [ 127.216908941455927, 37.639496996051541 ], [ 127.216805026859333, 37.639410599897595 ], [ 127.21618095354394, 37.638935668815762 ], [ 127.216058299159826, 37.638850875727229 ], [ 127.215494832456372, 37.638497479528723 ], [ 127.215359102155873, 37.638420620626285 ], [ 127.214604946228818, 37.638036411777911 ], [ 127.214535815675831, 37.638003009792023 ], [ 127.213469134927152, 37.637514853297191 ], [ 127.213386091744255, 37.637479250391337 ], [ 127.212441122807761, 37.63710063362609 ], [ 127.212327279147956, 37.637059127152668 ], [ 127.212209902301922, 37.637024397698788 ], [ 127.211371187271013, 37.63680384201664 ], [ 127.211225597030761, 37.636771192299967 ], [ 127.207763011522047, 37.636125354838349 ], [ 127.207742211280149, 37.636121584197497 ], [ 127.199733923816822, 37.634711528705864 ], [ 127.199694738774497, 37.634705011674079 ], [ 127.197330258870238, 37.634334791609206 ], [ 127.197158926734659, 37.634315106983657 ], [ 127.196136524818201, 37.634239642678942 ], [ 127.196035633159354, 37.634234595845633 ], [ 127.195524334020433, 37.634221138230238 ], [ 127.195317325008219, 37.634225725386486 ], [ 127.194821091639142, 37.634260860706334 ], [ 127.194757448934666, 37.63426632893102 ], [ 127.194230612122624, 37.634319591506689 ], [ 127.194127394143663, 37.634332601499139 ], [ 127.193417162006256, 37.634440011565331 ], [ 127.193231594571472, 37.634476782139586 ], [ 127.191695964235748, 37.634855166466373 ], [ 127.191470636589941, 37.634925006556607 ], [ 127.190239922485929, 37.635389143698809 ], [ 127.190116106105805, 37.635440902162749 ], [ 127.189998059090584, 37.635500580078421 ], [ 127.189886580563623, 37.635567773461148 ], [ 127.188577877020521, 37.636426214313047 ], [ 127.188439919877695, 37.636527381449078 ], [ 127.187398341835575, 37.637380444478175 ], [ 127.187268148887611, 37.637500401565298 ], [ 127.186562883131231, 37.638232955400561 ], [ 127.186489833675992, 37.638314975710749 ], [ 127.186424648097088, 37.638401084846244 ], [ 127.186205794745334, 37.638716123741581 ], [ 127.186163027483218, 37.638781878057934 ], [ 127.185901707308972, 37.639212126347914 ], [ 127.18584179883976, 37.639323177602485 ], [ 127.185541454751899, 37.639956653703571 ], [ 127.185534331691727, 37.639971956404374 ], [ 127.184620773548858, 37.641971508352654 ], [ 127.184386679832969, 37.642466679813751 ], [ 127.183674009863765, 37.643845984748985 ], [ 127.18322480792007, 37.644707771876305 ], [ 127.183017508833004, 37.645106031164516 ], [ 127.182664117155682, 37.645578304975352 ], [ 127.182481473950119, 37.645810277312897 ], [ 127.182172031433439, 37.646116960697306 ], [ 127.181655288436289, 37.646621315910387 ], [ 127.181464853278285, 37.646751023728655 ], [ 127.181385151911442, 37.646808895697234 ], [ 127.181076438928457, 37.647047775739686 ], [ 127.179905248220393, 37.647765131567589 ], [ 127.177175706107519, 37.649366965011453 ], [ 127.177171236263803, 37.649369597022861 ], [ 127.175923741141943, 37.650106669924327 ], [ 127.175913877283676, 37.65011254202529 ], [ 127.174072300885868, 37.651217130800262 ], [ 127.172151551513565, 37.652345230264821 ], [ 127.171066496173083, 37.652951053636542 ], [ 127.170206775364051, 37.653397753866926 ], [ 127.169560968881754, 37.653676822402595 ], [ 127.168926113402151, 37.653877646974323 ], [ 127.16841772480791, 37.654009156045525 ], [ 127.167786831033567, 37.6541278562825 ], [ 127.166987708545804, 37.654202427693512 ], [ 127.166494147197753, 37.654224955860634 ], [ 127.165983588426982, 37.654209012046614 ], [ 127.165443731743395, 37.654167541332086 ], [ 127.164916195921919, 37.654092598490024 ], [ 127.164488695931311, 37.654025388479177 ], [ 127.164003985637081, 37.653915806344521 ], [ 127.163450885164892, 37.65374670344341 ], [ 127.162653676282417, 37.653429701947601 ], [ 127.16188877273369, 37.653119922120986 ], [ 127.160990700022097, 37.652738948030446 ], [ 127.160342274759444, 37.652455316189034 ], [ 127.158602463970226, 37.651663797771718 ], [ 127.15854792541694, 37.651640026982079 ], [ 127.158071715967267, 37.651441385245739 ], [ 127.157881814516188, 37.651373609875712 ], [ 127.157476711408179, 37.651252123333222 ], [ 127.157045937503526, 37.651084512412048 ], [ 127.156929058875988, 37.651043290672256 ], [ 127.155076750306847, 37.650455206488814 ], [ 127.155061052066685, 37.650450293984115 ], [ 127.150868514723797, 37.64915727222143 ], [ 127.15086069041466, 37.649154876571764 ], [ 127.147674392472368, 37.64818640455325 ], [ 127.147650992263337, 37.648179447896112 ], [ 127.144875205624047, 37.647372621601455 ], [ 127.14484000468687, 37.647338682609472 ], [ 127.144721731622994, 37.647245089342682 ], [ 127.144592490972244, 37.647161164404508 ], [ 127.144453527375873, 37.647087716004407 ], [ 127.144306179096148, 37.647025451458987 ], [ 127.144151865129302, 37.646974970381294 ], [ 127.143088764626157, 37.646674783465826 ], [ 127.139792294226623, 37.645688201489094 ], [ 127.138775655684682, 37.645372893200062 ], [ 127.138128668763173, 37.645160747410863 ], [ 127.137196345093329, 37.644845166113541 ], [ 127.136485920190012, 37.64457437908645 ], [ 127.1356252462257, 37.644238498991406 ], [ 127.134687351145203, 37.643854565901762 ], [ 127.133534970659653, 37.643329824947728 ], [ 127.133504392541482, 37.643316231534321 ], [ 127.132490386234352, 37.642876291810119 ], [ 127.132479413877149, 37.642871572688414 ], [ 127.131015728001842, 37.642247546728214 ], [ 127.131007423347143, 37.642244029541473 ], [ 127.12950109494507, 37.641610302653895 ], [ 127.129853975912141, 37.640967137104461 ], [ 127.130022681355157, 37.64078419586734 ], [ 127.130307484037218, 37.640649521762597 ], [ 127.146420701418251, 37.633547399213782 ], [ 127.146579602744978, 37.633467919631016 ], [ 127.146726516649693, 37.633374991870049 ], [ 127.15023566405948, 37.630891684408482 ], [ 127.150328215790893, 37.630821031638526 ], [ 127.150413804532178, 37.6307450291946 ], [ 127.150979136125457, 37.630203190386979 ], [ 127.151067064044483, 37.630111180403318 ], [ 127.151144790451397, 37.6300135343485 ], [ 127.151211747443611, 37.62991096571767 ], [ 127.151454881407275, 37.629496056955034 ], [ 127.151523364220708, 37.629360507173459 ], [ 127.15157305875239, 37.629219872188933 ], [ 127.151603384934376, 37.629075793890536 ], [ 127.151613988828316, 37.628929954358014 ], [ 127.151616973469103, 37.628290536541797 ], [ 127.151613958974664, 37.628204880174344 ], [ 127.151325390299021, 37.624363470146463 ], [ 127.151322178749041, 37.624340076855574 ], [ 127.151320837873044, 37.624316587311533 ], [ 127.151313134394755, 37.624274196685249 ], [ 127.151307283030093, 37.624231574576697 ], [ 127.151301202650558, 37.624208538703449 ], [ 127.151296974568226, 37.624185272391706 ], [ 127.15128408738471, 37.624143696441386 ], [ 127.151273009143821, 37.624101725767531 ], [ 127.151264117173994, 37.624079269509409 ], [ 127.151257043947595, 37.624056450179836 ], [ 127.151239099532887, 37.62401608853952 ], [ 127.151222898796263, 37.623975174220647 ], [ 127.151211279657304, 37.623953514336314 ], [ 127.15120143064199, 37.623931361288754 ], [ 127.15117860394642, 37.623892601649672 ], [ 127.151157434648979, 37.623853138677447 ], [ 127.151143199163855, 37.623832484380173 ], [ 127.151130670305889, 37.62381121037177 ], [ 127.1511031830142, 37.623774424788493 ], [ 127.151077247218012, 37.623736794382566 ], [ 127.151060531571744, 37.623717345301515 ], [ 127.151045444456074, 37.623697154521956 ], [ 127.151013562806341, 37.623662695877201 ], [ 127.150983108799366, 37.623627261766657 ], [ 127.150964073248687, 37.623609205996537 ], [ 127.150946573906054, 37.623590292129713 ], [ 127.150910606092424, 37.623558490789989 ], [ 127.150875926029542, 37.623525595657036 ], [ 127.150854753373508, 37.623509107916192 ], [ 127.150835010859652, 37.623491652305866 ], [ 127.150795304044792, 37.623462812997943 ], [ 127.150756731152867, 37.623432775120385 ], [ 127.150733624978926, 37.623418015036023 ], [ 127.150711829739706, 37.623402184971951 ], [ 127.1506687667069, 37.623376583908232 ], [ 127.150626672079895, 37.623349694035099 ], [ 127.150601854801408, 37.62333680457342 ], [ 127.150578216840401, 37.623322751713268 ], [ 127.150532212317344, 37.623300633991214 ], [ 127.150487001332323, 37.623277152484029 ], [ 127.150460712037358, 37.623266258541811 ], [ 127.150435458902891, 37.623254117482695 ], [ 127.150386955592538, 37.623235694781265 ], [ 127.150339063981406, 37.623215849050574 ], [ 127.150311556112982, 37.623207056222732 ], [ 127.150284930724268, 37.623196943234937 ], [ 127.150234395079565, 37.623182391827953 ], [ 127.150184284695356, 37.623166374092044 ], [ 127.150155823586857, 37.623159767628458 ], [ 127.150128081918979, 37.623151779562498 ], [ 127.15007599970123, 37.62314123866593 ], [ 127.150024154020926, 37.623129204055473 ], [ 127.149995014310974, 37.623124848017774 ], [ 127.149966422960361, 37.623119061394021 ], [ 127.149913294621669, 37.62311263186168 ], [ 127.149860214031094, 37.623104696889868 ], [ 127.149830676983981, 37.62310263351754 ], [ 127.149801510636451, 37.623099103806673 ], [ 127.149747846568545, 37.623096847185224 ], [ 127.149694043476828, 37.623093088599873 ], [ 127.1496643942357, 37.623093337892193 ], [ 127.149634933060298, 37.623092098992359 ], [ 127.149581248752611, 37.623094036943876 ], [ 127.14952724258589, 37.623094490973251 ], [ 127.14949776738662, 37.623097050491594 ], [ 127.149468294378664, 37.623098114407263 ], [ 127.149415105530153, 37.623104228504197 ], [ 127.1493614176552, 37.623108890504689 ], [ 127.149332401029056, 37.623113735397247 ], [ 127.149303199326582, 37.623117092122264 ], [ 127.149251016954381, 37.623127324016835 ], [ 127.14919816558448, 37.623136148525752 ], [ 127.149169887578566, 37.623143231774499 ], [ 127.149141237776121, 37.623148849380883 ], [ 127.149090563366457, 37.623163101347281 ], [ 127.149039058500648, 37.623176002540141 ], [ 127.149011791944005, 37.623185255427181 ], [ 127.148983969428343, 37.623193080358789 ], [ 127.148935290172446, 37.623211216204147 ], [ 127.148885628620377, 37.623228068751068 ], [ 127.148859636463598, 37.623239401539642 ], [ 127.148832908795498, 37.623249359108627 ], [ 127.148786692954786, 37.623271205444631 ], [ 127.148739353496723, 37.623291845756818 ], [ 127.14871488625208, 37.62330514857932 ], [ 127.148689510618041, 37.623317143661183 ], [ 127.148646203060551, 37.623342491526124 ], [ 127.148601641791942, 37.623366719378474 ], [ 127.148578935099522, 37.623381863322329 ], [ 127.148555155856741, 37.623395781243921 ], [ 127.14851517380626, 37.623424388060975 ], [ 127.148473819712876, 37.623451968573782 ], [ 127.148453092057338, 37.623468806953447 ], [ 127.148431138395026, 37.623484514566407 ], [ 127.148394867432231, 37.623516106421697 ], [ 127.148357118240426, 37.623546772379882 ], [ 127.148338568840316, 37.623565142181604 ], [ 127.148318652579135, 37.623582489112103 ], [ 127.148286442932942, 37.623616763332699 ], [ 127.148252661274782, 37.623650217818451 ], [ 127.148236468165791, 37.623669941302744 ], [ 127.148218781716309, 37.623688761366587 ], [ 127.148190944880753, 37.623725389375679 ], [ 127.148161454811856, 37.62376130868676 ], [ 127.148147773141446, 37.62378219513181 ], [ 127.148132487641618, 37.623802307902807 ], [ 127.148109293351141, 37.623840938327398 ], [ 127.148084377254179, 37.62387897515044 ], [ 127.148073337804689, 37.623900822718298 ], [ 127.148060601454048, 37.623922035235992 ], [ 127.148042275047516, 37.62396229723884 ], [ 127.148022170950128, 37.624002084045351 ], [ 127.148013878902944, 37.624024681752168 ], [ 127.148003815511117, 37.624046790353262 ], [ 127.147990535711145, 37.62408829715929 ], [ 127.147975435042738, 37.624129449789457 ], [ 127.147969968995255, 37.624152579559443 ], [ 127.147962676758866, 37.624175371816833 ], [ 127.147954573890189, 37.624217724401532 ], [ 127.147944619697327, 37.624259845799735 ], [ 127.147942030940627, 37.624283284582383 ], [ 127.147937581462074, 37.624306541333603 ], [ 127.147934736127837, 37.624349332239674 ], [ 127.147930021763301, 37.624392016304135 ], [ 127.147930333826253, 37.624415538233549 ], [ 127.14792877138494, 37.624439035679998 ], [ 127.147931213616985, 37.624481852926024 ], [ 127.147931781912192, 37.624524688434825 ], [ 127.148216963788059, 37.628323315524142 ], [ 127.148215577176828, 37.628617508682545 ], [ 127.14787951414381, 37.628939595362517 ], [ 127.144607312667716, 37.631255177617717 ], [ 127.128636728191765, 37.638294349862385 ], [ 127.128591815186965, 37.638314857873901 ], [ 127.127987331714962, 37.638600694717063 ], [ 127.127845243691965, 37.638675802284439 ], [ 127.127713337056477, 37.638761856291261 ], [ 127.127592940184357, 37.638857990147478 ], [ 127.127485265558491, 37.638963235752527 ], [ 127.12700018508022, 37.639489228802042 ], [ 127.126897523822137, 37.639614534196561 ], [ 127.126812893930634, 37.639748089544796 ], [ 127.126493803828836, 37.640329626312102 ], [ 127.123817220543103, 37.639191095840999 ], [ 127.121931365150132, 37.638381449049149 ], [ 127.121916962084711, 37.638375336095415 ], [ 127.120711767701266, 37.63786971477758 ], [ 127.120145056364692, 37.637607238537804 ], [ 127.119624635259669, 37.637355370541336 ], [ 127.119311567412637, 37.63718503488677 ], [ 127.119018473988689, 37.637017755745973 ], [ 127.118753687456575, 37.636859441781667 ], [ 127.118632133988925, 37.636769265095687 ], [ 127.118316916958349, 37.63652630440172 ], [ 127.118115198764087, 37.636349141103949 ], [ 127.117878971963179, 37.636126142021361 ], [ 127.11763279618286, 37.635884971155392 ], [ 127.117420410964741, 37.635642378264116 ], [ 127.117252173610225, 37.635398706716245 ], [ 127.117040573174279, 37.635089142954577 ], [ 127.116786120854613, 37.634662573630052 ], [ 127.11655775077449, 37.634148701342752 ], [ 127.116553068540611, 37.634138300864365 ], [ 127.116246954478072, 37.633466989006898 ], [ 127.116182451471104, 37.63334462792195 ], [ 127.116103178490789, 37.633227884074941 ], [ 127.116009899027375, 37.633117881744674 ], [ 127.115959461873231, 37.633069429229103 ], [ 127.115481699185082, 37.631920944528737 ], [ 127.11546876838338, 37.631891037557672 ], [ 127.114679728122894, 37.630133196000259 ], [ 127.114593107934738, 37.629973492442566 ], [ 127.113118721174999, 37.627674187320999 ], [ 127.113099696795459, 37.627645379680736 ], [ 127.110521944578011, 37.623853354478186 ], [ 127.110145108130126, 37.623195826664421 ], [ 127.110095463426717, 37.623116240195344 ], [ 127.108959368153563, 37.621435934297772 ], [ 127.107631873007435, 37.619383752530496 ], [ 127.107321046550268, 37.618887012639945 ], [ 127.107166408115447, 37.618630246072925 ], [ 127.107015870571445, 37.618354093201539 ], [ 127.10670938016753, 37.617649700871731 ], [ 127.106163173846824, 37.616389230037228 ], [ 127.106149844768041, 37.616359594464143 ], [ 127.105680752062611, 37.615353682506509 ], [ 127.105299639596964, 37.614443008513128 ], [ 127.105119270489482, 37.613957324809846 ], [ 127.10502392000457, 37.613628766065766 ], [ 127.104943465826111, 37.613229354049324 ], [ 127.104927357487298, 37.613109430400527 ], [ 127.104951684720646, 37.61298372427666 ], [ 127.104960782572576, 37.612851242446844 ], [ 127.104953512985347, 37.612718689164986 ], [ 127.104905089349828, 37.612304273845503 ], [ 127.104895702492044, 37.612169144184151 ], [ 127.104889796046763, 37.61195967963004 ], [ 127.10491657082963, 37.611414660483575 ], [ 127.104979384108589, 37.610569986909212 ], [ 127.105056087230935, 37.609740889417736 ], [ 127.105109876104223, 37.609251627343738 ], [ 127.105112421867588, 37.609225572004071 ], [ 127.105151105356981, 37.608773090292608 ], [ 127.105154600347007, 37.608711477396902 ], [ 127.105162629779173, 37.608424893561974 ], [ 127.105162992358643, 37.608383459431479 ], [ 127.105158522520583, 37.607958245419134 ], [ 127.105157394387675, 37.60791901678023 ], [ 127.105127535817076, 37.60728393869141 ], [ 127.105247765819541, 37.607315093042814 ], [ 127.105250492744588, 37.607315797626299 ], [ 127.107624110611198, 37.607927304151026 ], [ 127.107635980028533, 37.607929857369683 ], [ 127.10764753951338, 37.607933191245181 ], [ 127.10766687677652, 37.607937113097606 ], [ 127.107685820441091, 37.607942179470086 ], [ 127.109620927736003, 37.608376884461443 ], [ 127.109779834483561, 37.608406110190046 ], [ 127.111120030452341, 37.608599221146065 ], [ 127.11123102071079, 37.608612219440616 ], [ 127.113099591110611, 37.608781122160224 ], [ 127.113245552604269, 37.608789271212146 ], [ 127.115218979628736, 37.60883165445955 ], [ 127.115324594935032, 37.608831310016946 ], [ 127.116610180275558, 37.608795309821602 ], [ 127.116726124107672, 37.608788898772225 ], [ 127.117943806767656, 37.608688177147627 ], [ 127.118099062800681, 37.608669532582816 ], [ 127.119865677753438, 37.608390423875754 ], [ 127.119970392762383, 37.608371121857502 ], [ 127.122351928632767, 37.607868475399378 ], [ 127.122467735194064, 37.607840484448694 ], [ 127.127803325092231, 37.606383676626571 ], [ 127.127821232681811, 37.606378697653355 ], [ 127.132879770330135, 37.604946845674249 ], [ 127.136404295356982, 37.603959402856439 ], [ 127.137284207366676, 37.603713680735076 ], [ 127.137351267430333, 37.60369852841788 ], [ 127.137664908024675, 37.603698166305925 ], [ 127.138261028534288, 37.603719704517012 ], [ 127.1385458151763, 37.603742767950813 ], [ 127.136628368817043, 37.609386144135279 ], [ 127.136611392205211, 37.6094405601158 ], [ 127.136447840029604, 37.610015541944968 ], [ 127.136422823516099, 37.610123784625507 ], [ 127.136408956558867, 37.61023328736141 ], [ 127.13625317256728, 37.612306952610631 ], [ 127.13625266940231, 37.612344691591481 ], [ 127.136250158525442, 37.612382370531748 ], [ 127.136251785604401, 37.612410979136307 ], [ 127.136251403676752, 37.612439624830778 ], [ 127.13625555323101, 37.612477224483825 ], [ 127.136257696816415, 37.612514914624349 ], [ 127.136262840604203, 37.612543256235035 ], [ 127.136265990317042, 37.612571796120797 ], [ 127.136274753416089, 37.612608894217963 ], [ 127.13628153008375, 37.612646232689457 ], [ 127.136290140496698, 37.612674034486496 ], [ 127.136296792096417, 37.612702193593407 ], [ 127.13631008508797, 37.612738432649778 ], [ 127.136321428883534, 37.612775060053103 ], [ 127.13633342249382, 37.612802054475686 ], [ 127.136343512458097, 37.612829561437735 ], [ 127.136361207996671, 37.612864592163263 ], [ 127.136377009045702, 37.612900156021908 ], [ 127.136392269898451, 37.612926083337257 ], [ 127.136405701532922, 37.612952673013822 ], [ 127.136427629787974, 37.612986157689051 ], [ 127.136447735370808, 37.613020315832202 ], [ 127.136466116112388, 37.613044926627339 ], [ 127.136482760469264, 37.61307034266661 ], [ 127.136508710745716, 37.613101958409466 ], [ 127.136532926781754, 37.613134382253456 ], [ 127.136554250087713, 37.613157439825741 ], [ 127.136573947197647, 37.613181437145343 ], [ 127.136603669953956, 37.613210879037126 ], [ 127.136631762880711, 37.613241256733914 ], [ 127.136655823169718, 37.61326253935804 ], [ 127.1366783835755, 37.613284886518407 ], [ 127.136711592820077, 37.613311870558121 ], [ 127.136743291848433, 37.613339909981484 ], [ 127.13676985726498, 37.613359213031643 ], [ 127.136795063842712, 37.613379694478574 ], [ 127.136831439885825, 37.613403960336377 ], [ 127.136866439609733, 37.613429391877574 ], [ 127.136895254256814, 37.613446529784561 ], [ 127.136922864306953, 37.613464947939271 ], [ 127.13696205684208, 37.613486261482109 ], [ 127.137000020177084, 37.613508840628612 ], [ 127.137030806576973, 37.613523648653725 ], [ 127.137060554165302, 37.613539825829385 ], [ 127.137102185649837, 37.613557981393498 ], [ 127.137142747072545, 37.613577491066849 ], [ 127.137175208832559, 37.613589826876002 ], [ 127.137206807358154, 37.613603607001977 ], [ 127.137250476660441, 37.613618429389746 ], [ 127.137293245718269, 37.61363468202061 ], [ 127.137327070375619, 37.613644427044036 ], [ 127.137360215341076, 37.613655677180461 ], [ 127.137405501618844, 37.613667023362012 ], [ 127.137450066675896, 37.613679862682936 ], [ 127.137484928694775, 37.613686923247613 ], [ 127.137519300651647, 37.613695534875646 ], [ 127.137565767423439, 37.613703295377853 ], [ 127.137611699607476, 37.613712597917129 ], [ 127.13764726350044, 37.613716906141619 ], [ 127.137682531140499, 37.613722796216187 ], [ 127.137729730510117, 37.613726896185632 ], [ 127.137776587823566, 37.613732572448335 ], [ 127.137812511366732, 37.613734086891448 ], [ 127.137848334729455, 37.613737198646362 ], [ 127.137895811722288, 37.613737598575405 ], [ 127.137943143277695, 37.61373959390027 ], [ 127.137979080790387, 37.613738299957845 ], [ 127.138015114554662, 37.613738603455083 ], [ 127.138062411523038, 37.613735299564048 ], [ 127.138109761863518, 37.613733594648473 ], [ 127.138145367520579, 37.613729504694149 ], [ 127.138181264348432, 37.613726997112103 ], [ 127.138227925402575, 37.613720021383656 ], [ 127.138274838866408, 37.61371463247167 ], [ 127.138309770012526, 37.61370778574058 ], [ 127.138345183911738, 37.613702491398371 ], [ 127.138390759333049, 37.613691911264041 ], [ 127.138436784421074, 37.613682889995175 ], [ 127.138470704855564, 37.613673352211471 ], [ 127.138505294528443, 37.613665322329226 ], [ 127.138549345121376, 37.613651240011158 ], [ 127.13859403882617, 37.613638672931877 ], [ 127.138626622026976, 37.61362653568338 ], [ 127.138660054172277, 37.613615847881121 ], [ 127.138702155512419, 37.61359839939567 ], [ 127.138745087567855, 37.613582407137301 ], [ 127.138776019824704, 37.613567787003241 ], [ 127.138807972360141, 37.613554544543327 ], [ 127.138847718896557, 37.613533898376794 ], [ 127.138888475908118, 37.613514634507766 ], [ 127.138917459334763, 37.613497671947322 ], [ 127.138947624508816, 37.613482002728169 ], [ 127.138984633480874, 37.61345835819774 ], [ 127.139022822896848, 37.613436007760484 ], [ 127.139049578293708, 37.613416865772706 ], [ 127.13907766565633, 37.613398921084055 ], [ 127.139111580786661, 37.613372506400474 ], [ 127.139146834672729, 37.613347284146414 ], [ 127.139171104212892, 37.613326146713696 ], [ 127.139196843416016, 37.613306099765829 ], [ 127.139227338343872, 37.613277169817273 ], [ 127.139259316924765, 37.613249318156363 ], [ 127.13928086663735, 37.61322638848609 ], [ 127.139304010038515, 37.613204432727628 ], [ 127.13933079146048, 37.613173266606381 ], [ 127.139359186394714, 37.613143053290365 ], [ 127.139377808421472, 37.613118551871196 ], [ 127.139398133465278, 37.613094899112284 ], [ 127.139420943952729, 37.613061797409301 ], [ 127.139445481309011, 37.613029512970016 ], [ 127.13946099591297, 37.613003675460824 ], [ 127.139478307267211, 37.612978553820327 ], [ 127.139496927734385, 37.612943835714162 ], [ 127.13951737064032, 37.612909790681101 ], [ 127.139529627946146, 37.612882865652459 ], [ 127.139543759373055, 37.612856517349528 ], [ 127.139558011171644, 37.612820517518209 ], [ 127.139574162109227, 37.612785039441505 ], [ 127.139583043558616, 37.612757285991357 ], [ 127.139593859502938, 37.612729965002721 ], [ 127.139603606124226, 37.612693030389003 ], [ 127.139615308849201, 37.612656460696051 ], [ 127.139620728356618, 37.612628145961757 ], [ 127.139628125236101, 37.612600115568121 ], [ 127.139633273604517, 37.612562602029527 ], [ 127.139640414670652, 37.612525292745055 ], [ 127.139642319467825, 37.612496689335678 ], [ 127.139646226654065, 37.612468219580904 ], [ 127.139793648180941, 37.610504684542313 ], [ 127.139918793096896, 37.610064657747749 ], [ 127.141892615954006, 37.604254588609379 ], [ 127.142470701620823, 37.604397868163957 ], [ 127.1462707491457, 37.605464677693952 ], [ 127.146336347590832, 37.605481907628139 ], [ 127.148706358946455, 37.606062153797986 ], [ 127.148769158515961, 37.606076482845872 ], [ 127.152637859273028, 37.60689544653728 ], [ 127.153941272793901, 37.607263251244589 ], [ 127.155187127320431, 37.607751736682744 ], [ 127.160419510198409, 37.609968073285962 ], [ 127.160570395285788, 37.610024604425348 ], [ 127.160727519181535, 37.610069097742013 ], [ 127.160889368629654, 37.610101124719144 ], [ 127.161054384855035, 37.610120376903048 ], [ 127.161220978578115, 37.6101266688745 ], [ 127.161387545323933, 37.610119940034721 ], [ 127.161552480877177, 37.610100255189145 ], [ 127.161714196735176, 37.610067803923187 ], [ 127.161871135409058, 37.610022898776137 ], [ 127.162021785426333, 37.609965972230441 ], [ 127.1621646958897, 37.609897572546068 ], [ 127.162298490452116, 37.609818358479316 ], [ 127.162421880573419, 37.609729092937464 ], [ 127.162533677930469, 37.609630635630403 ], [ 127.162632805861875, 37.609523934789806 ], [ 127.162718309736519, 37.609410018035831 ], [ 127.162789366146029, 37.609289982479275 ], [ 127.162845290833232, 37.609164984154773 ], [ 127.162885545279849, 37.609036226886381 ], [ 127.162909741889976, 37.608904950693315 ], [ 127.162917647720121, 37.608772419847291 ], [ 127.162909186719176, 37.608639910696432 ], [ 127.162884440457645, 37.608508699373274 ], [ 127.162843647338747, 37.608380049504966 ], [ 127.162787200299206, 37.608255200044262 ], [ 127.162715643022125, 37.608135353338341 ], [ 127.162629664698514, 37.608021663550304 ], [ 127.16253009338773, 37.607915225545021 ], [ 127.162417888041389, 37.607817064346143 ], [ 127.162294129267039, 37.607728125265766 ], [ 127.162160008921092, 37.607649264801864 ], [ 127.162016818630789, 37.607581242391099 ], [ 127.15676101107853, 37.605355003046881 ], [ 127.156713542522155, 37.605335649270074 ], [ 127.155354467491676, 37.604802775051077 ], [ 127.155171285846208, 37.604741266992967 ], [ 127.15370929665356, 37.604328716589194 ], [ 127.153578136926569, 37.60429638714038 ], [ 127.149674732030505, 37.603470081203994 ], [ 127.147369038592828, 37.602905583953053 ], [ 127.143901212593775, 37.601932050201306 ], [ 127.142949102801182, 37.601233832889534 ], [ 127.143610475466616, 37.600403697158221 ], [ 127.143719532849758, 37.600243989683392 ], [ 127.144327297768967, 37.599190763930416 ], [ 127.144386647830842, 37.599073812050307 ], [ 127.144432042197209, 37.598952968620942 ], [ 127.144463085884084, 37.598829285302799 ], [ 127.14447950880141, 37.598703838465831 ], [ 127.144481168101052, 37.598577719821861 ], [ 127.144444789605743, 37.597778322995403 ], [ 127.1444313976519, 37.597650967523876 ], [ 127.144402952519627, 37.597525187118656 ], [ 127.144359708444696, 37.597402105642516 ], [ 127.144302051888218, 37.597282822837492 ], [ 127.143983343904907, 37.596706374987541 ], [ 127.143912142662771, 37.596592457929567 ], [ 127.143827799264528, 37.596484370468211 ], [ 127.143731060620297, 37.596383069710264 ], [ 127.140933129478398, 37.593722823200345 ], [ 127.139688050636352, 37.592530202981386 ], [ 127.139535475956322, 37.592188856230592 ], [ 127.139647562601411, 37.587700519937847 ], [ 127.139647164295127, 37.587689675089464 ], [ 127.139647884972021, 37.587678848938246 ], [ 127.139647179355379, 37.587666448590795 ], [ 127.139647718934924, 37.587654033179817 ], [ 127.139542007138814, 37.581859087897236 ], [ 127.139733770355548, 37.580475011148636 ], [ 127.143757976524199, 37.560730861831274 ], [ 127.143775101395264, 37.56061582175581 ], [ 127.143817393712013, 37.560168345643362 ], [ 127.143822002668998, 37.560047344459967 ], [ 127.143812997264433, 37.559926500117854 ], [ 127.143790449760104, 37.559806781424307 ], [ 127.14359345146525, 37.559006894446576 ], [ 127.143545147212961, 37.558856865956024 ], [ 127.143475607101564, 37.55871221962586 ], [ 127.143077357057251, 37.558007638890928 ], [ 127.143001564454522, 37.557889421799878 ], [ 127.142911577304091, 37.557777690403505 ], [ 127.142808262845406, 37.55767352142221 ], [ 127.142692616736568, 37.557577918695415 ], [ 127.142565753458541, 37.557491803508924 ], [ 127.142428895574753, 37.557416005717798 ], [ 127.142283361949723, 37.557351255750298 ], [ 127.140916950371732, 37.55681158634065 ], [ 127.139091673444, 37.556090649544039 ], [ 127.139041926761067, 37.556073367174207 ], [ 127.138992802805248, 37.556054686196056 ], [ 127.138978351702136, 37.556050519821937 ], [ 127.138964430596531, 37.556045469407827 ], [ 127.138951473630399, 37.556041943005795 ], [ 127.138938923355965, 37.556037582928703 ], [ 127.138887292000447, 37.556024266495605 ], [ 127.138836101454231, 37.556009507764458 ], [ 127.138821205525048, 37.556006488797571 ], [ 127.138806730828406, 37.556002549304232 ], [ 127.136986511528349, 37.555585331180659 ], [ 127.136806463767257, 37.555552384871774 ], [ 127.135502159780557, 37.555372521129634 ], [ 127.135477039628441, 37.555369211129161 ], [ 127.132072716857792, 37.554941431449386 ], [ 127.131513191965411, 37.554726240407888 ], [ 127.130942495817294, 37.55439639497699 ], [ 127.130821560134322, 37.554221033888567 ], [ 127.129157035450717, 37.549756606636791 ], [ 127.127096529478592, 37.543986090864415 ], [ 127.127095582664836, 37.543983449274855 ], [ 127.125476622186852, 37.539483631561147 ], [ 127.13302577903525, 37.537150553065288 ], [ 127.136167753615851, 37.536191001852899 ], [ 127.136854643070563, 37.536128987697147 ], [ 127.137380034598763, 37.536170171445498 ], [ 127.137660464753068, 37.536257954629917 ], [ 127.138062868275526, 37.537369036263712 ], [ 127.138071592650903, 37.537392335976932 ], [ 127.138416925546835, 37.538285188046622 ], [ 127.139921741465074, 37.54230049747445 ], [ 127.141210983444921, 37.54581189900167 ], [ 127.141212730200763, 37.54581591337093 ], [ 127.141214007625521, 37.545820040693648 ], [ 127.141216547124927, 37.545825760563424 ], [ 127.141218435743539, 37.545831635454583 ], [ 127.14151720363445, 37.546601543702806 ], [ 127.141715659129133, 37.547777766206401 ], [ 127.141718718082998, 37.547795049783701 ], [ 127.142272289481596, 37.550782977659708 ], [ 127.142333856186895, 37.551388078122223 ], [ 127.142422301850246, 37.552565907313685 ], [ 127.14242916873259, 37.552630950616503 ], [ 127.142589822757927, 37.55381066096195 ], [ 127.142668906089639, 37.5544213341689 ], [ 127.142692164252381, 37.554544760341422 ], [ 127.142743517958806, 37.554751667946547 ], [ 127.142783879390791, 37.55488060187092 ], [ 127.142839943528173, 37.555005758846526 ], [ 127.142911168908668, 37.555125929946485 ], [ 127.142996867613888, 37.555239954398189 ], [ 127.143096211911839, 37.555346730796458 ], [ 127.143261737678742, 37.555507478243399 ], [ 127.143373267154445, 37.555605575446528 ], [ 127.143496307060332, 37.555694523788617 ], [ 127.143629679001052, 37.555773471352786 ], [ 127.14377210561193, 37.555841662003651 ], [ 127.143922222793648, 37.555898442630216 ], [ 127.144078592778015, 37.555943269402043 ], [ 127.144331042851007, 37.556004709100698 ], [ 127.144472046675276, 37.55603382457582 ], [ 127.144615665949559, 37.556053212919821 ], [ 127.144760843959773, 37.556062731477773 ], [ 127.145211676062615, 37.556076832043907 ], [ 127.14531502437363, 37.556077558589934 ], [ 127.146837773270065, 37.556051354940415 ], [ 127.149215172036023, 37.556041758083914 ], [ 127.149221456403595, 37.556041723394948 ], [ 127.151289324864024, 37.556027244626044 ], [ 127.15265628182712, 37.556214368062747 ], [ 127.15268322985834, 37.556217879487576 ], [ 127.153905889424664, 37.556369164828489 ], [ 127.158317662295744, 37.557002025099116 ], [ 127.158323187324811, 37.557002810042356 ], [ 127.162129699042893, 37.557538372376754 ], [ 127.162138751019782, 37.55753962570946 ], [ 127.165374084195733, 37.557980366953025 ], [ 127.165387152214279, 37.557981625323364 ], [ 127.165400136388556, 37.557983753019592 ], [ 127.168786209501874, 37.558401915348647 ], [ 127.168837431695067, 37.558407605837829 ], [ 127.170590356920869, 37.558580713433884 ], [ 127.170793462279335, 37.558590987335315 ], [ 127.171469576094466, 37.5585928705963 ], [ 127.171626860694985, 37.558587499410613 ], [ 127.17178284474825, 37.558570556843549 ], [ 127.1718587192847, 37.558556520140336 ], [ 127.172857072844877, 37.558546262051671 ], [ 127.173995937951148, 37.558549412130503 ], [ 127.175312997872808, 37.558775833317156 ], [ 127.186555566431366, 37.56127893239487 ], [ 127.186705527680914, 37.561322793762578 ], [ 127.186859081461108, 37.561418523023626 ], [ 127.187279355386437, 37.561905232554089 ], [ 127.187289780858762, 37.561917167987254 ], [ 127.188004818047574, 37.562726438362418 ], [ 127.188113388588491, 37.562836698748626 ], [ 127.188235709747673, 37.562937423591954 ], [ 127.188370468162177, 37.563027531365876 ], [ 127.188960635312966, 37.563382315765466 ], [ 127.189102456232192, 37.563458944191801 ], [ 127.189253257547165, 37.56352380355662 ], [ 127.189411503356638, 37.563576233262452 ], [ 127.191912499754352, 37.564289242381804 ], [ 127.191934671539258, 37.564294601693952 ], [ 127.191956310635305, 37.564301197928565 ], [ 127.193838686983895, 37.564792134479291 ], [ 127.194591793005628, 37.56499413327365 ], [ 127.194738532593732, 37.565027726330868 ], [ 127.194888469273508, 37.565050693499238 ], [ 127.195332002796235, 37.565102300066989 ], [ 127.195572148115218, 37.565116508129407 ], [ 127.196417366140579, 37.565118684553525 ], [ 127.196606101767543, 37.56511079951855 ], [ 127.196792568343909, 37.565086271591305 ], [ 127.197913296973951, 37.564887299938704 ], [ 127.198080145289481, 37.564850479621548 ], [ 127.198241417378611, 37.564800328985932 ], [ 127.199405277196092, 37.564382788342407 ], [ 127.199533123906122, 37.56433166010374 ], [ 127.199655111132174, 37.564272147986486 ], [ 127.199770373239602, 37.564204674301926 ], [ 127.200321173408497, 37.563852845516855 ], [ 127.200449476265561, 37.563762033673783 ], [ 127.200565606373232, 37.563661374875046 ], [ 127.200668377135003, 37.56355189767774 ], [ 127.201346032565851, 37.56274828876473 ], [ 127.201909021224466, 37.562199125137212 ], [ 127.203029627529972, 37.561197828476828 ], [ 127.203046344757965, 37.561182664531358 ], [ 127.204453967209346, 37.559886418664767 ], [ 127.205988150282067, 37.558539756354378 ], [ 127.20602654103331, 37.558504873104383 ], [ 127.206811199193822, 37.557766726220983 ], [ 127.206935836441019, 37.55763370963362 ], [ 127.207211821372738, 37.557297986144718 ], [ 127.207278953284984, 37.55720905217887 ], [ 127.207337320719049, 37.557116281700722 ], [ 127.207528789448915, 37.556780347903739 ], [ 127.207591718870205, 37.556653227646223 ], [ 127.207698344817203, 37.556401185459947 ], [ 127.207751420252805, 37.556245614205459 ], [ 127.207780859754152, 37.556086119643268 ], [ 127.207802775798285, 37.555884328909102 ], [ 127.207809080420517, 37.55577206432762 ], [ 127.207810262562447, 37.555469299769989 ], [ 127.207804834767586, 37.555357006148661 ], [ 127.207764155752898, 37.554953215460294 ], [ 127.20774146922632, 37.554816275351378 ], [ 127.207679137761104, 37.554546994350176 ], [ 127.20763536831555, 37.55440280522815 ], [ 127.207572021417946, 37.554263301397214 ], [ 127.20744617750951, 37.554027503777576 ], [ 127.207384873308314, 37.553924853119867 ], [ 127.207312956063149, 37.55382666463192 ], [ 127.20593582723582, 37.552115969991227 ], [ 127.205839127012254, 37.552007909093504 ], [ 127.205729589052879, 37.551907914651721 ], [ 127.205608268280358, 37.551816949633341 ], [ 127.205476333075268, 37.551735890047247 ], [ 127.205335054024289, 37.551665516508514 ], [ 127.205185791684428, 37.551606506722045 ], [ 127.205029983481666, 37.551559428957006 ], [ 127.204869129869678, 37.551524736575146 ], [ 127.204704779882164, 37.551502763665582 ], [ 127.204538516217625, 37.551493721828002 ], [ 127.204371940000343, 37.551497698135215 ], [ 127.204206655363919, 37.55151465429487 ], [ 127.204044254005822, 37.551544427018193 ], [ 127.20388629986185, 37.551586729592117 ], [ 127.203734314047495, 37.551641154640002 ], [ 127.203589760211443, 37.551707178044104 ], [ 127.203454030442032, 37.551784163992139 ], [ 127.203328431862388, 37.551871371099395 ], [ 127.203214174043296, 37.551967959547426 ], [ 127.203112357354726, 37.552072999170655 ], [ 127.203023962368519, 37.552185478413122 ], [ 127.202949840414206, 37.552304314068984 ], [ 127.202890705378636, 37.552428361713275 ], [ 127.202847126829056, 37.552556426722212 ], [ 127.202819524525225, 37.552687275777259 ], [ 127.202808164374105, 37.552819648741952 ], [ 127.202813155865883, 37.55295227079727 ], [ 127.202834451016258, 37.553083864718658 ], [ 127.202871844825168, 37.553213163176459 ], [ 127.202924977247875, 37.553338920941265 ], [ 127.202993336659404, 37.553459926876798 ], [ 127.203076264779014, 37.553575015604522 ], [ 127.204373467901192, 37.555186504106601 ], [ 127.204385450297934, 37.555238279737196 ], [ 127.204413525039726, 37.555517082271713 ], [ 127.204412819956787, 37.555695589795697 ], [ 127.204400256251489, 37.555725284807131 ], [ 127.204298258087732, 37.555904228784385 ], [ 127.204150978240733, 37.556083379976137 ], [ 127.203452588874569, 37.556740350117018 ], [ 127.201924382356594, 37.558081726808183 ], [ 127.20189756860745, 37.558105832544129 ], [ 127.200484996344912, 37.559406596637452 ], [ 127.199348345797119, 37.56042219858044 ], [ 127.199300622951156, 37.560466743742296 ], [ 127.198664242199555, 37.561087475956406 ], [ 127.198569921740415, 37.561188775109876 ], [ 127.197992768152119, 37.561873174526312 ], [ 127.197812799699975, 37.561988128997413 ], [ 127.197004195395223, 37.562278218048206 ], [ 127.196238468394554, 37.562414163507903 ], [ 127.195703853782987, 37.562412786810306 ], [ 127.195531306377021, 37.562392710416795 ], [ 127.194916590675618, 37.562227830989748 ], [ 127.194903046720853, 37.562224248549498 ], [ 127.193035953588449, 37.561737300138091 ], [ 127.190800849337109, 37.561100099745254 ], [ 127.190630002291272, 37.560997395170524 ], [ 127.19007338294513, 37.560367444886388 ], [ 127.189510792002594, 37.559715947619139 ], [ 127.189406209635365, 37.559607096529234 ], [ 127.189288323290768, 37.559507232367665 ], [ 127.189158344107241, 37.559417381074041 ], [ 127.188589335887457, 37.559062653290383 ], [ 127.188444736703062, 37.558981801913895 ], [ 127.18829036793332, 37.558913348522132 ], [ 127.188127900581819, 37.558858034095209 ], [ 127.187663631598639, 37.558722243643366 ], [ 127.187535254584674, 37.558689239451645 ], [ 127.176178875826878, 37.556160809729164 ], [ 127.176129116582686, 37.556151798305343 ], [ 127.176079824357714, 37.556141285258605 ], [ 127.174538623507956, 37.555876330780421 ], [ 127.174363325849257, 37.555853754724559 ], [ 127.174186025436413, 37.555845874424236 ], [ 127.172854974920455, 37.555842193915169 ], [ 127.172827137528387, 37.555842298420508 ], [ 127.171538268983255, 37.55585554034338 ], [ 127.171386659360479, 37.555862503020215 ], [ 127.171236437105236, 37.555880219940882 ], [ 127.171195653798733, 37.555888045887976 ], [ 127.170907294499386, 37.555887242510614 ], [ 127.169281257453036, 37.55572666533439 ], [ 127.165934144009995, 37.555313314892445 ], [ 127.162716215050636, 37.554874945291793 ], [ 127.158917121192189, 37.554340427626805 ], [ 127.154488109731957, 37.553705095307429 ], [ 127.154467791734035, 37.553702993607274 ], [ 127.154447724766896, 37.553699700750137 ], [ 127.153218365662582, 37.553547586914604 ], [ 127.151714637654891, 37.553341740115869 ], [ 127.151563812756379, 37.553326589143573 ], [ 127.151411890344008, 37.553322237103615 ], [ 127.149194765229922, 37.553337762806997 ], [ 127.146806531408274, 37.553347403668823 ], [ 127.146778408375752, 37.553347702337319 ], [ 127.145945063439171, 37.553362045333436 ], [ 127.14581017954572, 37.552371896137679 ], [ 127.145723058529597, 37.55121240624532 ], [ 127.1457211094922, 37.551198204961032 ], [ 127.145720539358948, 37.551183926361993 ], [ 127.145652994341049, 37.550520363667005 ], [ 127.145640355282936, 37.550432225008599 ], [ 127.145080115949781, 37.547409041723249 ], [ 127.144864239677361, 37.54612990738282 ], [ 127.14483967306181, 37.546019346193084 ], [ 127.144803669865851, 37.545910789221942 ], [ 127.144466951461766, 37.545043183030863 ], [ 127.143179866457274, 37.541538071667638 ], [ 127.143177171475358, 37.541530807684723 ], [ 127.141668705519294, 37.537506225875092 ], [ 127.141668515350119, 37.537505796579836 ], [ 127.141668376125352, 37.537505346708812 ], [ 127.141666081414414, 37.537500177700288 ], [ 127.141664382707077, 37.53749487394402 ], [ 127.14132131615348, 37.536607981149942 ], [ 127.140827624116852, 37.535245000540115 ], [ 127.140766469919129, 37.535105351016767 ], [ 127.140686527589921, 37.534971856216089 ], [ 127.140506935101882, 37.534709880611082 ], [ 127.140415523222529, 37.534591450105779 ], [ 127.140309324043486, 37.534481120401423 ], [ 127.140189460308036, 37.534380057844302 ], [ 127.140057199198296, 37.534289330808839 ], [ 127.13963713574195, 37.534029901884786 ], [ 127.139505122287289, 37.533956092358935 ], [ 127.139427534620765, 37.533920954464001 ], [ 127.139532291444212, 37.533731971215651 ], [ 127.139609844832208, 37.533562164598216 ], [ 127.139724212223925, 37.533247757404546 ], [ 127.1397651812471, 37.533107607333122 ], [ 127.139787214070978, 37.532964783515148 ], [ 127.139790061223778, 37.532820903809757 ], [ 127.13977369056434, 37.532677598027597 ], [ 127.139711734641523, 37.532337246455 ], [ 127.139661205545067, 37.532152151767782 ], [ 127.138815780384377, 37.529847002651515 ], [ 127.138811487477881, 37.529835487497515 ], [ 127.137841319775632, 37.527274793675517 ], [ 127.13630743273167, 37.523166916688879 ], [ 127.136305294547739, 37.523161235760881 ], [ 127.13591347787542, 37.522128446142489 ], [ 127.136024091186911, 37.522114412191556 ], [ 127.13618382603326, 37.522081212740126 ], [ 127.136338756449163, 37.522035811877991 ], [ 127.136487417074818, 37.52197863901695 ], [ 127.140432058187599, 37.520268318021195 ], [ 127.14044424259086, 37.52026298312839 ], [ 127.142735906758134, 37.519249794028553 ], [ 127.142746338331989, 37.519276586624116 ], [ 127.142747956503655, 37.519280719358164 ], [ 127.142748390515024, 37.519281821591001 ], [ 127.142750027647679, 37.519285956093583 ], [ 127.14664808201664, 37.529074232330537 ], [ 127.146650057050181, 37.52907845918434 ], [ 127.146651538815135, 37.529082812090579 ], [ 127.146674169884903, 37.529130275599208 ], [ 127.146695420806253, 37.529178142061191 ], [ 127.14670132847651, 37.529188187179322 ], [ 127.146706186057756, 37.529198583062126 ], [ 127.146708671805655, 37.5292026353873 ], [ 127.146710682173378, 37.529206851663403 ], [ 127.146739045896538, 37.529252319994363 ], [ 127.1467660857152, 37.529298297075087 ], [ 127.146773201257275, 37.529307832658446 ], [ 127.146779314936126, 37.529317799289345 ], [ 127.146782287461178, 37.529321638058939 ], [ 127.146784807072862, 37.529325677099024 ], [ 127.146818630312168, 37.529368712357524 ], [ 127.146851198640519, 37.529412357262338 ], [ 127.146859453531675, 37.529421291475678 ], [ 127.146866764434264, 37.529430732868192 ], [ 127.146870195110893, 37.529434321111751 ], [ 127.146873199702966, 37.529438144016702 ], [ 127.146912156737741, 37.529478331738389 ], [ 127.146949939940086, 37.529519224131285 ], [ 127.146959254683665, 37.529527470930603 ], [ 127.146967692405013, 37.52953629615638 ], [ 127.14697154819487, 37.529539599316088 ], [ 127.146975008832655, 37.529543169268173 ], [ 127.147018724494927, 37.529580122411033 ], [ 127.147061358707447, 37.529617868463241 ], [ 127.147071643598522, 37.529625348424602 ], [ 127.147081126880437, 37.52963347248906 ], [ 127.147085370650501, 37.529636458752563 ], [ 127.147089254006801, 37.529639741370033 ], [ 127.147137307293974, 37.529673104042253 ], [ 127.147184381928625, 37.529707340225599 ], [ 127.14719553791781, 37.529713981310103 ], [ 127.147205975431305, 37.529721325971153 ], [ 127.1472105663116, 37.529723966577961 ], [ 127.147214834987594, 37.529726930246248 ], [ 127.147266763116932, 37.529756381134206 ], [ 127.14731782481546, 37.529786777722457 ], [ 127.147329744462795, 37.529792515970087 ], [ 127.147341035687788, 37.529799010491814 ], [ 127.147345929464805, 37.529801280010325 ], [ 127.14735054235031, 37.529803896186522 ], [ 127.147405845215914, 37.529829151649757 ], [ 127.147460402216112, 37.529855415894566 ], [ 127.147472970725786, 37.529860196040289 ], [ 127.147485006919084, 37.529865777874164 ], [ 127.147490156461771, 37.529867654446683 ], [ 127.147495069131082, 37.529869897934475 ], [ 127.147553214120435, 37.529890714737697 ], [ 127.147610740992491, 37.529912593688486 ], [ 127.147623837318704, 37.529916369694632 ], [ 127.147636502561298, 37.529920985082086 ], [ 127.147641858274966, 37.529922450635269 ], [ 127.14764702341482, 37.529924299827641 ], [ 127.147707450538803, 37.529940477483677 ], [ 127.14776739324607, 37.529957760424068 ], [ 127.147780891258648, 37.529960495923753 ], [ 127.147794063572505, 37.529964100413913 ], [ 127.147799573876469, 37.529965140832957 ], [ 127.147804941741683, 37.529966577920327 ], [ 127.147867069028436, 37.529977960621331 ], [ 127.147928850263952, 37.529990481098878 ], [ 127.147942619963544, 37.529992149746249 ], [ 127.147956172486076, 37.529994708624216 ], [ 127.147961784310525, 37.529995313888726 ], [ 127.147967303203245, 37.529996325030481 ], [ 127.148030532303864, 37.530002803148776 ], [ 127.148093557050998, 37.530010440578252 ], [ 127.148107465821042, 37.530011026302404 ], [ 127.148121268027538, 37.530012514923513 ], [ 127.148126927324768, 37.530012679204127 ], [ 127.14813254409232, 37.530013254661917 ], [ 127.148196266044238, 37.530014765805987 ], [ 127.148259927308445, 37.530017446630978 ], [ 127.148273841192761, 37.530016943790635 ], [ 127.148287760153352, 37.530017347817953 ], [ 127.148293412418269, 37.530017069532413 ], [ 127.148299072965258, 37.530017203763997 ], [ 127.148362674058305, 37.530013733379491 ], [ 127.148426358713806, 37.530011431780906 ], [ 127.148440143706821, 37.530009845218828 ], [ 127.148454045367075, 37.530009160761189 ], [ 127.148459636162372, 37.53000844258964 ], [ 127.148465285971682, 37.530008134302257 ], [ 127.148528153659583, 37.529999715812217 ], [ 127.14859124835543, 37.529992453957014 ], [ 127.148604771693158, 37.529989798953331 ], [ 127.148618522165279, 37.529988032602837 ], [ 127.148623997645743, 37.52998688146198 ], [ 127.148629582303684, 37.52998613362476 ], [ 127.148691111104554, 37.529972848107725 ], [ 127.148753008172847, 37.529960695935266 ], [ 127.148766139611482, 37.529956998060364 ], [ 127.148779606464231, 37.529954166828865 ], [ 127.148784913895327, 37.529952593805334 ], [ 127.148790379615875, 37.529951413620772 ], [ 127.149005679604301, 37.529895759998134 ], [ 127.149065276837632, 37.529877735297802 ], [ 127.149125380054286, 37.529860809736086 ], [ 127.149138014632385, 37.529856096549508 ], [ 127.149151045684832, 37.529852234342535 ], [ 127.149156114904159, 37.529850261985821 ], [ 127.149161429006568, 37.529848654771435 ], [ 127.149218520776031, 37.529826064596591 ], [ 127.149276251368974, 37.529804528769596 ], [ 127.149288244506451, 37.529798852238216 ], [ 127.14930073814314, 37.529793991130646 ], [ 127.149305540651966, 37.529791632334636 ], [ 127.149310630699134, 37.5297896182879 ], [ 127.14936466715875, 37.529762680204463 ], [ 127.149419469130308, 37.529736741524005 ], [ 127.149430705198967, 37.529730156503767 ], [ 127.149442541215947, 37.529724343112377 ], [ 127.14944703086762, 37.529721620425761 ], [ 127.149451847735421, 37.529719219128026 ], [ 127.149502308469096, 37.529688192575996 ], [ 127.149553654031095, 37.529658100857183 ], [ 127.149564024750632, 37.529650670986669 ], [ 127.149575089222836, 37.529643961066419 ], [ 127.149579222833651, 37.529640900513797 ], [ 127.149583720079875, 37.529638135304566 ], [ 127.149630119113567, 37.529603319099188 ], [ 127.149677513771152, 37.529569364154085 ], [ 127.14968691925894, 37.529561161232209 ], [ 127.149697105630494, 37.529553619148473 ], [ 127.149700843389709, 37.529550249988034 ], [ 127.149704977707344, 37.529547147731869 ], [ 127.149746868189723, 37.529508877185414 ], [ 127.149789855503826, 37.529471386031446 ], [ 127.149798205241623, 37.529462489315705 ], [ 127.149807415347425, 37.529454187434489 ], [ 127.149810721196616, 37.52945054188541 ], [ 127.149814452834889, 37.529447132703929 ], [ 127.149851431341105, 37.529405776395691 ], [ 127.149889597324076, 37.529365110106056 ], [ 127.149896811031795, 37.529355605538463 ], [ 127.1499049560408, 37.529346623540022 ], [ 127.149907798019711, 37.529342736481695 ], [ 127.149911091168448, 37.52933905345386 ], [ 127.149942801584942, 37.529295009680304 ], [ 127.149975778687647, 37.529251559905902 ], [ 127.149981787095768, 37.529241539274366 ], [ 127.149988788367125, 37.529231963396604 ], [ 127.149991138922218, 37.529227872042384 ], [ 127.149993962055788, 37.529223950876229 ], [ 127.150020099009581, 37.529177643814627 ], [ 127.150047569660586, 37.529131829011817 ], [ 127.150052315173966, 37.529121389055504 ], [ 127.150058105017493, 37.529111311273873 ], [ 127.150059941270385, 37.52910705482202 ], [ 127.150062267448206, 37.529102933501363 ], [ 127.150082579247197, 37.529054809124297 ], [ 127.15010427891059, 37.529007070524464 ], [ 127.150107716157095, 37.52899631199233 ], [ 127.150112238490806, 37.528985829143757 ], [ 127.150113542463956, 37.528981448408501 ], [ 127.150115349584453, 37.528977166818422 ], [ 127.150129640640529, 37.528927688598365 ], [ 127.150145360362615, 37.528878485958394 ], [ 127.15014745662198, 37.528867512630093 ], [ 127.150150667520052, 37.528856725488993 ], [ 127.150151426317194, 37.528852262515159 ], [ 127.150152697323122, 37.528847862050235 ], [ 127.150160830034878, 37.528797506495835 ], [ 127.150170418455573, 37.528747313669896 ], [ 127.150171153964109, 37.528736231348951 ], [ 127.150173022089646, 37.528725243664027 ], [ 127.150173228029203, 37.528720741328435 ], [ 127.150173951062641, 37.528716264487628 ], [ 127.150175847139323, 37.528665516554369 ], [ 127.150179211948753, 37.52861481693035 ], [ 127.150178580077807, 37.528603732419555 ], [ 127.150179086996161, 37.528592649920178 ], [ 127.150178737695455, 37.528588151523564 ], [ 127.150178906201447, 37.52858364149612 ], [ 127.15017454741573, 37.528532989915782 ], [ 127.150171656241938, 37.528482271759813 ], [ 127.150169663548752, 37.528471291828929 ], [ 127.150168803917438, 37.528460221210572 ], [ 127.150167902327183, 37.528455770063609 ], [ 127.150167515105139, 37.528451270310057 ], [ 127.150156943467493, 37.528401202884019 ], [ 127.150147824186959, 37.528350954638064 ], [ 127.150144490337652, 37.528340184994022 ], [ 127.150142271971063, 37.528329232892311 ], [ 127.150140826358836, 37.528324871899805 ], [ 127.150139887561977, 37.528320425732126 ], [ 127.150123204914678, 37.528271424633452 ], [ 127.150107945382572, 37.528222130211589 ], [ 127.150103302949091, 37.528211674480858 ], [ 127.150099746756439, 37.528200946444244 ], [ 127.146203390885461, 37.518418055318833 ], [ 127.145877821911554, 37.517581949269882 ], [ 127.145829490531256, 37.517474176216972 ], [ 127.14576988998148, 37.5173700449104 ], [ 127.145570672522155, 37.517057720969966 ], [ 127.145483496884225, 37.516936904060273 ], [ 127.14538117231325, 37.5168238761079 ], [ 127.14526478582161, 37.516719837756334 ], [ 127.145135573779399, 37.516625894151922 ], [ 127.144994908780248, 37.516543043205665 ], [ 127.144644573796313, 37.516358151101059 ], [ 127.144511504615565, 37.51629469280541 ], [ 127.14437171930237, 37.516241174278107 ], [ 127.144226384890217, 37.516198042327176 ], [ 127.144076714733046, 37.516165657045818 ], [ 127.14392395837676, 37.516144288806693 ], [ 127.143522771578304, 37.516103113754731 ], [ 127.143379600206174, 37.51609330462113 ], [ 127.143235900303281, 37.516093176712559 ], [ 127.143092701769874, 37.51610273094547 ], [ 127.14263088992513, 37.516149292476378 ], [ 127.142483117929984, 37.516169507957841 ], [ 127.142338161994232, 37.516200031786568 ], [ 127.142197153141694, 37.516240625799711 ], [ 127.141835340528417, 37.516359423934695 ], [ 127.14165843204286, 37.516427295247638 ], [ 127.138686872388675, 37.517741080827534 ], [ 127.138684725846517, 37.517742142764583 ], [ 127.138682462293403, 37.517743037366223 ], [ 127.135540702599855, 37.519141690280463 ], [ 127.135170795431861, 37.519285516277115 ], [ 127.135057169410217, 37.519252383123863 ], [ 127.134936572278349, 37.519051660283374 ], [ 127.134353821854205, 37.518050270315982 ], [ 127.134316358176989, 37.517989882162674 ], [ 127.132757495742595, 37.51562712629498 ], [ 127.13275747373109, 37.515627088542331 ], [ 127.132756136147776, 37.515625282382032 ], [ 127.132755019864149, 37.515623383232253 ], [ 127.13275330269397, 37.5156210808412 ], [ 127.132751888633862, 37.515618699479404 ], [ 127.132736371295778, 37.515598078608747 ], [ 127.132722464027538, 37.515576664630416 ], [ 127.13269679865266, 37.515545157904448 ], [ 127.13267284195986, 37.515512808698105 ], [ 127.132671288569981, 37.515511115666463 ], [ 127.132669943971422, 37.515509312815134 ], [ 127.132667948995859, 37.515507152583581 ], [ 127.132666250976669, 37.515504896091741 ], [ 127.132648275064284, 37.515485590426671 ], [ 127.132631796192811, 37.515465360964932 ], [ 127.132602377520527, 37.515436009770674 ], [ 127.132574555635074, 37.515405686747421 ], [ 127.132572801399121, 37.515404123148762 ], [ 127.132571241435485, 37.515402433957853 ], [ 127.132568987323182, 37.51540043729166 ], [ 127.132567022241417, 37.515398326837776 ], [ 127.132112619103509, 37.514957298401129 ], [ 127.13201118493879, 37.514867368788273 ], [ 127.131900071564658, 37.514785016161056 ], [ 127.131859051349551, 37.514759660076535 ], [ 127.130064487041949, 37.511955542110549 ], [ 127.130063623725761, 37.511954194931434 ], [ 127.127548921272933, 37.508035260073989 ], [ 127.126504275612902, 37.506320190894499 ], [ 127.126098680605082, 37.505651195635352 ], [ 127.126098614651553, 37.505646729818508 ], [ 127.126113225967785, 37.505534069522547 ], [ 127.126152484172948, 37.505375309094639 ], [ 127.126270820825525, 37.505090998942897 ], [ 127.126321719021647, 37.504993794310359 ], [ 127.126803311411479, 37.504673861352515 ], [ 127.12680771639107, 37.504670924918905 ], [ 127.12833417943105, 37.503649831272917 ], [ 127.128346634036987, 37.503650781563934 ], [ 127.128382633068895, 37.503650704321934 ], [ 127.128418639020182, 37.503652227096758 ], [ 127.128426632390926, 37.503651939448957 ], [ 127.128434626302607, 37.503652217391974 ], [ 127.128473903696246, 37.503650508436209 ], [ 127.128513177284191, 37.503650424125233 ], [ 127.128548993084067, 37.503647536134167 ], [ 127.128585013222647, 37.503646239876588 ], [ 127.128592932710603, 37.503645329414503 ], [ 127.128600922323926, 37.503644981777448 ], [ 127.128639800549252, 37.50364021386499 ], [ 127.128678874560904, 37.503637063106133 ], [ 127.128714162465727, 37.503631392195025 ], [ 127.128749849600226, 37.503627289386898 ], [ 127.128757618932383, 37.503625764879196 ], [ 127.128765527298881, 37.503624795010218 ], [ 127.12880363161895, 37.503617014083737 ], [ 127.12884213002701, 37.503610827186954 ], [ 127.128876550449249, 37.503602427922175 ], [ 127.128911560605459, 37.503595558140468 ], [ 127.128919104955102, 37.503593434269689 ], [ 127.128926855908972, 37.503591851509661 ], [ 127.128963819060928, 37.503581132598896 ], [ 127.129001371363273, 37.503571969046668 ], [ 127.129034593046157, 37.503560922209189 ], [ 127.129068588796201, 37.503551351741898 ], [ 127.12907583550377, 37.503548648963033 ], [ 127.129083354395519, 37.503546468555612 ], [ 127.129118820144527, 37.503532915050279 ], [ 127.129155064916674, 37.503520862929044 ], [ 127.129186768110131, 37.503507274741359 ], [ 127.129219421837576, 37.503495095943961 ], [ 127.129226301110435, 37.503491840287488 ], [ 127.129233515525982, 37.503489083232239 ], [ 127.129267142111829, 37.503472825879278 ], [ 127.129301730473102, 37.503458001037785 ], [ 127.12933161000052, 37.503442002148084 ], [ 127.129362607069112, 37.503427332546543 ], [ 127.129369052654013, 37.50342355536759 ], [ 127.129375893112069, 37.5034202482178 ], [ 127.129407356553813, 37.503401443853015 ], [ 127.129439955514982, 37.503383988795342 ], [ 127.129467723701538, 37.503365733028261 ], [ 127.129496765496967, 37.503348714177832 ], [ 127.129502715317884, 37.503344451854275 ], [ 127.129509115939413, 37.503340626460982 ], [ 127.129538113166788, 37.503319456487475 ], [ 127.129568408826444, 37.503299539011365 ], [ 127.129593798260899, 37.503279201897108 ], [ 127.129620605075857, 37.503259998007962 ], [ 127.129626001832136, 37.503255291589959 ], [ 127.129631900974573, 37.503250984795386 ], [ 127.129658152754644, 37.503227653423856 ], [ 127.129685853314911, 37.503205465016705 ], [ 127.129708619419461, 37.5031832421123 ], [ 127.129732933153207, 37.503162038455919 ], [ 127.129737724871276, 37.503156933270482 ], [ 127.129743065722508, 37.50315218655301 ], [ 127.129766319353308, 37.503126918821657 ], [ 127.129791157925652, 37.503102672829336 ], [ 127.129811081308304, 37.503078777847577 ], [ 127.129832667955469, 37.503055778959592 ], [ 127.129836808489415, 37.503050324174069 ], [ 127.129841539614731, 37.50304518324878 ], [ 127.129861571360436, 37.503018222841852 ], [ 127.129883308534446, 37.502992152427595 ], [ 127.129900197102174, 37.502966815191499 ], [ 127.129918849005804, 37.502942242888736 ], [ 127.129922298481773, 37.502936491037225 ], [ 127.129926374319268, 37.502931005415547 ], [ 127.129942991562331, 37.502902612302577 ], [ 127.129961417713503, 37.502874968214847 ], [ 127.129975108525272, 37.502848432456567 ], [ 127.129990646373258, 37.502822523688103 ], [ 127.12999337157332, 37.50281653016544 ], [ 127.129996752872572, 37.502810752678279 ], [ 127.130009795963005, 37.502781200597177 ], [ 127.130024733276656, 37.502752248767564 ], [ 127.130035094118711, 37.502724769792593 ], [ 127.13004736866371, 37.502697774345755 ], [ 127.13004934334576, 37.502691596873952 ], [ 127.130051997545792, 37.502685583162886 ], [ 127.130061341329636, 37.50265515697135 ], [ 127.130072645521395, 37.502625175965292 ], [ 127.130079576189274, 37.502597018204156 ], [ 127.13008846967648, 37.502569196288164 ], [ 127.130089674826792, 37.502562894360558 ], [ 127.130091576369566, 37.502556702341849 ], [ 127.130097131382286, 37.502525695263479 ], [ 127.130104693098389, 37.50249497360771 ], [ 127.130107382258046, 37.502472599264571 ], [ 127.131976578112841, 37.501237071978238 ], [ 127.136022749284237, 37.499060991042796 ], [ 127.140562357034369, 37.496651709499716 ], [ 127.142653368795706, 37.495540773676218 ], [ 127.143869284532528, 37.494893907037216 ], [ 127.144694025562899, 37.494465685853434 ], [ 127.144699357682896, 37.494462610097791 ], [ 127.144704994268679, 37.494459941220711 ], [ 127.144705253296351, 37.494459789357371 ], [ 127.144705550381488, 37.494459648564124 ], [ 127.144841732943974, 37.494387675713526 ], [ 127.146406247131281, 37.494323964228087 ], [ 127.146410504164137, 37.494323786569154 ], [ 127.148867145940159, 37.494218772096062 ], [ 127.149356169042946, 37.494507812455524 ], [ 127.150368916019929, 37.495132318870475 ], [ 127.151745387700089, 37.496038959260886 ], [ 127.151745447410065, 37.496039002701679 ], [ 127.15174551252629, 37.496039041478419 ], [ 127.151745620959773, 37.496039112898799 ], [ 127.151759710205553, 37.496047500734612 ], [ 127.15177302142105, 37.496056786000395 ], [ 127.151826332866108, 37.496087169966778 ], [ 127.151878835523974, 37.496118435221213 ], [ 127.151878967673156, 37.496118498860845 ], [ 127.151879022260729, 37.496118531358668 ], [ 127.151894072837948, 37.496125777160465 ], [ 127.151908464509518, 37.496133979427903 ], [ 127.151965257170914, 37.496160053598651 ], [ 127.152021353355991, 37.496187067977885 ], [ 127.152021494674301, 37.496187121742459 ], [ 127.152021551486612, 37.496187149093522 ], [ 127.152037418591902, 37.496193183680006 ], [ 127.15205275196557, 37.496200223386666 ], [ 127.15211247888297, 37.496221736641559 ], [ 127.15217162834179, 37.496244239970466 ], [ 127.15217177725269, 37.496244282917957 ], [ 127.152171835963443, 37.496244305246755 ], [ 127.152188367069598, 37.496249071021282 ], [ 127.152204494179315, 37.496254879881512 ], [ 127.152266580128298, 37.496271625025869 ], [ 127.152328213197279, 37.496289400574696 ], [ 127.152328367955064, 37.496289431945364 ], [ 127.152328428315627, 37.496289449346705 ], [ 127.152345464618421, 37.496292900831527 ], [ 127.152362229733626, 37.496297422514751 ], [ 127.152426076766275, 37.496309238275217 ], [ 127.152489599858725, 37.496322114847217 ], [ 127.152489758586228, 37.496322134084345 ], [ 127.15248982040724, 37.496322146608932 ], [ 127.152507198327982, 37.496324250866785 ], [ 127.152524439480658, 37.496327441556581 ], [ 127.152589432685247, 37.496334214134691 ], [ 127.152654234008665, 37.496342067715069 ], [ 127.152654394739344, 37.496342074480232 ], [ 127.152654457868564, 37.496342082124343 ], [ 127.152672010599247, 37.496342819063649 ], [ 127.152689561174526, 37.496344647891853 ], [ 127.152755074598474, 37.496346312060126 ], [ 127.152820530048018, 37.496349067010733 ], [ 127.152820690770639, 37.496349061193079 ], [ 127.152820755068547, 37.496349063892488 ], [ 127.152838314145882, 37.496348426453871 ], [ 127.152856004519791, 37.496348875805012 ], [ 127.152921407199145, 37.496345415535302 ], [ 127.152986886369192, 37.496343045323137 ], [ 127.152987045073914, 37.496343027042322 ], [ 127.152987110388466, 37.496343024671162 ], [ 127.15300450728239, 37.496341018893588 ], [ 127.153022166489919, 37.496340084576353 ], [ 127.153086828527208, 37.496331533194294 ], [ 127.153151700783795, 37.496324060647076 ], [ 127.153151855508497, 37.496324030249838 ], [ 127.153151921649552, 37.496324022624002 ], [ 127.153168989353119, 37.496320667590133 ], [ 127.153186446768572, 37.496318358874241 ], [ 127.153249745400515, 37.496304798738237 ], [ 127.153313385955954, 37.496292295824574 ], [ 127.153313534830545, 37.496292253874877 ], [ 127.153313601546344, 37.496292240760312 ], [ 127.153330176151883, 37.496287568421444 ], [ 127.153347263165003, 37.496283907939649 ], [ 127.153408588761167, 37.496265469647554 ], [ 127.153470384692369, 37.496248056783642 ], [ 127.15347052598058, 37.496248004047018 ], [ 127.153470592936287, 37.496247985172268 ], [ 127.153486515184994, 37.496242040053964 ], [ 127.153503066854384, 37.496237063570589 ], [ 127.153561828789492, 37.496213924701763 ], [ 127.153621184941869, 37.496191769591448 ], [ 127.153621317078503, 37.496191707013821 ], [ 127.153621383839052, 37.496191682086355 ], [ 127.153636500629233, 37.496184520877556 ], [ 127.153652357296863, 37.496178276926045 ], [ 127.153707989639599, 37.496150660330883 ], [ 127.153764334359934, 37.496123976350233 ], [ 127.153764455982838, 37.496123905032128 ], [ 127.153764522000117, 37.496123873757924 ], [ 127.153778687841083, 37.496115564786287 ], [ 127.153793696690954, 37.496108114180238 ], [ 127.153845663655417, 37.496076285833553 ], [ 127.153898454297675, 37.496045329975622 ], [ 127.15389856427322, 37.496045251142533 ], [ 127.15389862887902, 37.496045213247889 ], [ 127.153911707277416, 37.496035835846044 ], [ 127.153925723822496, 37.496027251069101 ], [ 127.153973524928531, 37.495991517508131 ], [ 127.154022253080583, 37.495956587907465 ], [ 127.154022350522268, 37.495956502877512 ], [ 127.15402241292702, 37.495956458132234 ], [ 127.154034277692531, 37.49594610189979 ], [ 127.154047167175321, 37.495936466381288 ], [ 127.154090342068699, 37.495897171753221 ], [ 127.154134538449071, 37.495858604814146 ], [ 127.154134622728265, 37.495858514963984 ], [ 127.154134682026481, 37.49585846320501 ], [ 127.154145218484828, 37.495847227172625 ], [ 127.154156857177469, 37.49583663445685 ], [ 127.154194990063715, 37.495794157203882 ], [ 127.154234229040938, 37.495752324360282 ], [ 127.154234299790133, 37.495752231090556 ], [ 127.154234354971891, 37.495752172244764 ], [ 127.154243461073776, 37.495740163947154 ], [ 127.154253737465211, 37.49572871676552 ], [ 127.154286461113571, 37.495683465979774 ], [ 127.15432036480523, 37.495638770117431 ], [ 127.154320421913468, 37.495638674818871 ], [ 127.154320471882315, 37.495638608924281 ], [ 127.154328059196814, 37.495625943390174 ], [ 127.154336875055748, 37.495613752645937 ], [ 127.154363874335587, 37.495566164129222 ], [ 127.154392116247124, 37.495519035705293 ], [ 127.154392159848129, 37.495518939726466 ], [ 127.154392203444473, 37.495518866950661 ], [ 127.154398198027579, 37.495505665618502 ], [ 127.154405469331522, 37.495492849295012 ], [ 127.154426484246542, 37.495443381361305 ], [ 127.154448792414925, 37.495394274258416 ], [ 127.154448822868517, 37.495394178876325 ], [ 127.154448858898121, 37.495394099531261 ], [ 127.154453202027184, 37.495380489099844 ], [ 127.154458859748786, 37.495367171103929 ], [ 127.154473687940111, 37.495316300165129 ], [ 127.154489847552099, 37.495265687319801 ], [ 127.154489865419791, 37.49526559371418 ], [ 127.154489892686271, 37.495265508266591 ], [ 127.154492541452143, 37.495251619491491 ], [ 127.154496532196887, 37.495237928443288 ], [ 127.154505030890903, 37.495186144420927 ], [ 127.154514886350867, 37.495134513268539 ], [ 127.154514892366592, 37.495134422500584 ], [ 127.154514909706748, 37.495134331577418 ], [ 127.154515837457211, 37.4951202980236 ], [ 127.154518123946858, 37.495106366005963 ], [ 127.154520211329015, 37.495054167612601 ], [ 127.15452366775618, 37.495002015393027 ], [ 127.154523662793423, 37.495001928389115 ], [ 127.154523669114226, 37.495001832777476 ], [ 127.154522865743346, 37.494987789540062 ], [ 127.154523427141655, 37.494973750819263 ], [ 127.154519083143171, 37.494921640755528 ], [ 127.15451610728411, 37.494869469724158 ], [ 127.154516092320662, 37.494869387265148 ], [ 127.154516086636676, 37.494869287906646 ], [ 127.154513558715635, 37.494855370311662 ], [ 127.154512390794736, 37.494841360042557 ], [ 127.154501657284541, 37.494789840155754 ], [ 127.15449227783219, 37.494738152746578 ], [ 127.154492253913972, 37.494738075462486 ], [ 127.154492235383515, 37.494737973441815 ], [ 127.154488006130848, 37.494724315739433 ], [ 127.15448512127783, 37.494710468667293 ], [ 127.15446810165804, 37.494660035118464 ], [ 127.154452408974066, 37.494609329105351 ], [ 127.15445237717941, 37.49460925747578 ], [ 127.154452345138353, 37.494609154003854 ], [ 127.15444645422815, 37.494595888066797 ], [ 127.154441881293181, 37.494582337238413 ], [ 127.154418739502063, 37.49453347572414 ], [ 127.15439688474531, 37.494484239427152 ], [ 127.154396846151016, 37.494484173787001 ], [ 127.154396800142678, 37.494484070178956 ], [ 127.15438930335182, 37.49447132421907 ], [ 127.154383087340477, 37.494458199714991 ], [ 127.154354049986679, 37.494411386778062 ], [ 127.15435348782168, 37.494410430989561 ], [ 127.15432623994208, 37.494364088372969 ], [ 127.15432619559239, 37.494364028922902 ], [ 127.154326135392708, 37.494363926571694 ], [ 127.154317104088946, 37.494351823887428 ], [ 127.154309305702796, 37.494339251587085 ], [ 127.15427465928515, 37.494294944323975 ], [ 127.154272486842729, 37.4942920330679 ], [ 127.154241154968133, 37.494250033037275 ], [ 127.154241105847873, 37.494249979858552 ], [ 127.154241031484233, 37.494249880204876 ], [ 127.1542305519595, 37.494238537972379 ], [ 127.154221246990474, 37.494226638363486 ], [ 127.154181327453827, 37.494185261090742 ], [ 127.15417719804401, 37.494180791725526 ], [ 127.154142449280016, 37.494143171805689 ], [ 127.154142396292585, 37.494143124878377 ], [ 127.154142308056151, 37.494143029377724 ], [ 127.15413048071035, 37.494132557498233 ], [ 127.154119759295625, 37.494121444540809 ], [ 127.154074952737304, 37.49408339322234 ], [ 127.154068636606496, 37.494077800936168 ], [ 127.154031073493655, 37.494044533778002 ], [ 127.154031017444851, 37.494044493001738 ], [ 127.154030915895177, 37.494044403089802 ], [ 127.154017854278166, 37.494034903105188 ], [ 127.154005820022959, 37.494024683160362 ], [ 127.153854229112866, 37.493907990066774 ], [ 127.154287381827402, 37.493651119027341 ], [ 127.155404712422794, 37.493082327371845 ], [ 127.155848728131247, 37.492868747353519 ], [ 127.1559767806407, 37.492800650901252 ], [ 127.156519935638229, 37.492482510616135 ], [ 127.1566754536193, 37.492379500508534 ], [ 127.156814485925381, 37.492262479201074 ], [ 127.1570159879427, 37.492071231927333 ], [ 127.157117697029804, 37.49196435057123 ], [ 127.15720561424844, 37.491849965001315 ], [ 127.157278874344485, 37.49172920104867 ], [ 127.157336756336193, 37.491603247317705 ], [ 127.157378690608255, 37.491473343486568 ], [ 127.157404264515222, 37.491340768105246 ], [ 127.157413226439871, 37.49120682601113 ], [ 127.157413883542134, 37.49106295355918 ], [ 127.157405577887729, 37.490924331786303 ], [ 127.157379482497106, 37.490787118680693 ], [ 127.157335872405113, 37.490652759904862 ], [ 127.157275207173157, 37.490522671040772 ], [ 127.157198126043625, 37.490398222676163 ], [ 127.15710544120175, 37.490280725965064 ], [ 127.15699812921585, 37.490171418814825 ], [ 127.156718432804411, 37.489914829761673 ], [ 127.15662357308311, 37.489834653639029 ], [ 127.15652083510416, 37.489760898784922 ], [ 127.155840787104509, 37.489311310483345 ], [ 127.155738761596666, 37.489248906537057 ], [ 127.155631097233737, 37.489192839829819 ], [ 127.154733365533815, 37.488763118380653 ], [ 127.150484350129588, 37.48644559825734 ], [ 127.148582417345636, 37.485370035726632 ], [ 127.148120316944329, 37.485068989371008 ], [ 127.14748667340794, 37.484625637020436 ], [ 127.147311809402595, 37.484485242898337 ], [ 127.147208291061872, 37.484325398684831 ], [ 127.146653908327636, 37.483309634494894 ], [ 127.146560156363179, 37.483162974608994 ], [ 127.146370791594421, 37.482906631071252 ], [ 127.146283025452689, 37.482799719364287 ], [ 127.146182988568782, 37.482699886386349 ], [ 127.145873380430956, 37.482419202800678 ], [ 127.145803284635903, 37.482359405863328 ], [ 127.145227440320355, 37.481897040803624 ], [ 127.145052109996129, 37.481734017981303 ], [ 127.144981362449457, 37.480685517174976 ], [ 127.144981301774806, 37.480685048505237 ], [ 127.144981298624273, 37.480684577354467 ], [ 127.144756211780873, 37.477391296428131 ], [ 127.144709393092313, 37.476696286964696 ], [ 127.144698398862559, 37.476598956963251 ], [ 127.144669181863506, 37.476415029255087 ], [ 127.144640639707745, 37.476285939395964 ], [ 127.144596546962219, 37.476159658921787 ], [ 127.144537318130332, 37.47603737473802 ], [ 127.144368263377629, 37.475733130600823 ], [ 127.144322838519855, 37.47565776463528 ], [ 127.144047868147752, 37.475235519900643 ], [ 127.144044767600576, 37.47522857348639 ], [ 127.144028053615202, 37.475153702145199 ], [ 127.143949588726215, 37.474080582768146 ], [ 127.14370805500279, 37.470121798705136 ], [ 127.143707552186967, 37.470117708755311 ], [ 127.143707523449663, 37.470113599281241 ], [ 127.143501808516035, 37.467116837396595 ], [ 127.143474743827468, 37.466590472328605 ], [ 127.143461467806134, 37.466468231349879 ], [ 127.143344475878251, 37.46576448984591 ], [ 127.143295662988237, 37.465575585483322 ], [ 127.143137347966871, 37.465127496595699 ], [ 127.143090996464437, 37.465015330118376 ], [ 127.143032542475396, 37.464906815519221 ], [ 127.14296243200117, 37.464802780664492 ], [ 127.142427163925063, 37.464085522954605 ], [ 127.141668237365849, 37.463053456888602 ], [ 127.145273048172626, 37.461093142396749 ], [ 127.147412623203508, 37.460030832231027 ], [ 127.147614155471985, 37.459913527191297 ], [ 127.149780320732276, 37.458446226416406 ], [ 127.150221641491839, 37.458221801469271 ], [ 127.150285690661562, 37.45820812968735 ], [ 127.152274568595885, 37.458068183413054 ], [ 127.152342158876593, 37.458062336379172 ], [ 127.15473282547066, 37.457816762637947 ], [ 127.154751029007059, 37.45781481260844 ], [ 127.156961794467335, 37.457568243453416 ], [ 127.157130874481751, 37.457542349699807 ], [ 127.158627705038796, 37.457249604616685 ], [ 127.158790128512379, 37.457210882333619 ], [ 127.158946891088945, 37.457159426940123 ], [ 127.159096426417619, 37.457095752575221 ], [ 127.159237240372221, 37.45702049546783 ], [ 127.160464334291902, 37.456291252497692 ], [ 127.160580003336634, 37.456215974929208 ], [ 127.160686918318774, 37.45613287860612 ], [ 127.160784250515576, 37.456042607650232 ], [ 127.161623782928586, 37.455190812256753 ], [ 127.161737500233642, 37.455060319946867 ], [ 127.161831228568033, 37.454920093244631 ], [ 127.162180819008853, 37.454313673575598 ], [ 127.162238836102233, 37.454199617836942 ], [ 127.162283602606749, 37.454081828685858 ], [ 127.162314747621863, 37.45396128219717 ], [ 127.162332013127582, 37.453838977290076 ], [ 127.162335256120343, 37.45371592745024 ], [ 127.162324449795832, 37.453593152331322 ], [ 127.162228966681511, 37.452937510709674 ], [ 127.162206587044778, 37.452825261619324 ], [ 127.16217246087119, 37.452714907645422 ], [ 127.16212682936937, 37.452607228620018 ], [ 127.16162102284369, 37.451560888222794 ], [ 127.160294897033864, 37.448652392544204 ], [ 127.159198769830112, 37.446043259867224 ], [ 127.159169871001993, 37.445979779243217 ], [ 127.158877390797059, 37.445384120431882 ], [ 127.15881734787564, 37.445276016953997 ], [ 127.1586025934985, 37.444930957146418 ], [ 127.158508185613258, 37.444798561759839 ], [ 127.158149030871883, 37.44435504620089 ], [ 127.158143028595973, 37.444348376600296 ], [ 127.15813779175032, 37.444341352662789 ], [ 127.158119496210062, 37.44432153403455 ], [ 127.15810273221031, 37.444300806899875 ], [ 127.158076558025272, 37.444274515824297 ], [ 127.158052014319523, 37.444247243300516 ], [ 127.158045218207988, 37.444241072316295 ], [ 127.158039145537899, 37.444234494080774 ], [ 127.158018505696518, 37.444216204154955 ], [ 127.157999270904, 37.44419688340745 ], [ 127.157704551310061, 37.443928970621265 ], [ 127.157587918630554, 37.443832964977474 ], [ 127.157459967291544, 37.443746610201742 ], [ 127.157060093238016, 37.44350272686227 ], [ 127.156935333305839, 37.443433475200457 ], [ 127.154929769559232, 37.442423491151516 ], [ 127.154862773056706, 37.442391448489829 ], [ 127.151391695929362, 37.440816774061496 ], [ 127.151261243072881, 37.440763405469809 ], [ 127.148311157337503, 37.439682260372372 ], [ 127.148284062384178, 37.439673587357461 ], [ 127.148257740427667, 37.439663564625612 ], [ 127.148242317300912, 37.439659112522882 ], [ 127.148227361090704, 37.439653698325941 ], [ 127.147197433922244, 37.439328453772582 ], [ 127.146624312747946, 37.439062617295377 ], [ 127.145680800962722, 37.438580059728331 ], [ 127.144671300265401, 37.438062728990296 ], [ 127.141866227015811, 37.436407041728337 ], [ 127.141840145453671, 37.436393172578484 ], [ 127.141815176744899, 37.436378057130185 ], [ 127.140047515198674, 37.43541316407574 ], [ 127.138674168574951, 37.434628209493034 ], [ 127.138503574182394, 37.434542466834479 ], [ 127.137635379290174, 37.434161637842109 ], [ 127.137454798196799, 37.434093157006252 ], [ 127.136062347622655, 37.43364331970227 ], [ 127.135907099831869, 37.433600027968318 ], [ 127.135747322662567, 37.433568934316497 ], [ 127.134347355559896, 37.433353246782218 ], [ 127.131087336279791, 37.432839091665826 ], [ 127.13079491417443, 37.432152438676191 ], [ 127.131206388209279, 37.429311711972147 ], [ 127.131217476894435, 37.429141194827373 ], [ 127.131203814460108, 37.428183141681522 ], [ 127.131197644621807, 37.428082256274578 ], [ 127.131182048140317, 37.427982019703407 ], [ 127.130956844372534, 37.426874863161828 ], [ 127.130944638030357, 37.426821619107621 ], [ 127.13063894795296, 37.425624181300073 ], [ 127.13054726041571, 37.424929623893057 ], [ 127.130464760392442, 37.42347063553774 ], [ 127.130462830353238, 37.418256080306975 ], [ 127.130462742016491, 37.418242671117689 ], [ 127.130380276321247, 37.411802423805028 ], [ 127.130410644225066, 37.40862264244327 ], [ 127.130409515565191, 37.4085619466656 ], [ 127.130282680497203, 37.405849340105213 ], [ 127.130271646356888, 37.405737722808944 ], [ 127.13011285616264, 37.404688197896718 ], [ 127.129991541779901, 37.403509391121112 ], [ 127.129993237201745, 37.402926545165968 ], [ 127.130188438788721, 37.401072661525099 ], [ 127.130189297450528, 37.401064186998219 ], [ 127.130360674910378, 37.399303840251072 ], [ 127.13036575936809, 37.399196197340238 ], [ 127.130364069603246, 37.398577820778236 ], [ 127.13035978292946, 37.398484618001433 ], [ 127.130290387661233, 37.39770805566156 ], [ 127.130266217405691, 37.397557455049892 ], [ 127.130133429453807, 37.396986700856402 ], [ 127.129985923905792, 37.396319365610701 ], [ 127.129991510318234, 37.396017209471921 ], [ 127.131099214590748, 37.39599763936323 ], [ 127.132356271040081, 37.396074891474917 ], [ 127.133466664743679, 37.3961506699967 ], [ 127.165942065561651, 37.401440818161198 ], [ 127.168411667420756, 37.401970664800523 ], [ 127.173921259458638, 37.403259677421339 ], [ 127.178233464932688, 37.404385271305607 ], [ 127.178382505585589, 37.404418247708179 ], [ 127.181132461578997, 37.404920098670182 ], [ 127.181190758074109, 37.40492987992198 ], [ 127.184733770460099, 37.405472598450515 ], [ 127.184876665031737, 37.405489484185722 ], [ 127.190322528925606, 37.405944706183035 ], [ 127.190339257598183, 37.405946037267697 ], [ 127.193503570348554, 37.406185137674584 ], [ 127.195090520886595, 37.406480257783919 ], [ 127.197452993928735, 37.407168109829378 ], [ 127.198011799877335, 37.407421596258466 ], [ 127.202470274394415, 37.409837826192557 ], [ 127.206527000309563, 37.412054448801833 ], [ 127.206547734053103, 37.412065598835426 ], [ 127.208136036339113, 37.412906197694547 ], [ 127.208296232586946, 37.412981233191012 ], [ 127.208465761452516, 37.413041834207981 ], [ 127.21079388784095, 37.41375458288347 ], [ 127.211031592342493, 37.413811814694085 ], [ 127.212671299062521, 37.414104061073914 ], [ 127.212891269957197, 37.414131317867103 ], [ 127.21521790330668, 37.414295782463078 ], [ 127.215417694309579, 37.414300466533184 ], [ 127.215616787536902, 37.414286359062615 ], [ 127.217783608789603, 37.41402937256224 ], [ 127.217853236151967, 37.414019927478677 ], [ 127.219808451527555, 37.413721124383116 ], [ 127.219999923709821, 37.413682516953784 ], [ 127.220184466210739, 37.413626406950826 ], [ 127.235551498081875, 37.408114794148169 ], [ 127.235661095679092, 37.408071620136297 ], [ 127.254028041470988, 37.400164510345576 ], [ 127.254029942703781, 37.400163592768699 ], [ 127.2540319449988, 37.400162824094679 ], [ 127.263165151700818, 37.396204537215262 ], [ 127.263300101753899, 37.396139376417757 ], [ 127.264700070066127, 37.395390220623476 ], [ 127.266468981028069, 37.394513024143997 ], [ 127.266595698723478, 37.394443636436236 ], [ 127.282890510402311, 37.384622496594048 ], [ 127.282913376575806, 37.38460846584799 ], [ 127.284336876361778, 37.383719495534187 ], [ 127.284494315356653, 37.383607914871781 ], [ 127.285744545429054, 37.382604216264575 ], [ 127.287984793826496, 37.380889266157347 ], [ 127.289248141517788, 37.379956054079621 ], [ 127.290976172543552, 37.378845890136354 ], [ 127.292581817981798, 37.378024912428394 ], [ 127.300679413164161, 37.3745847418447 ], [ 127.300683316955457, 37.374582881440084 ], [ 127.300687419994034, 37.374581317784916 ], [ 127.322580316334452, 37.36515539138086 ], [ 127.324834174632727, 37.364227193144615 ], [ 127.324960166283617, 37.364169721749079 ], [ 127.326647118964772, 37.363321686175382 ], [ 127.326717752480803, 37.363284173431218 ], [ 127.328456944363623, 37.362309459291559 ], [ 127.328580400917772, 37.362233255473406 ], [ 127.330265975760838, 37.361089985695337 ], [ 127.330420371831906, 37.360971022492812 ], [ 127.333986473315193, 37.357851329895091 ], [ 127.336435041971413, 37.355800781208103 ], [ 127.337254528370792, 37.355251672132844 ], [ 127.338406153407846, 37.35460725547081 ], [ 127.338423341250603, 37.354597509559156 ], [ 127.339763440515526, 37.353827564247403 ], [ 127.34116524904509, 37.353317320697371 ], [ 127.346789797385611, 37.351818652375322 ], [ 127.346806939290801, 37.351813324744889 ], [ 127.346824540923322, 37.351809058093075 ], [ 127.350929322460544, 37.350635476975057 ], [ 127.352874114921235, 37.350161594791878 ], [ 127.355530230419689, 37.349612608053263 ], [ 127.355531979384182, 37.349612245746435 ], [ 127.366455084980288, 37.347343930178752 ], [ 127.366476861154823, 37.347339283203681 ], [ 127.368429121530582, 37.346911524286149 ], [ 127.368564919192039, 37.346876798545509 ], [ 127.368696576358545, 37.346833075534583 ], [ 127.370752789760189, 37.346067598048926 ], [ 127.370883064642939, 37.346013489687365 ], [ 127.3719897575386, 37.345503980740837 ], [ 127.372145220091454, 37.345423032743305 ], [ 127.37330387849444, 37.344744669863232 ], [ 127.373371893860167, 37.344702687493871 ], [ 127.397216941451305, 37.329190971682209 ], [ 127.397248188992322, 37.329170132929271 ], [ 127.398984562451801, 37.327983541409033 ], [ 127.399021652184373, 37.327957435896437 ], [ 127.401125810656325, 37.326432215001368 ], [ 127.401273918146529, 37.326310464310765 ], [ 127.4022722590895, 37.325379342585542 ], [ 127.402356494821348, 37.325294069711994 ], [ 127.402431888016494, 37.325203672483831 ], [ 127.403270889347809, 37.324104405431946 ], [ 127.403342743178015, 37.324000205945559 ], [ 127.40397096079424, 37.322985991367119 ], [ 127.404061734183585, 37.322808902609047 ], [ 127.406853882460197, 37.316027896156953 ], [ 127.406854758813722, 37.316025353379288 ], [ 127.40685593098074, 37.316022887784833 ], [ 127.414119482019842, 37.298142009680205 ], [ 127.414138992280229, 37.298090497931753 ], [ 127.414554790249682, 37.296908287420813 ], [ 127.414571672912118, 37.296856348719473 ], [ 127.415038155446183, 37.295294430272691 ], [ 127.415070260418915, 37.295154831464686 ], [ 127.415083870991779, 37.295013313013953 ], [ 127.41512854333844, 37.293537211976208 ], [ 127.415121137309953, 37.29337403500945 ], [ 127.413412826363285, 37.279296002482681 ], [ 127.41335949766102, 37.278002518596438 ], [ 127.413582016539848, 37.276980965277588 ], [ 127.413870592881395, 37.275881349932767 ], [ 127.414273599646506, 37.274827343172745 ], [ 127.415125615291743, 37.273486988862821 ], [ 127.416181211166844, 37.272413686067331 ], [ 127.418420502836554, 37.270526166974633 ], [ 127.421496977696322, 37.268086206376147 ], [ 127.423019624057616, 37.267255057825686 ], [ 127.425444160230626, 37.266430967555991 ], [ 127.427986699057357, 37.26573059384345 ], [ 127.430126821914129, 37.26557404094639 ], [ 127.442180051035621, 37.265634108667406 ], [ 127.442184755286647, 37.265633947213644 ], [ 127.44218945805936, 37.265634134164593 ], [ 127.442196589786178, 37.265633857636068 ], [ 127.442203723822459, 37.265634093056342 ], [ 127.450487213872179, 37.265582018176595 ], [ 127.450546899724699, 37.265580798782374 ], [ 127.451918453738855, 37.265533401459862 ], [ 127.45207695544542, 37.265521934407481 ], [ 127.454449712170543, 37.265259830661201 ], [ 127.454600918265427, 37.265237487767706 ], [ 127.458079345466814, 37.26459153090223 ], [ 127.458086083142604, 37.264590267965971 ], [ 127.463092698276654, 37.26364305150657 ], [ 127.463131166670863, 37.263635391107577 ], [ 127.465186225435716, 37.263205634747663 ], [ 127.465399180075337, 37.26314879031306 ], [ 127.468137216882482, 37.262252426346407 ], [ 127.468288347377793, 37.26219583701571 ], [ 127.470498466142416, 37.261259335304679 ], [ 127.47065143294121, 37.261186008650206 ], [ 127.472071176809919, 37.260421296714568 ], [ 127.472111714943992, 37.260398766800385 ], [ 127.473635663751267, 37.259525135708415 ], [ 127.474937774781836, 37.258998209390214 ], [ 127.476483222550684, 37.258673935889831 ], [ 127.478167160966947, 37.25853247720714 ], [ 127.480288204644367, 37.258956204015831 ], [ 127.489797167471664, 37.261579768770375 ], [ 127.502001766529872, 37.265074294849747 ], [ 127.507160681392975, 37.26671469890389 ], [ 127.510623193869904, 37.268018159599357 ], [ 127.518252188821251, 37.271232985418095 ], [ 127.520948923690312, 37.272613086785057 ], [ 127.522519561964998, 37.273699206998636 ], [ 127.544295829800575, 37.290443969720926 ], [ 127.544383454990566, 37.290506785564908 ], [ 127.545762394629861, 37.291428167431192 ], [ 127.545949537840698, 37.291536749327776 ], [ 127.548704157531162, 37.292915609085995 ], [ 127.548825163989648, 37.292970771360224 ], [ 127.548951439626876, 37.293017794678683 ], [ 127.552073169906635, 37.294057515346772 ], [ 127.552244051488032, 37.294106016115819 ], [ 127.554517651821868, 37.294643590918703 ], [ 127.554619947583134, 37.29466502374661 ], [ 127.557315522750145, 37.295158396965419 ], [ 127.557473959761694, 37.295181119470968 ], [ 127.557634382283268, 37.295191713426846 ], [ 127.560221304274492, 37.295263836377856 ], [ 127.560330994693572, 37.295264051634263 ], [ 127.57055379810916, 37.295018875952444 ], [ 127.570565511439881, 37.295018133695862 ], [ 127.570577261403173, 37.295018182031988 ], [ 127.579395511444773, 37.294708103982877 ], [ 127.583343926763931, 37.294604573328328 ], [ 127.583475924237206, 37.294596973897953 ], [ 127.586482471818272, 37.294329097140512 ], [ 127.586644116282187, 37.294308326646771 ], [ 127.608044853802554, 37.290700251059413 ], [ 127.608177518462824, 37.290673351528426 ], [ 127.60981057160609, 37.290285423614947 ], [ 127.609955271882058, 37.29024527059493 ], [ 127.610094834935396, 37.29019482802709 ], [ 127.611778254966936, 37.28951142672566 ], [ 127.611912742362406, 37.289450499635386 ], [ 127.612039709005913, 37.289380020328913 ], [ 127.612158095189685, 37.289300577063301 ], [ 127.613290209602042, 37.288467498577639 ], [ 127.614632005418088, 37.287548338907754 ], [ 127.614633747395004, 37.287547143951564 ], [ 127.61629816117231, 37.286403797184079 ], [ 127.617180697322155, 37.285916241015222 ], [ 127.618667302381127, 37.285523353520908 ], [ 127.620166364588002, 37.285244629428973 ], [ 127.628669530407095, 37.284173505297851 ], [ 127.628703750647333, 37.28416780591953 ], [ 127.628738321004889, 37.284163670015595 ], [ 127.628784986351093, 37.284154276076364 ], [ 127.628832097314557, 37.284146429696357 ], [ 127.628865453605428, 37.284138077615815 ], [ 127.628899350120093, 37.284131254059503 ], [ 127.628944638363549, 37.284118250501855 ], [ 127.628990559917526, 37.284106752150343 ], [ 127.629022731004596, 37.284095827806624 ], [ 127.629055627218904, 37.284086382316062 ], [ 127.629099102189443, 37.284069894377467 ], [ 127.629143392064449, 37.284054854795627 ], [ 127.629174068109634, 37.284041463401174 ], [ 127.629205647201616, 37.284029486946253 ], [ 127.629246890195219, 37.284009673422077 ], [ 127.629289121839051, 37.283991237456483 ], [ 127.629318007404947, 37.283975507983683 ], [ 127.629347965239944, 37.283961115909811 ], [ 127.629386579051754, 37.283938167623695 ], [ 127.62942634573794, 37.283916512831112 ], [ 127.629453162633567, 37.283898596770008 ], [ 127.629481210693456, 37.283881927687041 ], [ 127.62951682344341, 37.283856065652948 ], [ 127.629553742188889, 37.283831400589939 ], [ 127.6295782321491, 37.283811470489006 ], [ 127.629604100311226, 37.283792684936124 ], [ 127.629636369025931, 37.283764158229388 ], [ 127.629670084279482, 37.283736720443592 ], [ 127.629692011452221, 37.283714968247814 ], [ 127.629715450591107, 37.283694247147125 ], [ 127.629744064506923, 37.283663330505362 ], [ 127.629774251573579, 37.283633384247302 ], [ 127.629793404791357, 37.283610019449277 ], [ 127.629814189177836, 37.283587562363266 ], [ 127.629838872733558, 37.283554553540213 ], [ 127.629865240901594, 37.283522387218049 ], [ 127.629881435715063, 37.283497634840259 ], [ 127.629899365190099, 37.283473658049516 ], [ 127.629919880680617, 37.283438874947059 ], [ 127.629942176020904, 37.283404798348727 ], [ 127.629955256474872, 37.283378896776149 ], [ 127.629970158376977, 37.283353631196313 ], [ 127.629986308242053, 37.283317408802532 ], [ 127.630004316053132, 37.28328175011201 ], [ 127.63001415618821, 37.28325494879617 ], [ 127.630025887015961, 37.283228637753723 ], [ 127.630037515742231, 37.283191324916629 ], [ 127.63005106261754, 37.283154427552958 ], [ 127.630057567682599, 37.283126984609268 ], [ 127.630066014476114, 37.283099881498131 ], [ 127.630073010094094, 37.283061837565711 ], [ 127.630081965591131, 37.28302405687549 ], [ 127.630085072955367, 37.282996236597427 ], [ 127.630090154383609, 37.282968602438316 ], [ 127.630092449545174, 37.28293019379764 ], [ 127.630096727441, 37.28289189363268 ], [ 127.630096407196362, 37.282863963946326 ], [ 127.63009807433987, 37.282836064872946 ], [ 127.630095646965941, 37.282797661421533 ], [ 127.630095206086608, 37.28275921063458 ], [ 127.63009146133524, 37.282731440518297 ], [ 127.630089698156453, 37.282703545214254 ], [ 127.630082571648671, 37.282665516797763 ], [ 127.630077416264839, 37.282627285690253 ], [ 127.630070283088443, 37.282599942584255 ], [ 127.630065106585604, 37.28257231969544 ], [ 127.630053349600033, 37.282535032545859 ], [ 127.630043529384878, 37.282497389301689 ], [ 127.630033076496588, 37.282470736532503 ], [ 127.630024536539182, 37.282443652079976 ], [ 127.630008262324267, 37.282407465288685 ], [ 127.629993871874106, 37.282370772428479 ], [ 127.629980199956151, 37.282345066673081 ], [ 127.629968378804136, 37.28231878149122 ], [ 127.629947744109032, 37.282284043550924 ], [ 127.629928922031596, 37.282248654440977 ], [ 127.629912162764924, 37.282224143255007 ], [ 127.629897174275868, 37.2821989104796 ], [ 127.629872377840258, 37.282165955928399 ], [ 127.629849305418986, 37.282132211377757 ], [ 127.629829620214764, 37.282109130811598 ], [ 127.629811608746834, 37.282085193442313 ], [ 127.629782889386249, 37.28205433964213 ], [ 127.629755788833734, 37.282022564620775 ], [ 127.62973336727849, 37.282001136946462 ], [ 127.629712506299683, 37.281978725506725 ], [ 127.62968014060516, 37.281950269587398 ], [ 127.629649272922777, 37.281920770096761 ], [ 127.629624330952097, 37.281901201667672 ], [ 127.629600821369536, 37.281880531984932 ], [ 127.629565121043626, 37.281854747982969 ], [ 127.629530783507462, 37.281827808109455 ], [ 127.629503561326516, 37.281810287373261 ], [ 127.629477629551332, 37.281791558500665 ], [ 127.62943893840594, 37.281768694720434 ], [ 127.629401461703893, 37.281744573899935 ], [ 127.629372221473986, 37.281729269583991 ], [ 127.629344117240763, 37.281712661883709 ], [ 127.62930280788629, 37.28169293850663 ], [ 127.629262552933312, 37.281671869026212 ], [ 127.629231576247207, 37.281658928512947 ], [ 127.629201570209148, 37.281644601919453 ], [ 127.629158040466308, 37.281628208883788 ], [ 127.629115394928803, 37.281610393645167 ], [ 127.629082980099227, 37.28159994155294 ], [ 127.629051361221684, 37.281588034032929 ], [ 127.629006030290441, 37.281575129204981 ], [ 127.628961404853428, 37.281560739770732 ], [ 127.628927864040435, 37.281552876753892 ], [ 127.62889493681844, 37.281543502977939 ], [ 127.62884824124184, 37.28153421063196 ], [ 127.628802065654199, 37.281523385573585 ], [ 127.628767721859361, 37.281518187353349 ], [ 127.628733803385671, 37.281511437591703 ], [ 127.628686192846104, 37.281505847213325 ], [ 127.628638911782645, 37.281498690776992 ], [ 127.62860409573895, 37.281496207412332 ], [ 127.628569512650827, 37.281492146665741 ], [ 127.628521445640402, 37.281490312090412 ], [ 127.628473514420179, 37.281486893193183 ], [ 127.628438561407577, 37.281487148598849 ], [ 127.628403646741589, 37.281485815972673 ], [ 127.628355586147237, 37.281487754867257 ], [ 127.628307466349668, 37.281488106433521 ], [ 127.62827271296679, 37.2814910981498 ], [ 127.62823780295227, 37.281492506477512 ], [ 127.628190211599147, 37.281498200170176 ], [ 127.628142366619358, 37.281502318814596 ], [ 127.619579026043795, 37.282581019701539 ], [ 127.619458937436505, 37.282599720248932 ], [ 127.617825412085338, 37.282903444724248 ], [ 127.61767751808658, 37.282936662884993 ], [ 127.615887034538986, 37.283409857796045 ], [ 127.615736769650866, 37.283456013683718 ], [ 127.615592673821965, 37.283513370466231 ], [ 127.615456051214636, 37.283581409032855 ], [ 127.614300188352658, 37.284219956641003 ], [ 127.614159357705233, 37.284306842609134 ], [ 127.612428272906669, 37.285495965812856 ], [ 127.611064514470399, 37.286430151586679 ], [ 127.611019537822997, 37.286462086089585 ], [ 127.610037011144783, 37.28718507504113 ], [ 127.608698729577355, 37.28772835895986 ], [ 127.607278651276332, 37.28806569366759 ], [ 127.58602583068739, 37.291648827277264 ], [ 127.58316664790047, 37.29190357383856 ], [ 127.579275046745281, 37.292005613409671 ], [ 127.579256032069651, 37.292006197185955 ], [ 127.570440319635765, 37.292316186572641 ], [ 127.560284463461656, 37.292559758253134 ], [ 127.557913886786352, 37.292493667942509 ], [ 127.555427400722735, 37.292038563790065 ], [ 127.553291665319847, 37.291533587677982 ], [ 127.550382745881635, 37.290564751413207 ], [ 127.547844761930406, 37.289294345585624 ], [ 127.546599930539756, 37.288462587446354 ], [ 127.524833835790545, 37.271726021055628 ], [ 127.524767606631542, 37.271677713647328 ], [ 127.523070943312021, 37.270504467481558 ], [ 127.522876234477039, 37.270388265958793 ], [ 127.520016796376254, 37.268924916766963 ], [ 127.519893438065239, 37.26886749963554 ], [ 127.512167677974944, 37.265611926142704 ], [ 127.512099423293321, 37.265584714304346 ], [ 127.508555340106852, 37.264250555094435 ], [ 127.50845976923506, 37.264217409677805 ], [ 127.503225265112675, 37.26255297880126 ], [ 127.50317028545058, 37.262536373400557 ], [ 127.490929031172072, 37.259031366727406 ], [ 127.490919526494366, 37.25902905851185 ], [ 127.490910306616684, 37.259026103027885 ], [ 127.4813222256046, 37.256380715756499 ], [ 127.481180341530802, 37.256347037810009 ], [ 127.478697648773235, 37.255851061665226 ], [ 127.478552818285991, 37.255827447683842 ], [ 127.478405961796994, 37.255814030341277 ], [ 127.478258200637981, 37.255810912086439 ], [ 127.478110663047147, 37.255818116728946 ], [ 127.476001533576849, 37.255995295019098 ], [ 127.475874296480242, 37.256009907989338 ], [ 127.475748814944097, 37.256032201878867 ], [ 127.473904769748984, 37.256419127404911 ], [ 127.473734109629135, 37.256462777371418 ], [ 127.473570183231075, 37.256520612173624 ], [ 127.4719914711863, 37.257159466359219 ], [ 127.471877972222586, 37.257209858447681 ], [ 127.47176964261935, 37.257267060103842 ], [ 127.470160041036763, 37.258189781516855 ], [ 127.468834855045955, 37.258903553316713 ], [ 127.46677750500686, 37.259775314359551 ], [ 127.464220964541454, 37.260612257162023 ], [ 127.462293988322827, 37.261015227177772 ], [ 127.457310194510882, 37.261958124318944 ], [ 127.453910216941011, 37.262589513111095 ], [ 127.451692689271013, 37.2628344696911 ], [ 127.450430598395414, 37.26287808403675 ], [ 127.442189095723265, 37.26292989458733 ], [ 127.430065529789999, 37.262869471882517 ], [ 127.429900664498149, 37.262875074323432 ], [ 127.427474655803294, 37.263052539011717 ], [ 127.427273543521196, 37.263077066248101 ], [ 127.427077569024547, 37.263120711306179 ], [ 127.424285534848266, 37.263889810957515 ], [ 127.424174663771709, 37.263923875312777 ], [ 127.421541559109144, 37.264818850847433 ], [ 127.421391572444747, 37.264876959351732 ], [ 127.421249468081911, 37.264946582146607 ], [ 127.419460955306732, 37.265922843144033 ], [ 127.4193377034956, 37.265996920950322 ], [ 127.419223403637744, 37.266079660988517 ], [ 127.416018819682108, 37.268621166444419 ], [ 127.415982771420033, 37.268650639209561 ], [ 127.413671760575909, 37.270598557334246 ], [ 127.413569318255952, 37.270693330819434 ], [ 127.412362379101808, 37.271920470927498 ], [ 127.41226640651567, 37.272028558791909 ], [ 127.412184136311936, 37.272143636355779 ], [ 127.411190056319498, 37.273707382761621 ], [ 127.411129338977844, 37.273814115339682 ], [ 127.411080420055612, 37.273924650150974 ], [ 127.410612151269163, 37.275149204500103 ], [ 127.410574317181897, 37.275266794173696 ], [ 127.410264112188486, 37.276448628618766 ], [ 127.41025315010495, 37.276494284985276 ], [ 127.409995705699487, 37.277675935637212 ], [ 127.409974743182104, 37.277813634150547 ], [ 127.409971545809185, 37.277952324292187 ], [ 127.410032322488163, 37.279428061802143 ], [ 127.410039297200029, 37.279514011429342 ], [ 127.411742310500742, 37.293553567362125 ], [ 127.411704368828964, 37.294805416223809 ], [ 127.411287028576098, 37.296202586282114 ], [ 127.410889385617438, 37.297333039421524 ], [ 127.403636569342865, 37.315185615290687 ], [ 127.400882718983937, 37.321872929172123 ], [ 127.400340781186344, 37.322747793869055 ], [ 127.399611514026617, 37.323703239203383 ], [ 127.398771096624301, 37.324487045651829 ], [ 127.396764102219308, 37.325941803641257 ], [ 127.3950619917496, 37.327104958017742 ], [ 127.371266289564375, 37.342584299525036 ], [ 127.370217269563952, 37.343198463248136 ], [ 127.369254777073422, 37.343641579511257 ], [ 127.367394798639125, 37.34433399981058 ], [ 127.365591340050344, 37.344729152993494 ], [ 127.354680369856851, 37.34699494447711 ], [ 127.351990018259897, 37.347551006099692 ], [ 127.351920048015941, 37.347566753856619 ], [ 127.34990190657615, 37.348058507550796 ], [ 127.349825240316719, 37.348078795335987 ], [ 127.345699855832038, 37.349258263920682 ], [ 127.340007936053524, 37.350774875834183 ], [ 127.339841445217957, 37.350827186080949 ], [ 127.3382066091349, 37.351422244881498 ], [ 127.33805915825792, 37.351483047460249 ], [ 127.337919869203844, 37.351555078530652 ], [ 127.336453156109627, 37.352397758575194 ], [ 127.335249854942376, 37.353071081693258 ], [ 127.335133103465239, 37.353142645930653 ], [ 127.334185080543222, 37.353777870698345 ], [ 127.334047999587384, 37.353880596876849 ], [ 127.331521708406143, 37.355996179280389 ], [ 127.33149649750051, 37.35601775728643 ], [ 127.327990389713221, 37.359084882903261 ], [ 127.326446281697343, 37.360132179914153 ], [ 127.32480577220889, 37.361051575223151 ], [ 127.323216206543535, 37.361850645253789 ], [ 127.321013011489057, 37.362757970803656 ], [ 127.320985291624666, 37.362769646505498 ], [ 127.299083093469619, 37.372199499977604 ], [ 127.290929326841436, 37.375663502145187 ], [ 127.290811381828618, 37.375718585456021 ], [ 127.289071067707056, 37.376608409464595 ], [ 127.288922607226468, 37.376693673002471 ], [ 127.287077691095647, 37.377878908798692 ], [ 127.286989208877273, 37.377939883091678 ], [ 127.285671853854836, 37.378912968449221 ], [ 127.285649858741564, 37.378929508249179 ], [ 127.283384155949562, 37.380663903617545 ], [ 127.28335538371681, 37.380686458795729 ], [ 127.282165302164103, 37.381641846880257 ], [ 127.280836247868351, 37.382471821551484 ], [ 127.264614531547295, 37.392248759137644 ], [ 127.262886005585955, 37.393105918148045 ], [ 127.262836599392827, 37.393131376305902 ], [ 127.261477799366304, 37.393858493695028 ], [ 127.252416123760909, 37.397785741521233 ], [ 127.234105366800392, 37.405668601336188 ], [ 127.21897556192485, 37.411095109137982 ], [ 127.217250056393084, 37.411358805921054 ], [ 127.21531698130741, 37.411588071576766 ], [ 127.213301671574143, 37.411445613269109 ], [ 127.211892359748248, 37.411194431002464 ], [ 127.209854732312138, 37.410570621474697 ], [ 127.208432373556874, 37.409817855428209 ], [ 127.204383313035535, 37.407605451511913 ], [ 127.204380509282515, 37.407604075627596 ], [ 127.204377880382864, 37.407602495269458 ], [ 127.199860839803662, 37.405154557546844 ], [ 127.199746158915417, 37.405097596193443 ], [ 127.199005215837971, 37.404761491497204 ], [ 127.198879339490702, 37.404709816682399 ], [ 127.198748496579071, 37.404666702148411 ], [ 127.1961563544737, 37.403911984222077 ], [ 127.195960007395996, 37.403865329165136 ], [ 127.19416189966681, 37.403530941514973 ], [ 127.193936894201286, 37.403501656241907 ], [ 127.190667321718621, 37.403254604457935 ], [ 127.185301906195093, 37.40280610949651 ], [ 127.181859262400337, 37.402278765802322 ], [ 127.179213898893394, 37.401796004056258 ], [ 127.174950426006404, 37.400683132787066 ], [ 127.174900240041467, 37.400670715632906 ], [ 127.169347235098428, 37.399371550681764 ], [ 127.169310373570056, 37.399363285267434 ], [ 127.166772030621217, 37.398818691597683 ], [ 127.166670631958397, 37.398799581477526 ], [ 127.13404863415758, 37.393485557787884 ], [ 127.1338537523241, 37.393463098795245 ], [ 127.132637989896381, 37.393380130105733 ], [ 127.132623688630389, 37.393379202695876 ], [ 127.131275797230188, 37.393296368141677 ], [ 127.131108116665828, 37.393292705958388 ], [ 127.130041531408622, 37.393311550764103 ], [ 127.130046470932939, 37.39304435709046 ], [ 127.130046126348688, 37.392990639147065 ], [ 127.129969671405078, 37.390549560892019 ], [ 127.129968158910089, 37.390516991891808 ], [ 127.12991150315753, 37.38959685168215 ], [ 127.129910264942424, 37.389579118901821 ], [ 127.129850696218384, 37.388816255605384 ], [ 127.129825386546756, 37.388653017100722 ], [ 127.129775422314992, 37.388493438756782 ], [ 127.129628235069205, 37.388121277895991 ], [ 127.129574186811766, 37.38800384760561 ], [ 127.129506767773393, 37.387890905911028 ], [ 127.129426555164116, 37.387783419667315 ], [ 127.129334235706779, 37.387682309023305 ], [ 127.128907130764034, 37.387257326677478 ], [ 127.128743608481301, 37.387116416315756 ], [ 127.12777322371042, 37.386391101727071 ], [ 127.127770042903464, 37.386388730309008 ], [ 127.124610145329356, 37.384038844404408 ], [ 127.124600582758248, 37.384032402574007 ], [ 127.124591726058341, 37.384025347367988 ], [ 127.115488867246711, 37.377452287614368 ], [ 127.115481064295679, 37.377447185167028 ], [ 127.11547384132119, 37.37744156511328 ], [ 127.110244531235892, 37.373754071650637 ], [ 127.110177586811162, 37.373709260961 ], [ 127.110055612199744, 37.373631801352083 ], [ 127.110032909804744, 37.372196972875606 ], [ 127.110226444865802, 37.367358050039371 ], [ 127.110226056425944, 37.367340004061006 ], [ 127.11022728358239, 37.367321990662376 ], [ 127.110227242554487, 37.367321244448597 ], [ 127.110227292332638, 37.367320498574067 ], [ 127.110226360182082, 37.367303961359525 ], [ 127.110226956516996, 37.367287404633657 ], [ 127.110109033200089, 37.362662295490715 ], [ 127.110099994212447, 37.362547640392158 ], [ 127.109803326969313, 37.360307965046339 ], [ 127.109879919417182, 37.358652806395654 ], [ 127.110035649388905, 37.357503808522345 ], [ 127.110408815568618, 37.355702267457758 ], [ 127.110418919427858, 37.355646218765159 ], [ 127.1105516069685, 37.354782177503168 ], [ 127.110561639164388, 37.354691863584875 ], [ 127.11066395103677, 37.353205831278423 ], [ 127.110666384769729, 37.353147628453897 ], [ 127.110711993485026, 37.350070093904485 ], [ 127.110711750063388, 37.350064880427126 ], [ 127.110712097711726, 37.350059669399712 ], [ 127.110711082098589, 37.350041650015527 ], [ 127.110711681662906, 37.350023621993181 ], [ 127.110579002032125, 37.345325561865806 ], [ 127.110658599523092, 37.339878017657483 ], [ 127.110658535559267, 37.339876653577086 ], [ 127.110658635917417, 37.339875290894838 ], [ 127.110699754801274, 37.336472314368429 ], [ 127.110697833771127, 37.336393578759726 ], [ 127.110606805576936, 37.334899346665665 ], [ 127.110599935310105, 37.334826826947648 ], [ 127.110408342749025, 37.333338034466706 ], [ 127.110403434164127, 37.333304110077805 ], [ 127.109666870518922, 37.328721596701918 ], [ 127.109490586250089, 37.327268527642964 ], [ 127.109257360536319, 37.324630687799228 ], [ 127.109203023009698, 37.323458946118578 ], [ 127.109202417524116, 37.323447256847317 ], [ 127.109116750953405, 37.321950245046501 ], [ 127.109113997022376, 37.321913246902355 ], [ 127.108997801371316, 37.320645720601085 ], [ 127.108917876588805, 37.318300203366341 ], [ 127.109134354094152, 37.316980016503081 ], [ 127.10946046448116, 37.315281894686862 ], [ 127.109817834329874, 37.313976096410791 ], [ 127.109819642817456, 37.313969407132703 ], [ 127.10995862342125, 37.313448958063155 ], [ 127.109990456785894, 37.313274881995163 ], [ 127.110026034270007, 37.312920137876112 ], [ 127.110103141573362, 37.312309801414706 ], [ 127.110111260736844, 37.312204663193206 ], [ 127.110131543521064, 37.311489173834502 ], [ 127.110157579646852, 37.310561963842908 ], [ 127.1101562565851, 37.310470204686766 ], [ 127.110125966395046, 37.30993833280921 ], [ 127.110100675266764, 37.309759069787781 ], [ 127.109983981540864, 37.309243851474839 ], [ 127.109937714931476, 37.309090966705917 ], [ 127.109869533490993, 37.308943408266536 ], [ 127.109509941596983, 37.308285727890762 ], [ 127.109443369625311, 37.308177420315069 ], [ 127.109364974945791, 37.308074284605595 ], [ 127.109275381890185, 37.30797714206863 ], [ 127.108709125938915, 37.307417307352971 ], [ 127.108611033697656, 37.307328572273626 ], [ 127.108047269511189, 37.306861491974544 ], [ 127.107875481920701, 37.30668496306307 ], [ 127.107741085256094, 37.306494637791609 ], [ 127.107650958704198, 37.306209045078575 ], [ 127.10757011449266, 37.305795403935655 ], [ 127.107509270461932, 37.305109876464861 ], [ 127.107502554958884, 37.304332544892766 ], [ 127.107502524228011, 37.304329488379487 ], [ 127.107492029799062, 37.30341448343242 ], [ 127.107490993469995, 37.303377969669356 ], [ 127.107442756267801, 37.302313233017252 ], [ 127.10742527678245, 37.301254312169277 ], [ 127.107427351923022, 37.300704842774195 ], [ 127.107426602618105, 37.30066032917275 ], [ 127.107363114678392, 37.298965114650471 ], [ 127.107407352869018, 37.29533516678346 ], [ 127.107407336127693, 37.295307532354116 ], [ 127.10739788914691, 37.294602421362143 ], [ 127.107422426788645, 37.293902046359733 ], [ 127.107448717252225, 37.293283436649453 ], [ 127.107558193274386, 37.292671070631144 ], [ 127.107657320334255, 37.292247518065167 ], [ 127.107802847552861, 37.291876677180454 ], [ 127.108194671889493, 37.291154948498153 ], [ 127.10845323102518, 37.290750405663481 ], [ 127.10872279199441, 37.290388624526024 ], [ 127.109033484533938, 37.290061021807254 ], [ 127.109421579295599, 37.289713437994216 ], [ 127.11255739681792, 37.287070341013539 ], [ 127.112560580366832, 37.287067379077499 ], [ 127.112564092397065, 37.287064664493307 ], [ 127.114818858368778, 37.28514191845327 ], [ 127.114826053818419, 37.285135743825528 ], [ 127.116036485452724, 37.284090495897821 ], [ 127.116111957304739, 37.284020688519256 ], [ 127.116499872370937, 37.283636109735461 ], [ 127.116594802217918, 37.283532247937366 ], [ 127.116960843242211, 37.283088933522151 ], [ 127.1170325974403, 37.282993738097161 ], [ 127.117094325523553, 37.282894155758008 ], [ 127.117145610531736, 37.282790859227106 ], [ 127.117359943760619, 37.282301359020636 ], [ 127.117410066542263, 37.282163945863687 ], [ 127.117441729234898, 37.282023068801315 ], [ 127.117539184394971, 37.28140203947293 ], [ 127.11755207417626, 37.281257419052338 ], [ 127.117612505273939, 37.27849150989951 ], [ 127.117612663930998, 37.278482544881257 ], [ 127.117635525125962, 37.276795011077411 ], [ 127.117635867430565, 37.276794988387081 ], [ 127.117680473980371, 37.276793661807567 ], [ 127.118092385758956, 37.276765188045239 ], [ 127.118216304060539, 37.276752926211614 ], [ 127.118645442875817, 37.276697545785886 ], [ 127.118663729891949, 37.276695103578319 ], [ 127.119623744050244, 37.276562566010291 ], [ 127.11974755265031, 37.276541634767327 ], [ 127.120137487972116, 37.27646343050332 ], [ 127.120304972220595, 37.276422367333602 ], [ 127.120486002473783, 37.276369644627152 ], [ 127.120564943252447, 37.276344845691298 ], [ 127.120734750327429, 37.276287533887718 ], [ 127.120860247895834, 37.276240241573348 ], [ 127.120980474224638, 37.276184890867725 ], [ 127.121156284229627, 37.27609608463397 ], [ 127.121302813479161, 37.276013054039943 ], [ 127.121437501265589, 37.275918077239588 ], [ 127.121609457363306, 37.275783187573602 ], [ 127.122634392245132, 37.27500568858315 ], [ 127.122644909825965, 37.274997640944541 ], [ 127.124755417919133, 37.273368739649776 ], [ 127.124829298206834, 37.273308029443555 ], [ 127.124977378848556, 37.27317846346741 ], [ 127.125049378655646, 37.273111166847329 ], [ 127.125389187149125, 37.272771647820022 ], [ 127.126252737448638, 37.271953611946998 ], [ 127.12628872774917, 37.271918329679295 ], [ 127.126427267737483, 37.271777747403384 ], [ 127.126620853792801, 37.271619116803691 ], [ 127.126625975351999, 37.27161490173787 ], [ 127.127191682874439, 37.271147289089619 ], [ 127.127744824403806, 37.270789571437511 ], [ 127.128737429394903, 37.270175287049753 ], [ 127.129201849304764, 37.269924676017908 ], [ 127.129751665619807, 37.269704852526651 ], [ 127.13039792361522, 37.269504431583925 ], [ 127.130767857242262, 37.26943772365582 ], [ 127.131118169242853, 37.26940381421975 ], [ 127.131850636466851, 37.269391550479256 ], [ 127.132364121453293, 37.269440956115496 ], [ 127.133318010107871, 37.26965383595693 ], [ 127.13410568456618, 37.269965455101719 ], [ 127.135017073909694, 37.270458072352916 ], [ 127.135596806717587, 37.270813245979056 ], [ 127.135991952455086, 37.271065195599277 ], [ 127.136038905429658, 37.271195612369674 ], [ 127.13620396160924, 37.271744461417676 ], [ 127.136216691446378, 37.271784135943811 ], [ 127.136418539740703, 37.272375824577431 ], [ 127.136419894341387, 37.272379771805277 ], [ 127.136507214363647, 37.272632714807152 ], [ 127.136554047313311, 37.272747960941864 ], [ 127.136613603140518, 37.272859393496432 ], [ 127.136805530930616, 37.273178145824374 ], [ 127.136892711828494, 37.273305057888066 ], [ 127.136996373690735, 37.273423792813695 ], [ 127.137277801915388, 37.273711938938511 ], [ 127.137360408321953, 37.2737902149509 ], [ 127.137450190639854, 37.273863270562337 ], [ 127.137793967360949, 37.274122583332634 ], [ 127.137902100082243, 37.274197496876965 ], [ 127.138017768219939, 37.274264839662344 ], [ 127.138550147277954, 37.27454804855924 ], [ 127.13874857385666, 37.274638777096477 ], [ 127.139133075790397, 37.274787997447689 ], [ 127.13923117904929, 37.274823038313393 ], [ 127.139668119472304, 37.274965981156519 ], [ 127.140613582805742, 37.275315345398539 ], [ 127.140992518494969, 37.275456725313134 ], [ 127.141040100399067, 37.275473769249636 ], [ 127.141494776749369, 37.275629955475438 ], [ 127.143058849435022, 37.276194620062043 ], [ 127.143676896499301, 37.276428350382425 ], [ 127.143717083800567, 37.276443037884121 ], [ 127.144062447183117, 37.27656492673875 ], [ 127.144272361507831, 37.276626121774775 ], [ 127.144581641892046, 37.276698188395464 ], [ 127.144721791149891, 37.276725721258323 ], [ 127.145059464036493, 37.276779969490107 ], [ 127.145190929843167, 37.276796819453807 ], [ 127.145444369274387, 37.276821173671657 ], [ 127.145584785599041, 37.276829948430553 ], [ 127.14599623168516, 37.27684192348412 ], [ 127.146163144746154, 37.276840196517384 ], [ 127.146479055787623, 37.276824449017511 ], [ 127.146658971172599, 37.276807717659828 ], [ 127.147003425454386, 37.276760635789266 ], [ 127.147142426572387, 37.2767367938471 ], [ 127.147521061075651, 37.276658417932723 ], [ 127.147732365278358, 37.27660259587163 ], [ 127.148018129877698, 37.276510034352839 ], [ 127.148180862704521, 37.276449093631904 ], [ 127.14857460189576, 37.276280713172874 ], [ 127.148692723851141, 37.276225167369496 ], [ 127.149089684568352, 37.276020764446756 ], [ 127.149191234742503, 37.275964167600897 ], [ 127.149435320646916, 37.275817237767185 ], [ 127.149542274956744, 37.275747202275774 ], [ 127.14964171547831, 37.275670421384902 ], [ 127.149852303042721, 37.275493964788872 ], [ 127.149999002350427, 37.27535303503624 ], [ 127.150298713840655, 37.275021777263909 ], [ 127.150406368821507, 37.274886583081646 ], [ 127.150775974648525, 37.274355330728788 ], [ 127.15085975796012, 37.274216910867864 ], [ 127.151521020160558, 37.272944488599158 ], [ 127.151622235937424, 37.272769691244733 ], [ 127.151741852120381, 37.272590038001852 ], [ 127.151828133478375, 37.272486350940653 ], [ 127.152476846447499, 37.271832860219099 ], [ 127.152508674397694, 37.271799760620056 ], [ 127.152933791000052, 37.271343238378343 ], [ 127.152991759121733, 37.271276934881925 ], [ 127.153546174091531, 37.270600564897443 ], [ 127.153559068081151, 37.270584590563708 ], [ 127.154139443696451, 37.269854337090443 ], [ 127.154161834614939, 37.269822848938574 ], [ 127.154185960246139, 37.269792190095302 ], [ 127.154971412219211, 37.26867598694313 ], [ 127.155332428951155, 37.268185150500571 ], [ 127.15537174994077, 37.268128638252591 ], [ 127.15616886982977, 37.26691557748989 ], [ 127.156179754864993, 37.266898726237763 ], [ 127.156742411375248, 37.266012465792947 ], [ 127.156919538048029, 37.265747797211048 ], [ 127.157136176823656, 37.2654868885705 ], [ 127.157780603921495, 37.264875001260236 ], [ 127.157785214829019, 37.264870604226488 ], [ 127.158716807359085, 37.263978370362004 ], [ 127.158775407060944, 37.263918940908255 ], [ 127.159400123679859, 37.263247546266705 ], [ 127.159425872567411, 37.26321910955803 ], [ 127.160818303415354, 37.261638486022655 ], [ 127.161342062464428, 37.261143915510743 ], [ 127.161960972664431, 37.260623349825323 ], [ 127.162821870222288, 37.259964527097381 ], [ 127.163978697156651, 37.259087241697628 ], [ 127.164037957225247, 37.259040020284772 ], [ 127.164424830238829, 37.25871609776506 ], [ 127.164523928437802, 37.258625353757267 ], [ 127.164612529460669, 37.258527920277061 ], [ 127.165273708524552, 37.257728197541638 ], [ 127.165299611031386, 37.257695878879886 ], [ 127.16550986255659, 37.257425161876824 ], [ 127.16647299356184, 37.25624119262018 ], [ 127.168877107938698, 37.253819033604643 ], [ 127.168941981869082, 37.253749165386424 ], [ 127.169221699356498, 37.253426728546785 ], [ 127.169316531289397, 37.2533038918763 ], [ 127.169517022104301, 37.253010185177651 ], [ 127.169610727762191, 37.252848362770742 ], [ 127.169809706027507, 37.252435249012642 ], [ 127.169861829635764, 37.252308783182386 ], [ 127.169898139290154, 37.25217883228823 ], [ 127.169990181877566, 37.25175145317273 ], [ 127.170013414273868, 37.251574836987089 ], [ 127.17003157387353, 37.251203259605298 ], [ 127.170030991510998, 37.2510868874461 ], [ 127.170017893346667, 37.250970986348612 ], [ 127.169922666758197, 37.250402625787757 ], [ 127.169892842052036, 37.250273003455526 ], [ 127.169847372207855, 37.25014631815916 ], [ 127.169677033765907, 37.249746388197444 ], [ 127.169588562599841, 37.249577235934439 ], [ 127.169400233817043, 37.249276300815346 ], [ 127.169340008467415, 37.249188370935919 ], [ 127.169184482845608, 37.248980028156765 ], [ 127.169072223431669, 37.24884802944694 ], [ 127.168799167402625, 37.248564521782953 ], [ 127.16875238009932, 37.248518097730063 ], [ 127.166199708354242, 37.246096415815465 ], [ 127.166088613682689, 37.2459664486598 ], [ 127.167478831506457, 37.244710876200628 ], [ 127.168484530911428, 37.243812822323541 ], [ 127.169360166700415, 37.243057928937382 ], [ 127.169568868978601, 37.242889461486257 ], [ 127.170162803804288, 37.242526027675417 ], [ 127.174183633105542, 37.240818726331888 ], [ 127.174197651883844, 37.240812705606047 ], [ 127.174886252592287, 37.240513618910001 ], [ 127.174958138710878, 37.240493978769983 ], [ 127.175351710177594, 37.240468173935298 ], [ 127.176474892215722, 37.240587021294921 ], [ 127.1765113215437, 37.240590554725472 ], [ 127.178701403673131, 37.24078370630523 ], [ 127.178705212725617, 37.240783891591981 ], [ 127.178708983405173, 37.240784360896299 ], [ 127.179550709433997, 37.24085551569312 ], [ 127.179579636311487, 37.240857760136059 ], [ 127.180604502078822, 37.240930173938061 ], [ 127.180829019406417, 37.240934069276122 ], [ 127.181567546961332, 37.240907628353149 ], [ 127.181707770472812, 37.240897920258071 ], [ 127.181846498601431, 37.240878923486548 ], [ 127.182831702085281, 37.240709999080494 ], [ 127.182913099900347, 37.240694347711297 ], [ 127.184118785197782, 37.240437109818814 ], [ 127.185456802394157, 37.240167750934447 ], [ 127.18627076617139, 37.240060150855406 ], [ 127.187074052263142, 37.239998218325958 ], [ 127.188478200178395, 37.239923738479135 ], [ 127.188652242840632, 37.239907228725826 ], [ 127.189199676076399, 37.239832124983536 ], [ 127.189351428207672, 37.239805516522694 ], [ 127.189499485726486, 37.239767886135169 ], [ 127.189994738190052, 37.239621666771889 ], [ 127.190025643179965, 37.23961226672467 ], [ 127.190895795944428, 37.239339782128049 ], [ 127.190908198884969, 37.239335325222577 ], [ 127.19092110631928, 37.239331670735751 ], [ 127.190953506584989, 37.239319522130955 ], [ 127.19098657804193, 37.239308882197321 ], [ 127.191296029481052, 37.239194915625596 ], [ 127.191734282271398, 37.239076304637607 ], [ 127.192285088026765, 37.238959517126887 ], [ 127.193886218555832, 37.238673946480134 ], [ 127.194317647224537, 37.238637230238858 ], [ 127.195222898820006, 37.238655406854214 ], [ 127.197487112557326, 37.23870227488127 ], [ 127.197581556189576, 37.238702119684916 ], [ 127.198241050738005, 37.238686303822739 ], [ 127.198330954633576, 37.238682229836378 ], [ 127.198821569366615, 37.238649500034263 ], [ 127.198831393557043, 37.238648454462698 ], [ 127.198841351432847, 37.238648088718271 ], [ 127.198882757908791, 37.238643285552939 ], [ 127.198924307392943, 37.238640109450458 ], [ 127.199968113127852, 37.238518745795638 ], [ 127.199995177479693, 37.238515419782026 ], [ 127.201168913806654, 37.238363382967513 ], [ 127.201253087803508, 37.238350722478913 ], [ 127.202017222594009, 37.238219686399319 ], [ 127.202271930903848, 37.238203208808542 ], [ 127.202510145746302, 37.238219391481415 ], [ 127.203203764657701, 37.238359425641718 ], [ 127.203961719487154, 37.238552439067334 ], [ 127.20561735606465, 37.238993323392314 ], [ 127.205775326843863, 37.239028683589893 ], [ 127.206351844166846, 37.239133916307424 ], [ 127.206566687723466, 37.239161647920263 ], [ 127.207628093520555, 37.239243083287079 ], [ 127.207783085451723, 37.239249255343658 ], [ 127.208986847678091, 37.239252971885719 ], [ 127.20943403772327, 37.239276734006573 ], [ 127.209992744502856, 37.239976498290567 ], [ 127.210349511154959, 37.240491386181667 ], [ 127.210507982803549, 37.240840152748305 ], [ 127.210934027105026, 37.242057625077258 ], [ 127.210953870121372, 37.242110190116009 ], [ 127.211149564875356, 37.242592929183878 ], [ 127.211207231573482, 37.242714812465202 ], [ 127.211590907212482, 37.24342087954399 ], [ 127.211618788991643, 37.243469531164067 ], [ 127.212519877227422, 37.244963046515792 ], [ 127.212617804078178, 37.245156937995944 ], [ 127.212687422470935, 37.245277389647427 ], [ 127.212771473896055, 37.24539180593613 ], [ 127.212869148934303, 37.245499084941443 ], [ 127.212979506948329, 37.245598193475985 ], [ 127.213101485140442, 37.245688177036982 ], [ 127.213233908787558, 37.245768168999987 ], [ 127.213375502554754, 37.245837398966181 ], [ 127.213524902778147, 37.245895200183021 ], [ 127.213680670599373, 37.245941015966558 ], [ 127.213841305824445, 37.245974405063691 ], [ 127.214005261374126, 37.245995045902433 ], [ 127.214170958185761, 37.246002739689551 ], [ 127.214336800423837, 37.245997412325416 ], [ 127.214501190851848, 37.245979115117791 ], [ 127.214662546217966, 37.245948024287642 ], [ 127.214819312505654, 37.245904439271669 ], [ 127.214969979902691, 37.245848779838035 ], [ 127.215113097344073, 37.245781582042881 ], [ 127.215247286488676, 37.245703493066948 ], [ 127.215371254995034, 37.245615264981687 ], [ 127.215483808968358, 37.245517747505183 ], [ 127.215583864458779, 37.245411879817617 ], [ 127.21567045790006, 37.245298681515159 ], [ 127.215742755388519, 37.24517924278949 ], [ 127.215800060712368, 37.245054713927424 ], [ 127.215841822054728, 37.244926294232059 ], [ 127.215867637305294, 37.244795220471978 ], [ 127.215877257930117, 37.244662754969838 ], [ 127.215870591361991, 37.244530173445057 ], [ 127.215847701888663, 37.244398752727854 ], [ 127.215808810030452, 37.244269758462742 ], [ 127.215754290413301, 37.244144432919974 ], [ 127.215635555006813, 37.243909360440071 ], [ 127.215590615663146, 37.24382817353213 ], [ 127.214679887364866, 37.242318782332347 ], [ 127.214342040498323, 37.241697099829544 ], [ 127.214182075581448, 37.241302540187768 ], [ 127.213747991620494, 37.240062244900706 ], [ 127.213708890239729, 37.239964872628825 ], [ 127.213482995865917, 37.239467766813569 ], [ 127.213432659745322, 37.239369258334925 ], [ 127.213372790336464, 37.239274219746115 ], [ 127.212925841348991, 37.238629217072564 ], [ 127.212871990439695, 37.238556907128576 ], [ 127.212215568868018, 37.237734795947354 ], [ 127.212067171823108, 37.23757595297419 ], [ 127.211751802142359, 37.2372855038819 ], [ 127.211647607660055, 37.237197796364079 ], [ 127.211534026094753, 37.237117885401609 ], [ 127.2114119665479, 37.237046410578237 ], [ 127.21128240596758, 37.236983943955593 ], [ 127.210898135740081, 37.23681693659794 ], [ 127.210761278683307, 37.236763689702983 ], [ 127.210618988365923, 37.236720496536584 ], [ 127.210472417324127, 37.236687706956133 ], [ 127.210106839618206, 37.236619943152256 ], [ 127.209972748341869, 37.23659960784785 ], [ 127.209837042831765, 37.236587984285912 ], [ 127.209158386527136, 37.236551923311445 ], [ 127.209105539422126, 37.236551193243344 ], [ 127.209052758484177, 37.236548956984329 ], [ 127.20787383771534, 37.236545317967128 ], [ 127.206998321416492, 37.236478145042064 ], [ 127.206608179681183, 37.236406931898657 ], [ 127.20501992982399, 37.235983993121891 ], [ 127.204998740022276, 37.235978474016278 ], [ 127.204181021573945, 37.235770242368496 ], [ 127.204081820125495, 37.235747620501108 ], [ 127.20320461168555, 37.235570521704219 ], [ 127.203070106134177, 37.235547971056555 ], [ 127.202933754609163, 37.235534227534508 ], [ 127.202418516346327, 37.235499225869951 ], [ 127.202278750433763, 37.235494374227926 ], [ 127.202138961229153, 37.235498775985626 ], [ 127.201634281499366, 37.235531424878644 ], [ 127.201416020382425, 37.235557087042949 ], [ 127.200585714503802, 37.235699470878153 ], [ 127.199467819537659, 37.235844274396655 ], [ 127.198488786124145, 37.235958107235966 ], [ 127.198094618077064, 37.23598440296081 ], [ 127.197527382679198, 37.235998006384051 ], [ 127.195309802948771, 37.235952103540583 ], [ 127.194291550434627, 37.235931657231724 ], [ 127.194070090567664, 37.235938826270562 ], [ 127.193432750855251, 37.235993066481527 ], [ 127.193243533913758, 37.236017910245351 ], [ 127.191515916074465, 37.236326040993696 ], [ 127.191450604503459, 37.236338783850009 ], [ 127.190812394499162, 37.236474103478912 ], [ 127.190703646808885, 37.236500316037436 ], [ 127.190127199458985, 37.236656328181006 ], [ 127.189961898233733, 37.236708966618757 ], [ 127.189616364103983, 37.236836221434075 ], [ 127.188807584284092, 37.237089486176934 ], [ 127.18847405377312, 37.237187958301099 ], [ 127.188166723910143, 37.237230121591722 ], [ 127.186824951154534, 37.237301292486116 ], [ 127.186774555098026, 37.237304571008096 ], [ 127.185889100788074, 37.237372838655716 ], [ 127.185775545372294, 37.237384707927575 ], [ 127.184835953747978, 37.237508915132942 ], [ 127.184698877009637, 37.237531732315936 ], [ 127.18328137231552, 37.237817093108013 ], [ 127.183258246961174, 37.237821887491158 ], [ 127.182081514188425, 37.238072948235974 ], [ 127.181275256690128, 37.238211190644535 ], [ 127.180790140974082, 37.238228558891279 ], [ 127.179891878924082, 37.238165090275089 ], [ 127.179068423952216, 37.238095480108306 ], [ 127.176900445352516, 37.23790427842161 ], [ 127.17561591444732, 37.237768357373334 ], [ 127.175436095934529, 37.237757086680546 ], [ 127.175255798846536, 37.237761192278917 ], [ 127.174472088828566, 37.237812576913903 ], [ 127.174333687073428, 37.237826263610131 ], [ 127.174197166294491, 37.237849021074226 ], [ 127.174063454837523, 37.237880694554725 ], [ 127.173657510261052, 37.237991603245682 ], [ 127.173524883994205, 37.238032898409536 ], [ 127.173397070368125, 37.238082963744368 ], [ 127.172590077698857, 37.238433470553041 ], [ 127.16845280601531, 37.240190197285713 ], [ 127.16833236558962, 37.240246545927945 ], [ 127.168218145655899, 37.240310641469598 ], [ 127.167421017903777, 37.240798403158635 ], [ 127.167247300852495, 37.240920639378849 ], [ 127.166937421540311, 37.241170772367745 ], [ 127.16691884590918, 37.241187316622025 ], [ 127.166898959439592, 37.241202856437695 ], [ 127.165994344091757, 37.241982711915853 ], [ 127.165974385753486, 37.242000222655577 ], [ 127.164955609671452, 37.242909927139628 ], [ 127.164949254158586, 37.242915634496228 ], [ 127.163335483482641, 37.244373059782632 ], [ 127.16323539567405, 37.244472541585615 ], [ 127.163147490290697, 37.244579126778007 ], [ 127.16307255109686, 37.244691865109885 ], [ 127.162900259369295, 37.244983507613291 ], [ 127.162837504897993, 37.245104612400809 ], [ 127.16278971429054, 37.245230006202704 ], [ 127.162687513546757, 37.245553681661441 ], [ 127.162654684795314, 37.245684581304239 ], [ 127.162638163610836, 37.245817431081313 ], [ 127.162638111150741, 37.245950935788336 ], [ 127.162657218885542, 37.246261950992889 ], [ 127.162674815437796, 37.24640104071193 ], [ 127.162710282998333, 37.246537934404124 ], [ 127.162763242494123, 37.246671168596883 ], [ 127.16289815106677, 37.246958220761208 ], [ 127.16298076167412, 37.247106341204535 ], [ 127.163084961972586, 37.247245488997393 ], [ 127.163454972054268, 37.247678375499568 ], [ 127.163558019085244, 37.247786781472051 ], [ 127.166141574073265, 37.250237844617111 ], [ 127.166330862621308, 37.250434385833714 ], [ 127.166402984797188, 37.250531005937056 ], [ 127.166511810729133, 37.250704912740652 ], [ 127.166591766404551, 37.250892655842783 ], [ 127.166645634884844, 37.251214255286001 ], [ 127.166637512361262, 37.25138030460451 ], [ 127.166592711807894, 37.251588283566178 ], [ 127.166493959147545, 37.251793293599818 ], [ 127.166390315002957, 37.251945117196506 ], [ 127.166193146455981, 37.2521723883616 ], [ 127.163773301943067, 37.254610307321364 ], [ 127.163680305288537, 37.254713633941613 ], [ 127.162664022466629, 37.25596288620779 ], [ 127.162644989113502, 37.255986828065922 ], [ 127.162438036422898, 37.25625328475288 ], [ 127.161873412866328, 37.256936190186003 ], [ 127.161619806322591, 37.25714852496538 ], [ 127.160490550516514, 37.258004881786526 ], [ 127.160484976556575, 37.258009127961991 ], [ 127.159592438763113, 37.258692148143922 ], [ 127.1595360526793, 37.258737384862158 ], [ 127.158856111660356, 37.259309268305067 ], [ 127.158791183158655, 37.259367120001222 ], [ 127.158187347266562, 37.259937286544741 ], [ 127.158181352276415, 37.259943545864587 ], [ 127.158174728558862, 37.259949344993267 ], [ 127.158135624652914, 37.259991171582939 ], [ 127.158095348612974, 37.260032430437249 ], [ 127.156672182682428, 37.26164787853628 ], [ 127.156088820718864, 37.262274804891213 ], [ 127.155189859732317, 37.263135757622457 ], [ 127.154485686238971, 37.263804352413338 ], [ 127.154370353551357, 37.263927434608782 ], [ 127.154056084408907, 37.264305907533974 ], [ 127.153973915287906, 37.264415827005223 ], [ 127.153750333484027, 37.264749891081649 ], [ 127.153733438272965, 37.264775804285641 ], [ 127.153167852135667, 37.26566662400716 ], [ 127.152395030093686, 37.266842638214293 ], [ 127.152046308061756, 37.267316733928233 ], [ 127.152030176502763, 37.267339153032374 ], [ 127.151258980909105, 37.268435037011393 ], [ 127.150709266566722, 37.269126678390457 ], [ 127.150189098173868, 37.269761240176884 ], [ 127.149809794873249, 37.27016854905807 ], [ 127.149133219502488, 37.270850082982314 ], [ 127.149049849693483, 37.270941697815687 ], [ 127.148878404514065, 37.271147719814635 ], [ 127.148793604421769, 37.27126130410398 ], [ 127.148612967558563, 37.271532589308151 ], [ 127.148571117566533, 37.271599886076544 ], [ 127.148436007870345, 37.271833201233761 ], [ 127.148408965716214, 37.271882445373294 ], [ 127.147771713502024, 37.273108571558694 ], [ 127.147497727345637, 37.273502363195362 ], [ 127.147324219806919, 37.273694125805086 ], [ 127.147288644255283, 37.273723934668844 ], [ 127.147204761840598, 37.273774427659461 ], [ 127.146917530014221, 37.273922327292475 ], [ 127.146663604837983, 37.274030916184046 ], [ 127.146564587309939, 37.27406298865067 ], [ 127.146362786840726, 37.274104760508948 ], [ 127.146177863271859, 37.274130036896537 ], [ 127.146035879300882, 37.274137114522674 ], [ 127.145778389178446, 37.274129620356184 ], [ 127.145661081347029, 37.27411834770129 ], [ 127.145459543007306, 37.274085969995525 ], [ 127.145327097055969, 37.274055108378384 ], [ 127.145104376382676, 37.27397650413522 ], [ 127.144492785806037, 37.273745217080986 ], [ 127.144478945206501, 37.273740632837757 ], [ 127.144465610565504, 37.273735174245857 ], [ 127.142873780394069, 37.273160492503067 ], [ 127.142845356295993, 37.273150480627514 ], [ 127.142400377158225, 37.272997626551799 ], [ 127.142042245731801, 37.272864009558653 ], [ 127.142036578327904, 37.272861905245819 ], [ 127.141054081274618, 37.272498858822864 ], [ 127.140984967326673, 37.272474798573462 ], [ 127.140562893317195, 37.272336720196947 ], [ 127.140329809432799, 37.272246264058317 ], [ 127.140012254244638, 37.272077336993867 ], [ 127.139866209945552, 37.271967177469143 ], [ 127.139775738501982, 37.271874549806903 ], [ 127.139728644078119, 37.271796340936547 ], [ 127.139682445557099, 37.271662532572911 ], [ 127.139487988889528, 37.271092583755241 ], [ 127.139320141645712, 37.270534534240745 ], [ 127.139301020524869, 37.270476634651367 ], [ 127.139164393092884, 37.270097182126868 ], [ 127.139117477895013, 37.269985456898326 ], [ 127.139058567690256, 37.269877420928808 ], [ 127.138992151578734, 37.269768807046688 ], [ 127.138878559550022, 37.269610967147898 ], [ 127.13879513022448, 37.269511240562096 ], [ 127.13871940848388, 37.269427796249914 ], [ 127.138635952824359, 37.269349204575697 ], [ 127.138479652251689, 37.269212904507874 ], [ 127.138387059649133, 37.269138210673397 ], [ 127.138287484788975, 37.269069492742361 ], [ 127.137694214948851, 37.268691224561337 ], [ 127.137680900261998, 37.268683558287201 ], [ 127.137668381887039, 37.268675078251292 ], [ 127.137035761985445, 37.268287509637403 ], [ 127.136954259466435, 37.268240580506273 ], [ 127.135906516688607, 37.267674269782297 ], [ 127.135709265273988, 37.267582506315769 ], [ 127.134676650291226, 37.267173986997115 ], [ 127.134531531649515, 37.267123189864648 ], [ 127.134381104005328, 37.267083464577887 ], [ 127.133149666119991, 37.266808644960712 ], [ 127.133024220221486, 37.266784727423477 ], [ 127.132896859220054, 37.266768516656839 ], [ 127.132136656130669, 37.266695372897097 ], [ 127.131898997903889, 37.266685976125409 ], [ 127.130963020366366, 37.266701647576667 ], [ 127.130795027692372, 37.266711160750361 ], [ 127.130275815550419, 37.266761419445388 ], [ 127.130106872324674, 37.266784766507826 ], [ 127.129530669253157, 37.266888669648502 ], [ 127.129409476991256, 37.266914329268985 ], [ 127.129290995095232, 37.266947091439548 ], [ 127.128453678585615, 37.267206763638548 ], [ 127.128308780381644, 37.26725806273744 ], [ 127.127589521113904, 37.267545629502351 ], [ 127.127399718833928, 37.267634277161918 ], [ 127.12679841297583, 37.267958750916378 ], [ 127.126709303658131, 37.268010283107643 ], [ 127.125658874006078, 37.268660342674622 ], [ 127.125630454859063, 37.268678322067217 ], [ 127.124982943920628, 37.269097060858684 ], [ 127.124981110117147, 37.269098370821418 ], [ 127.12497906304452, 37.269099574150019 ], [ 127.124965924781108, 37.269109015309887 ], [ 127.12495199172605, 37.269117568268236 ], [ 127.124906080021532, 37.269151967901628 ], [ 127.124859158408725, 37.269185485874331 ], [ 127.124857492040633, 37.269186934961439 ], [ 127.124855604928598, 37.269188291035817 ], [ 127.124843690388374, 37.269198713647356 ], [ 127.124830870309623, 37.269208319144383 ], [ 127.124195929256274, 37.269733147103899 ], [ 127.123942377876759, 37.269940909671483 ], [ 127.123824432706741, 37.270048377190001 ], [ 127.123648101112735, 37.270227302132035 ], [ 127.12278864645981, 37.271041431890112 ], [ 127.122760566158433, 37.271068747622216 ], [ 127.122441557716314, 37.271387473650393 ], [ 127.122366606034944, 37.271453052194907 ], [ 127.120299469662712, 37.273048440944258 ], [ 127.119269535815448, 37.273829714155433 ], [ 127.119249136025715, 37.273845450257028 ], [ 127.119236428997709, 37.273855417979526 ], [ 127.119228707066782, 37.273857666883671 ], [ 127.118985267962557, 37.273906490241146 ], [ 127.118096813830874, 37.274029148274074 ], [ 127.117738515093166, 37.27407538691223 ], [ 127.117661123553674, 37.274080736756446 ], [ 127.117669142792067, 37.272666902378546 ], [ 127.117669154055591, 37.272664409451579 ], [ 127.11767601701861, 37.270624530558379 ], [ 127.117690171607961, 37.267958443609416 ], [ 127.117699365648193, 37.266201292397497 ], [ 127.117697440314927, 37.266130902974794 ], [ 127.117636075220389, 37.265107702108999 ], [ 127.117622534631565, 37.264989940449119 ], [ 127.117596171202351, 37.264873574850881 ], [ 127.117336266286458, 37.263957027595438 ], [ 127.11729874178549, 37.263846602182205 ], [ 127.117249669826521, 37.263739108074276 ], [ 127.117189401909741, 37.263635315140824 ], [ 127.116829482747548, 37.263078460626723 ], [ 127.116746921033084, 37.262964664823727 ], [ 127.116650914931839, 37.262857819927788 ], [ 127.116199610280702, 37.262403908764782 ], [ 127.116114738972584, 37.262324984143994 ], [ 127.116022524358797, 37.262251510666211 ], [ 127.115251263508938, 37.261682573152477 ], [ 127.115114697408387, 37.26159195853154 ], [ 127.114967004517638, 37.261513279515931 ], [ 127.114098096304986, 37.261101297576815 ], [ 127.113935964821124, 37.261033614097641 ], [ 127.113765638401119, 37.260980317878669 ], [ 127.112782221509107, 37.260720656885624 ], [ 127.112625030558675, 37.260685773025195 ], [ 127.11246436663771, 37.260663153700598 ], [ 127.111552276342323, 37.260570719242324 ], [ 127.11142575053718, 37.260561738525425 ], [ 127.108860338503362, 37.260457008143277 ], [ 127.107993518602484, 37.260418509870533 ], [ 127.107360731569841, 37.260303198952826 ], [ 127.107208846965364, 37.260281292865983 ], [ 127.107055096651479, 37.260270542436906 ], [ 127.106464570664357, 37.260250883279205 ], [ 127.106561217288629, 37.247442940750325 ], [ 127.106555757848341, 37.247325931756201 ], [ 127.106537655589392, 37.247209739117352 ], [ 127.105471497574669, 37.242160085230971 ], [ 127.104998599489619, 37.239831774370032 ], [ 127.104966563550647, 37.239709850901107 ], [ 127.099591851164334, 37.223095684709961 ], [ 127.098958579126631, 37.220985265713232 ], [ 127.098277020640978, 37.217002540059205 ], [ 127.097943525068146, 37.200135153008411 ], [ 127.097939245241733, 37.20008247490302 ], [ 127.097936285390148, 37.200029712737901 ], [ 127.09793386724759, 37.200016279936762 ], [ 127.097932767507359, 37.200002743785518 ], [ 127.0979220535678, 37.199950654783287 ], [ 127.097912643006126, 37.199898378903335 ], [ 127.097908590591757, 37.199885200421654 ], [ 127.097905837541418, 37.199871815614344 ], [ 127.097888792631863, 37.199820817241317 ], [ 127.097873022094774, 37.199769531203685 ], [ 127.097867374465935, 37.199756733984259 ], [ 127.097862994601414, 37.199743629394455 ], [ 127.097839782791013, 37.199694212685422 ], [ 127.097817804302849, 37.199644410497584 ], [ 127.097810615889173, 37.199632117806289 ], [ 127.097804651362353, 37.199619419612901 ], [ 127.097775496069346, 37.199572060389144 ], [ 127.097747521474489, 37.199524221745129 ], [ 127.097738861552031, 37.199512551982316 ], [ 127.097731369766009, 37.199500382456009 ], [ 127.097696551610952, 37.199455536748651 ], [ 127.097662850526788, 37.199410122404238 ], [ 127.097652802549092, 37.199399187963316 ], [ 127.097643855606563, 37.199387664290363 ], [ 127.09760370971604, 37.199345763953403 ], [ 127.097564606928572, 37.199303211284693 ], [ 127.097553267720727, 37.199293117468805 ], [ 127.097542951731512, 37.199282350623612 ], [ 127.097497864517976, 37.199243799178682 ], [ 127.097453736845353, 37.199204517967082 ], [ 127.097441215669363, 37.199195361974446 ], [ 127.097429629923028, 37.199185455651623 ], [ 127.097380035371941, 37.199150624404361 ], [ 127.097331308026384, 37.19911499288866 ], [ 127.097317725526409, 37.199106862876235 ], [ 127.097304981538372, 37.199097912492448 ], [ 127.097251357037422, 37.199067136957794 ], [ 127.097198499521042, 37.199035498191336 ], [ 127.097183986559472, 37.19902847242605 ], [ 127.097170206999238, 37.199020564201177 ], [ 127.097113068749763, 37.198994140871676 ], [ 127.097056590324499, 37.198966799420177 ], [ 127.097041286719303, 37.198960945525641 ], [ 127.097026604231473, 37.198954155652174 ], [ 127.096966502286321, 37.198932339141052 ], [ 127.096906947060958, 37.198909558151861 ], [ 127.09689100023715, 37.198904932458035 ], [ 127.096875556166282, 37.198899326366679 ], [ 127.096813069140978, 37.198882326952656 ], [ 127.096751010823894, 37.198864325624619 ], [ 127.096734574392244, 37.198860972626449 ], [ 127.096718517423554, 37.198856604355058 ], [ 127.09665424693145, 37.198844585953005 ], [ 127.096590283299619, 37.198831537430515 ], [ 127.096573515575713, 37.198829489360818 ], [ 127.096557000305168, 37.198826401032761 ], [ 127.096491565170325, 37.198819479609831 ], [ 127.096426312307642, 37.198811509321246 ], [ 127.096409374786361, 37.19881078584195 ], [ 127.096392560233241, 37.198809007258951 ], [ 127.096326590536165, 37.198807249711528 ], [ 127.096260676897231, 37.198804434167926 ], [ 127.096243732696919, 37.198805042182506 ], [ 127.096226780773577, 37.198804590535957 ], [ 127.096160911786697, 37.198808014038661 ], [ 127.096094972143391, 37.198810380104085 ], [ 127.096078184434816, 37.198812313692848 ], [ 127.096061258388119, 37.198813193396489 ], [ 127.095996124460044, 37.198821765229646 ], [ 127.095930793788682, 37.1988292898696 ], [ 127.095914324223969, 37.198832530348632 ], [ 127.095897587063462, 37.19883473299415 ], [ 127.095833815509891, 37.198848370851643 ], [ 127.095769722878572, 37.198860981362088 ], [ 127.095753730035298, 37.198865497464922 ], [ 127.095737342963119, 37.198869001901116 ], [ 127.095675548024104, 37.198887574676114 ], [ 127.095613310538283, 37.198905149390306 ], [ 127.095597948393475, 37.198910897570684 ], [ 127.095582069251336, 37.198915670105414 ], [ 127.095522846172514, 37.198938999146392 ], [ 127.095463063037556, 37.198961368612686 ], [ 127.09544847948635, 37.198968293465391 ], [ 127.095433261234334, 37.198974288188467 ], [ 127.095377180529738, 37.199002149013886 ], [ 127.095320427286907, 37.199029097632845 ], [ 127.095306762720114, 37.199037132428501 ], [ 127.095292351962343, 37.199044291652413 ], [ 127.09523995391352, 37.199076416107772 ], [ 127.095186776905294, 37.199107684212542 ], [ 127.095174162859649, 37.199116751541098 ], [ 127.095160698430348, 37.199125006355523 ], [ 127.095112487875937, 37.19916108519206 ], [ 127.095063398992934, 37.199196371551984 ], [ 127.095051956886365, 37.199206384068809 ], [ 127.095039568511083, 37.1992156550034 ], [ 127.094996009976725, 37.199255340853796 ], [ 127.094951481736857, 37.199294305576963 ], [ 127.094941321701711, 37.199305166844219 ], [ 127.094930128745602, 37.199315364633506 ], [ 127.094891641961283, 37.199358275356232 ], [ 127.094852102968403, 37.199400543162788 ], [ 127.094843322792968, 37.199412148577998 ], [ 127.094833433109088, 37.199423175020954 ], [ 127.09480038895785, 37.199468897380754 ], [ 127.094766219782898, 37.199514061215829 ], [ 127.094758903971822, 37.199526299018764 ], [ 127.09475041285998, 37.199538047924811 ], [ 127.09472312979733, 37.199586141574081 ], [ 127.094694659321192, 37.199633766525167 ], [ 127.094688878283833, 37.199646518873266 ], [ 127.0946818675706, 37.199658877085554 ], [ 127.094660608548949, 37.199708878808096 ], [ 127.09463811080262, 37.199758506289704 ], [ 127.094633920176435, 37.199771650391888 ], [ 127.094628457425145, 37.199784498877953 ], [ 127.094613427353735, 37.199835927054444 ], [ 127.094597118885233, 37.199887079219266 ], [ 127.094594559001479, 37.199900488516931 ], [ 127.094590696859527, 37.199913703516366 ], [ 127.094582040624573, 37.199966062767814 ], [ 127.094572078418025, 37.200018247102776 ], [ 127.094571173914247, 37.200031792487088 ], [ 127.09456894960465, 37.200045246704846 ], [ 127.094566750668605, 37.200098032669501 ], [ 127.094563230635387, 37.200150746732348 ], [ 127.094563990218759, 37.200164297785818 ], [ 127.094563425180482, 37.2001778616198 ], [ 127.094897773311828, 37.217126598854925 ], [ 127.094913167696319, 37.217288548585145 ], [ 127.095619753724293, 37.221418593036276 ], [ 127.095650804141144, 37.221550749391824 ], [ 127.096307096312529, 37.223738202849376 ], [ 127.096314285204187, 37.223761267492037 ], [ 127.101672513623072, 37.240326711872761 ], [ 127.102133657021213, 37.242597640244817 ], [ 127.102135377986968, 37.242605951229578 ], [ 127.103177753491494, 37.247544003273063 ], [ 127.103082795000788, 37.260054119227703 ], [ 127.102478029103992, 37.259998545542402 ], [ 127.102474913526081, 37.259998261573138 ], [ 127.096760105877095, 37.259481532512417 ], [ 127.096674986275715, 37.259475569841868 ], [ 127.094920961976499, 37.259388299233798 ], [ 127.094761310115047, 37.259386389463366 ], [ 127.093553468690729, 37.259417526708646 ], [ 127.09344270137025, 37.259423294145982 ], [ 127.091928987903771, 37.259542072392023 ], [ 127.091845464858622, 37.25955030698487 ], [ 127.090192022347367, 37.259746796098923 ], [ 127.09008373252361, 37.259762557854749 ], [ 127.08844640484476, 37.260045136397302 ], [ 127.08838425111044, 37.260056848319159 ], [ 127.087019022096158, 37.260335938061324 ], [ 127.085144692686541, 37.260685101837112 ], [ 127.08424451759835, 37.260837398007276 ], [ 127.083568052190486, 37.260824823926818 ], [ 127.083159732596656, 37.260761003084589 ], [ 127.082773873502688, 37.26066590446829 ], [ 127.082350170482101, 37.260536973842456 ], [ 127.082105080797604, 37.260398825321531 ], [ 127.081721095608842, 37.260141534257784 ], [ 127.081100777518756, 37.259530381676882 ], [ 127.080323018746327, 37.258680287665591 ], [ 127.080312755341524, 37.258670153382319 ], [ 127.080303523228665, 37.258659404009961 ], [ 127.077554136322121, 37.25577256558568 ], [ 127.077550295185134, 37.255768547829028 ], [ 127.074722932143786, 37.252822465668991 ], [ 127.074696995302475, 37.252796121223611 ], [ 127.073937714913384, 37.252044267842699 ], [ 127.072627480514527, 37.250639929991991 ], [ 127.072621947580174, 37.250634569891261 ], [ 127.072617024673292, 37.250628842182863 ], [ 127.069233867755528, 37.247079052158298 ], [ 127.069217725314289, 37.247062384751196 ], [ 127.068583162774615, 37.246417624345149 ], [ 127.068573407725168, 37.246407806431982 ], [ 127.068272759356461, 37.246108083008984 ], [ 127.068160929564641, 37.246007322387101 ], [ 127.067999114670613, 37.245875391858441 ], [ 127.067883317939675, 37.245789411577825 ], [ 127.067687692823199, 37.24565721485969 ], [ 127.067539703777484, 37.245567852805507 ], [ 127.067380365813023, 37.245491981802893 ], [ 127.067128057908405, 37.245386371238794 ], [ 127.067100667924976, 37.245375158961394 ], [ 127.066859520212375, 37.245278646580751 ], [ 127.06663745209913, 37.245205044224832 ], [ 127.066463316993747, 37.245158618743375 ], [ 127.066320538452757, 37.245126045475864 ], [ 127.066174736663299, 37.245103608839422 ], [ 127.064739718718357, 37.244934608177623 ], [ 127.06470904188572, 37.244931224300949 ], [ 127.06238446179664, 37.244692099136437 ], [ 127.062357789338606, 37.244689527115661 ], [ 127.061918696383941, 37.244650010649899 ], [ 127.061825499075155, 37.244643703737367 ], [ 127.060265299670988, 37.244572779045662 ], [ 127.06025049987484, 37.244572158162164 ], [ 127.057455981394924, 37.244464702128788 ], [ 127.051304673108959, 37.244165468281288 ], [ 127.051205374648646, 37.244162972336966 ], [ 127.051028208381524, 37.244162681068744 ], [ 127.05086989435145, 37.24416835633 ], [ 127.050731694361346, 37.24417851381866 ], [ 127.050579202644286, 37.244195346052749 ], [ 127.050429256925867, 37.244223193397794 ], [ 127.050293620282659, 37.244253645533249 ], [ 127.05016376628393, 37.244287375819397 ], [ 127.050037738703168, 37.244329370230417 ], [ 127.04991317420297, 37.244375679789769 ], [ 127.049771855451525, 37.244434851418944 ], [ 127.049638138844273, 37.244504404618226 ], [ 127.04954163625986, 37.244559949624744 ], [ 127.049428122916183, 37.24463136192972 ], [ 127.049118442917973, 37.244843914494609 ], [ 127.047371246167657, 37.246000251882982 ], [ 127.045328943303645, 37.247352955232898 ], [ 127.04322768008997, 37.248738818621071 ], [ 127.041122337518885, 37.250114252147419 ], [ 127.041106570306312, 37.250124680442639 ], [ 127.040734252221512, 37.250373975229948 ], [ 127.040657483718306, 37.250428635038496 ], [ 127.040489610412649, 37.250555682564794 ], [ 127.040414172464708, 37.250616510334304 ], [ 127.040237531189732, 37.250768266602741 ], [ 127.04012492552998, 37.250875668924685 ], [ 127.039996385045882, 37.251012045064527 ], [ 127.039958980169217, 37.251053326654358 ], [ 127.039733064443027, 37.251312814400855 ], [ 127.039673504288871, 37.251386176702447 ], [ 127.039413591796347, 37.251730193749189 ], [ 127.03939839650927, 37.251752736325344 ], [ 127.039381529076778, 37.251774505756401 ], [ 127.038470602387022, 37.253090275196243 ], [ 127.038435937886518, 37.253143058726891 ], [ 127.037671981566419, 37.254371370598619 ], [ 127.037303012103749, 37.25494845421948 ], [ 127.036322553689914, 37.25527001632949 ], [ 127.036205318466259, 37.255312703996047 ], [ 127.036111839504457, 37.255350240541631 ], [ 127.035927083626234, 37.255436536953979 ], [ 127.035836278985016, 37.255485358676495 ], [ 127.035715200632353, 37.255556913509679 ], [ 127.035632792182227, 37.255610308825254 ], [ 127.035514084191348, 37.255694917442753 ], [ 127.035425838808308, 37.255764034253644 ], [ 127.035348094066549, 37.255829119041117 ], [ 127.035268273556781, 37.255900556996863 ], [ 127.035198013452941, 37.255967691473977 ], [ 127.035132339823775, 37.256034738987267 ], [ 127.035026611144232, 37.256155747364879 ], [ 127.034969305011501, 37.2562296210778 ], [ 127.03492007897556, 37.256297387587054 ], [ 127.034868379874027, 37.25637355962219 ], [ 127.034841256682327, 37.256415233420562 ], [ 127.034792346699035, 37.256493680846688 ], [ 127.034752683068206, 37.256562000946808 ], [ 127.034700725305115, 37.256658445371023 ], [ 127.03464817096382, 37.256769094083403 ], [ 127.034607923488792, 37.256882992541016 ], [ 127.0345814133711, 37.256972885900026 ], [ 127.034561255165144, 37.257051660553763 ], [ 127.034537304568815, 37.257161849323282 ], [ 127.034529681688539, 37.257200172662266 ], [ 127.034393224612359, 37.257955978767477 ], [ 127.034392093898035, 37.25796234864773 ], [ 127.034167297805254, 37.259250746716589 ], [ 127.03407860604564, 37.259673049194369 ], [ 127.030224743665173, 37.26065623711267 ], [ 127.030221597017544, 37.260657178127808 ], [ 127.030218353575123, 37.260657878382908 ], [ 127.026555971061029, 37.261604889704991 ], [ 127.020533123542236, 37.263145657670677 ], [ 127.020241080106103, 37.263210308227258 ], [ 127.020227367587282, 37.263213210039957 ], [ 127.020141260048675, 37.263219206721985 ], [ 127.020061927651568, 37.263226242301272 ], [ 127.019751457709219, 37.263259719299299 ], [ 127.019716793770201, 37.263263749440299 ], [ 127.019520675158631, 37.263288210435974 ], [ 127.019313292823384, 37.263312626677184 ], [ 127.019144403715302, 37.263339593412269 ], [ 127.018652691395928, 37.263439149657451 ], [ 127.018610722986267, 37.263448106669259 ], [ 127.016694179516733, 37.263878265810199 ], [ 127.016692078449481, 37.263878738534068 ], [ 127.01524933134246, 37.264204138249134 ], [ 127.014426714156571, 37.26437100857315 ], [ 127.013995485083584, 37.264454406105187 ], [ 127.013606341885065, 37.264518273109921 ], [ 127.013516872647386, 37.264534992723213 ], [ 127.013042055200444, 37.264634666122468 ], [ 127.012953578453576, 37.264655313805058 ], [ 127.012427560817912, 37.264790602025691 ], [ 127.012375492654527, 37.264804743920287 ], [ 127.011962438928308, 37.264922949264452 ], [ 127.01184179975921, 37.264961714726205 ], [ 127.011558620245552, 37.265062979318287 ], [ 127.011534822971043, 37.265071666274615 ], [ 127.011132627865777, 37.265221497363598 ], [ 127.010923672583502, 37.265314227109613 ], [ 127.010651234020045, 37.265456128124576 ], [ 127.010596715351383, 37.26548574966295 ], [ 127.010040149319153, 37.265800990051432 ], [ 127.010034252792494, 37.265804344998593 ], [ 127.009210697782322, 37.266275042217707 ], [ 127.009094109518983, 37.266348046883728 ], [ 127.008866580167123, 37.266503835425262 ], [ 127.008832812638062, 37.266527585173549 ], [ 127.008684844258369, 37.266634478631978 ], [ 127.008572592352678, 37.266723535524399 ], [ 127.008471237428154, 37.266820581701722 ], [ 127.008339765043942, 37.266959150790456 ], [ 127.008246307609255, 37.267068367616211 ], [ 127.008160282052287, 37.26718028401438 ], [ 127.008115536719714, 37.267242099078516 ], [ 127.007914356617903, 37.267537774944422 ], [ 127.007867874674346, 37.26761134779953 ], [ 127.007853507028656, 37.267635923565187 ], [ 127.004784783260419, 37.266493076598735 ], [ 127.004776501457229, 37.266490013856227 ], [ 127.002021825757396, 37.26547844561631 ], [ 127.007291938794566, 37.256735203712118 ], [ 127.008469603363679, 37.255234930928424 ], [ 127.011025499620274, 37.252622628243309 ], [ 127.011128714563, 37.252504695203825 ], [ 127.012067706952436, 37.251299992041631 ], [ 127.012148635751359, 37.251183791077572 ], [ 127.01221489164962, 37.251061796394843 ], [ 127.015414439696642, 37.244274180524805 ], [ 127.018521939809801, 37.238626252749988 ], [ 127.018541336188648, 37.238589537628201 ], [ 127.018769471184953, 37.238139300114106 ], [ 127.021215833841097, 37.233446598965017 ], [ 127.021217358888762, 37.233443663651734 ], [ 127.023404178041503, 37.229220350824868 ], [ 127.023920209442295, 37.228223563288076 ], [ 127.024052476587343, 37.22797605188557 ], [ 127.024053615023135, 37.227973916452399 ], [ 127.02412146084967, 37.227846350217781 ], [ 127.024133270647738, 37.227823570350779 ], [ 127.024547603752183, 37.227003289000621 ], [ 127.024586441541956, 37.226930813958106 ], [ 127.024602933236892, 37.226898920525933 ], [ 127.024755254149483, 37.226593357444493 ], [ 127.026683789864975, 37.222858057942325 ], [ 127.027629806379494, 37.22106347971836 ], [ 127.027630772395412, 37.221061643375037 ], [ 127.028361284151771, 37.21967008499216 ], [ 127.028362493640358, 37.21966777498799 ], [ 127.030043124319363, 37.216449422049443 ], [ 127.030092603167489, 37.216355505541252 ], [ 127.031353646641747, 37.213959434148443 ], [ 127.0313582290499, 37.213950640427647 ], [ 127.032410825919726, 37.211910415966173 ], [ 127.032828994578409, 37.211108241281508 ], [ 127.032830179797443, 37.211105961787467 ], [ 127.033242011083317, 37.210311846568629 ], [ 127.033248171742784, 37.210299803697865 ], [ 127.033322984277575, 37.210151527949208 ], [ 127.033474094183788, 37.209871454352346 ], [ 127.033497326924603, 37.209838681869201 ], [ 127.033589195020298, 37.209688025969825 ], [ 127.033800358760033, 37.209279182923588 ], [ 127.033809992483114, 37.209260121121289 ], [ 127.033973033864427, 37.208930322191037 ], [ 127.034007403880324, 37.208872318781033 ], [ 127.034022758038944, 37.208845663085789 ], [ 127.034283088423109, 37.208380492879186 ], [ 127.034640588316506, 37.207786087570028 ], [ 127.034705080969331, 37.207663837644304 ], [ 127.034754281911603, 37.207537120177179 ], [ 127.034787717381064, 37.207407155546612 ], [ 127.034805065453838, 37.207275195396889 ], [ 127.034806159141581, 37.207142510583928 ], [ 127.034790987996644, 37.207010378936054 ], [ 127.034759698209228, 37.206880072947683 ], [ 127.034712591196481, 37.206752847524854 ], [ 127.034650120696455, 37.206629927900089 ], [ 127.034572888395743, 37.206512497833536 ], [ 127.034481638132391, 37.206401688213575 ], [ 127.034377248730635, 37.206298566166751 ], [ 127.034260725535887, 37.206204124782033 ], [ 127.034133190732078, 37.206119273547941 ], [ 127.033995872534263, 37.206044829595108 ], [ 127.033850093360925, 37.205981509828078 ], [ 127.033697257099448, 37.205929924022286 ], [ 127.033538835587677, 37.205890568952782 ], [ 127.033376354441671, 37.205863823610869 ], [ 127.033211378365763, 37.205849945554995 ], [ 127.033045496086629, 37.205849068430858 ], [ 127.032880305056182, 37.205861200684616 ], [ 127.032717396070524, 37.205886225481613 ], [ 127.032558337952921, 37.20592390183122 ], [ 127.032404662448144, 37.20597386690747 ], [ 127.032257849473865, 37.206035639542343 ], [ 127.032119312870449, 37.206108624858985 ], [ 127.031990386786788, 37.206192119999528 ], [ 127.031872312833187, 37.206285320892896 ], [ 127.03176622812444, 37.206387329997121 ], [ 127.03167315432907, 37.206497164941929 ], [ 127.031593987829496, 37.206613767988202 ], [ 127.031226390091476, 37.207224922032538 ], [ 127.031206810748216, 37.207258653303214 ], [ 127.030944462347719, 37.207727395742964 ], [ 127.030894031490078, 37.207812497883907 ], [ 127.030849578924034, 37.207894393639357 ], [ 127.030670717517296, 37.208256163290137 ], [ 127.030504535226385, 37.208577890647668 ], [ 127.03048784289129, 37.208601435802343 ], [ 127.03040625379596, 37.208732613033831 ], [ 127.030210807771482, 37.209094834062654 ], [ 127.030195287419616, 37.20912456667002 ], [ 127.030115975395745, 37.209281747481498 ], [ 127.029707825354365, 37.210068702132119 ], [ 127.029289026389065, 37.210872022841485 ], [ 127.029286642562383, 37.210876619125166 ], [ 127.028235061825157, 37.212914712324441 ], [ 127.026976598526062, 37.215305695652091 ], [ 127.02692619253159, 37.215401364567427 ], [ 127.026924119017508, 37.215405317522702 ], [ 127.025242950475132, 37.218624448351861 ], [ 127.024513480272091, 37.220013914439676 ], [ 127.023565450461462, 37.221812172307111 ], [ 127.023560619375999, 37.221821431664104 ], [ 127.021625610931935, 37.225568970122275 ], [ 127.021617824631335, 37.225584314755871 ], [ 127.021469650612204, 37.225881534490725 ], [ 127.021432326377024, 37.225951179767591 ], [ 127.021418699830974, 37.225977361220245 ], [ 127.021003472345512, 37.226799346565215 ], [ 127.020942225549035, 37.226914496204536 ], [ 127.020806750262437, 37.22716799162199 ], [ 127.020799310001095, 37.227182135007141 ], [ 127.020279616728303, 37.228185916586717 ], [ 127.018093428817707, 37.232407676128979 ], [ 127.0156444118347, 37.237105099251735 ], [ 127.015637969172928, 37.237117632444679 ], [ 127.015415997038858, 37.237555671780285 ], [ 127.012299934988818, 37.243218738690906 ], [ 127.012294918343002, 37.243229222840874 ], [ 127.012288839066045, 37.243239363422802 ], [ 127.012278004573503, 37.243263184179156 ], [ 127.012265394403201, 37.243286412691575 ], [ 127.00910836692168, 37.249983248659838 ], [ 127.008305327682521, 37.251013477040438 ], [ 127.005751019436246, 37.253624059395989 ], [ 127.005650585989841, 37.253738419369576 ], [ 127.004376228101094, 37.255361796098839 ], [ 127.004285137379341, 37.255493607962961 ], [ 126.998950094222593, 37.264343987545573 ], [ 126.997747533111095, 37.263899065980297 ], [ 126.997395574680098, 37.263598958163783 ], [ 126.996927004432095, 37.262935406553332 ], [ 126.996447720891155, 37.261906490204773 ], [ 126.994427306426203, 37.256008935780017 ], [ 126.994410150238963, 37.255962177843514 ], [ 126.993544952897111, 37.253752331219701 ], [ 126.993490986174109, 37.253634099587572 ], [ 126.993423500593366, 37.253520391307894 ], [ 126.993343080934224, 37.253412191590641 ], [ 126.992708272411463, 37.252642117140866 ], [ 126.992599121566641, 37.252524172282811 ], [ 126.992474627265182, 37.252416375248792 ], [ 126.992336255305602, 37.25231999518919 ], [ 126.992185634856071, 37.252236166831707 ], [ 126.991468062284113, 37.251881382104791 ], [ 126.991335135528985, 37.251822097024146 ], [ 126.991196079701737, 37.251772604887591 ], [ 126.987173895620259, 37.250511076564727 ], [ 126.981454654919247, 37.248656511709413 ], [ 126.968346427531856, 37.244112442022775 ], [ 126.96834120035507, 37.244110637934675 ], [ 126.967471111489303, 37.243811722432994 ], [ 126.966942059228657, 37.243509581091793 ], [ 126.966303143486499, 37.243144690454713 ], [ 126.964588066747766, 37.242045219412461 ], [ 126.964584731132703, 37.242043288110438 ], [ 126.964581635107223, 37.242041116734967 ], [ 126.963864997784299, 37.241586252811892 ], [ 126.963699308469671, 37.24149343825983 ], [ 126.962583430676105, 37.240944834826884 ], [ 126.962441834448896, 37.240882471994425 ], [ 126.962293437510212, 37.240831203082003 ], [ 126.962139595821725, 37.240791496549413 ], [ 126.960781978160071, 37.240497563545517 ], [ 126.960704611161731, 37.240482366883874 ], [ 126.95587179281074, 37.239628955608907 ], [ 126.955669808065892, 37.239603406804143 ], [ 126.95435084427973, 37.239501417047066 ], [ 126.954197780336443, 37.239495158896027 ], [ 126.953158053720955, 37.239490362158087 ], [ 126.952970599165141, 37.239497823527415 ], [ 126.952785333143112, 37.23952184645352 ], [ 126.951544037394711, 37.239739916296244 ], [ 126.95152183372025, 37.239743942345406 ], [ 126.950520701211659, 37.239931140354507 ], [ 126.950353724730903, 37.239969694746357 ], [ 126.95019257923714, 37.240021747149072 ], [ 126.945897325191495, 37.241618965408179 ], [ 126.944110096766153, 37.242204519990722 ], [ 126.943377631894606, 37.24236053662861 ], [ 126.941967931060603, 37.242597282615058 ], [ 126.916172829663921, 37.246209726737916 ], [ 126.91606435760562, 37.246227851442733 ], [ 126.914622391843707, 37.246508489660691 ], [ 126.914394018198507, 37.246566920156312 ], [ 126.913311482117038, 37.246913265581149 ], [ 126.913222746490192, 37.246944036569616 ], [ 126.908153581811206, 37.24884118985976 ], [ 126.90800689308324, 37.248903272559318 ], [ 126.907868522485273, 37.248976550114961 ], [ 126.907739802567718, 37.249060316854468 ], [ 126.907621972955525, 37.24915376609119 ], [ 126.907516168410666, 37.249255997891517 ], [ 126.907423407903778, 37.249366027740528 ], [ 126.907344584800441, 37.249482796022143 ], [ 126.907280458256309, 37.249605178222495 ], [ 126.907231645904162, 37.249731995758616 ], [ 126.907198617903717, 37.24986202732785 ], [ 126.907181692410873, 37.249994020668915 ], [ 126.907181032510707, 37.250126704621316 ], [ 126.907196644643733, 37.250258801367096 ], [ 126.907228378540538, 37.250389038736799 ], [ 126.907275928665797, 37.250516162461402 ], [ 126.907338837157596, 37.250638948252089 ], [ 126.907416498234284, 37.250756213591487 ], [ 126.907508164025899, 37.250866829122849 ], [ 126.907612951774951, 37.250969729527419 ], [ 126.907729852336317, 37.251063923785246 ], [ 126.907857739895306, 37.251148504720483 ], [ 126.90799538280973, 37.251222657739241 ], [ 126.908141455471934, 37.251285668675955 ], [ 126.908294551076281, 37.251336930672302 ], [ 126.908453195169173, 37.251375950022727 ], [ 126.908615859851267, 37.251402350930022 ], [ 126.908780978494548, 37.25141587912519 ], [ 126.90894696083285, 37.251416404316764 ], [ 126.90911220828022, 37.251403921445871 ], [ 126.909275129329401, 37.251378550734948 ], [ 126.90943415488222, 37.25134053652976 ], [ 126.909587753363823, 37.251290244945764 ], [ 126.914613229399507, 37.249409432780411 ], [ 126.915539283392732, 37.249113151268958 ], [ 126.916810642575101, 37.248865716461665 ], [ 126.94257991841242, 37.245256885045755 ], [ 126.942635539966744, 37.245248319220281 ], [ 126.944117139658829, 37.244999498554428 ], [ 126.944204843867951, 37.244982805822708 ], [ 126.945086081610214, 37.244795099859971 ], [ 126.94529197262932, 37.244739700046033 ], [ 126.947216269194641, 37.244109235522863 ], [ 126.947288146194225, 37.244084113483559 ], [ 126.95146086585514, 37.242532456452899 ], [ 126.952281033169854, 37.242379095852471 ], [ 126.953327079940607, 37.242195328113716 ], [ 126.954101569074609, 37.242198901043388 ], [ 126.955242258359164, 37.24228710604779 ], [ 126.959936299728284, 37.243116012238829 ], [ 126.961019724628059, 37.243350582577023 ], [ 126.961841227430767, 37.243754465286763 ], [ 126.962475282379657, 37.244156919261641 ], [ 126.964223827813299, 37.24527786547268 ], [ 126.964298727753615, 37.24532320649395 ], [ 126.964975890266047, 37.24570994626049 ], [ 126.96565305970762, 37.246096682183847 ], [ 126.965805964148146, 37.246174465389451 ], [ 126.965968402290073, 37.246238721561156 ], [ 126.967003131276243, 37.246594201843614 ], [ 126.980127481709715, 37.251143889199895 ], [ 126.980136091026836, 37.251146479771748 ], [ 126.980144448356484, 37.251149684551692 ], [ 126.980154656031573, 37.251152654863944 ], [ 126.980164444390894, 37.251156286019999 ], [ 126.985911355219343, 37.253019834759584 ], [ 126.985929276215757, 37.253025550482562 ], [ 126.989818416708516, 37.254245360757118 ], [ 126.990088813600607, 37.254379053293924 ], [ 126.990387460544696, 37.254741352303569 ], [ 126.991172450192337, 37.256746550826719 ], [ 126.993204497568684, 37.262678803273261 ], [ 126.993250732752003, 37.262793450610467 ], [ 126.993802843995027, 37.263978818208791 ], [ 126.993854157738852, 37.264076987468151 ], [ 126.993914970274716, 37.264171628072397 ], [ 126.994549031813349, 37.26506958419273 ], [ 126.994658777676264, 37.265205346817773 ], [ 126.994788009874881, 37.265329672345956 ], [ 126.995504018804397, 37.265940214868628 ], [ 126.99562065306209, 37.2660305555981 ], [ 126.995747589907211, 37.266111540390952 ], [ 126.9958836592468, 37.266182422716284 ], [ 126.996027606792026, 37.266242549167288 ], [ 126.997554787076481, 37.266807579441121 ], [ 126.992313000187124, 37.276361454830969 ], [ 126.988075146240547, 37.283383898567891 ], [ 126.988074744485289, 37.283384657298846 ], [ 126.988074252695228, 37.283385381389699 ], [ 126.986747721230984, 37.285590094522952 ], [ 126.984575503188339, 37.288401920245825 ], [ 126.980813040852013, 37.292904129851259 ], [ 126.977965925848082, 37.296203062218417 ], [ 126.976531263355128, 37.297523246375626 ], [ 126.976010201063488, 37.297872286174474 ], [ 126.97531642754339, 37.29819266255852 ], [ 126.974672758261832, 37.298384043546356 ], [ 126.970859252973256, 37.298977211167362 ], [ 126.965822732408796, 37.299430679226511 ], [ 126.965731614479424, 37.299440891764739 ], [ 126.963579983549835, 37.299729869020283 ], [ 126.963432711284895, 37.299755075958174 ], [ 126.96328882723391, 37.299790642449757 ], [ 126.96135418357899, 37.300345324723956 ], [ 126.961218835225893, 37.300389488710458 ], [ 126.961088762870176, 37.300442819309829 ], [ 126.96096493710651, 37.300504918575534 ], [ 126.960848281924626, 37.3005753231295 ], [ 126.959321309982712, 37.301582499904427 ], [ 126.956530676342339, 37.303395798797922 ], [ 126.956429038336751, 37.303467426288165 ], [ 126.953305470892346, 37.305852900362495 ], [ 126.953165181015933, 37.305973956977461 ], [ 126.952048830426648, 37.307063687062545 ], [ 126.951959271896612, 37.307159451767482 ], [ 126.951880652017593, 37.307261160672546 ], [ 126.949093957210209, 37.311250386459193 ], [ 126.94787862111599, 37.312787803122156 ], [ 126.947784535716323, 37.312923481943486 ], [ 126.947185099580167, 37.313918634556195 ], [ 126.947132923375918, 37.3140145881599 ], [ 126.947090191491, 37.314113476562007 ], [ 126.946821166747128, 37.314824062853369 ], [ 126.946787812755488, 37.314926465632176 ], [ 126.946764586886758, 37.31503063806209 ], [ 126.946611955238708, 37.315914307668862 ], [ 126.946599838876821, 37.316008943194021 ], [ 126.946511000316292, 37.317070860690457 ], [ 126.946507969977162, 37.317121135362136 ], [ 126.946391653682809, 37.320270343068337 ], [ 126.946391725915063, 37.320273286519431 ], [ 126.946391452542215, 37.320276222428959 ], [ 126.946255539126909, 37.324592551809481 ], [ 126.946255227621037, 37.324648516472919 ], [ 126.946632736752363, 37.343193079370472 ], [ 126.94664073473011, 37.343655921030077 ], [ 126.946819086563636, 37.354218800840108 ], [ 126.94687942821723, 37.360382616133123 ], [ 126.946870411376352, 37.361028711486902 ], [ 126.94672378390203, 37.361528448489452 ], [ 126.945885228857961, 37.363352230676448 ], [ 126.945731715619928, 37.36325854005046 ], [ 126.945638230631843, 37.363180420400248 ], [ 126.945504164723545, 37.363089478768075 ], [ 126.941874022745651, 37.360875428887901 ], [ 126.941808670627097, 37.360837503853986 ], [ 126.931063655963627, 37.354908459108117 ], [ 126.929066612046825, 37.353631155152669 ], [ 126.928230984742243, 37.35199022735965 ], [ 126.926743720543783, 37.347075995436093 ], [ 126.925146642338447, 37.340825587446751 ], [ 126.92430120664028, 37.33485789806393 ], [ 126.924269226654417, 37.334708109822472 ], [ 126.924216400000446, 37.334562132801445 ], [ 126.923310875522262, 37.332501791402855 ], [ 126.923255619250597, 37.332391758255191 ], [ 126.923188504879775, 37.332286013139225 ], [ 126.923110048432235, 37.332185369020706 ], [ 126.91977786906196, 37.32830116293038 ], [ 126.905763203234073, 37.311401904505473 ], [ 126.905701068248888, 37.31133189282901 ], [ 126.901790544638004, 37.307209180339512 ], [ 126.901705550151547, 37.307126569574393 ], [ 126.901612648862724, 37.307049582338706 ], [ 126.900515459690467, 37.306209500898795 ], [ 126.900394483241854, 37.306125288111296 ], [ 126.900264067229841, 37.306050604903241 ], [ 126.900125383805985, 37.305986122496222 ], [ 126.899979679415679, 37.305932420429528 ], [ 126.895015779009441, 37.304326080534906 ], [ 126.894922395062878, 37.304298384850306 ], [ 126.885996738821447, 37.301887062250479 ], [ 126.885855428501443, 37.301854274213603 ], [ 126.885711087240608, 37.301831415183578 ], [ 126.876927084701691, 37.300754579978829 ], [ 126.876772638397526, 37.300741400700566 ], [ 126.876617330064278, 37.300739587925413 ], [ 126.872224329809455, 37.300849358859466 ], [ 126.87214192722702, 37.300853024604486 ], [ 126.86657864983404, 37.301209251102279 ], [ 126.866568972305728, 37.301210254285166 ], [ 126.866559222406366, 37.301210584627995 ], [ 126.866486637243597, 37.301218789192077 ], [ 126.866413938560527, 37.301226325136277 ], [ 126.866404430714198, 37.301228081238087 ], [ 126.866394768290931, 37.301229173406327 ], [ 126.866323539275086, 37.301243021874662 ], [ 126.866252115244052, 37.301256213831365 ], [ 126.866242868640825, 37.301258705940668 ], [ 126.866233386743318, 37.301260549416689 ], [ 126.866164199814605, 37.301279908427261 ], [ 126.866094738254347, 37.301298629357184 ], [ 126.866085841939906, 37.301301833474724 ], [ 126.866076631879636, 37.301304410505757 ], [ 126.866010153315599, 37.301329093629533 ], [ 126.865943323149224, 37.301353163248805 ], [ 126.865934862796365, 37.301357048518632 ], [ 126.865926013267412, 37.301360334287693 ], [ 126.865862883267454, 37.301390103823771 ], [ 126.865799328081522, 37.301419290339823 ], [ 126.865791385165366, 37.301423819346283 ], [ 126.865782981390382, 37.301427782211178 ], [ 126.865723807911351, 37.301462351475422 ], [ 126.865664139758593, 37.301496373818942 ], [ 126.865656790771766, 37.301501502947126 ], [ 126.865648913681468, 37.301506104744973 ], [ 126.865594266583614, 37.30154514083052 ], [ 126.865539060089091, 37.301583671361747 ], [ 126.865532375805472, 37.301589351217302 ], [ 126.865525101259152, 37.30159454763217 ], [ 126.865475506818129, 37.301637674615073 ], [ 126.865425293646211, 37.301680342278488 ], [ 126.865419338439082, 37.301686518163329 ], [ 126.865412736494221, 37.301692259152865 ], [ 126.865368672333332, 37.3017390617117 ], [ 126.865323936067213, 37.301785455609135 ], [ 126.86531876728948, 37.301792068048094 ], [ 126.865312901527034, 37.30179829832533 ], [ 126.86527479201736, 37.301848325740472 ], [ 126.865235963501902, 37.301897999087629 ], [ 126.86523163093365, 37.301904984401176 ], [ 126.865226557845702, 37.301911643967024 ], [ 126.865194770018618, 37.301964414460848 ], [ 126.865162223210817, 37.30201688888944 ], [ 126.86515876857986, 37.302024179806864 ], [ 126.865154537025433, 37.302031204527772 ], [ 126.865129377037505, 37.302086209903869 ], [ 126.865103425404243, 37.302140980068067 ], [ 126.865100881984191, 37.302148506375296 ], [ 126.865097532718735, 37.302155828600867 ], [ 126.865079242902297, 37.302212539137699 ], [ 126.865060136400686, 37.302269077580583 ], [ 126.865058528690199, 37.302276766796304 ], [ 126.865056093972981, 37.302284316010699 ], [ 126.865044850501278, 37.302342185562772 ], [ 126.865032773170327, 37.30239994779555 ], [ 126.86503211665719, 37.30240772586923 ], [ 126.865030619940327, 37.302415429370285 ], [ 126.865026531129672, 37.302473900627511 ], [ 126.865021599316577, 37.302532330372991 ], [ 126.865021900328315, 37.302540122397978 ], [ 126.865021356030866, 37.302547905997272 ], [ 126.865023407932384, 37.302586568230268 ], [ 126.865015621679817, 37.302612833260099 ], [ 126.864993372728051, 37.302744320640315 ], [ 126.864987364344287, 37.302876916955903 ], [ 126.86499765447779, 37.303009345235076 ], [ 126.865024144113931, 37.303140330117714 ], [ 126.865066578224571, 37.303268610137948 ], [ 126.86512454822082, 37.303392949873064 ], [ 126.865197495885354, 37.303512151841993 ], [ 126.865284718745571, 37.303625068038485 ], [ 126.865385376836898, 37.30373061098804 ], [ 126.865498500790579, 37.303827764222042 ], [ 126.865623001168274, 37.303915592068158 ], [ 126.865757678953656, 37.303993248662664 ], [ 126.86590123710009, 37.304059986097798 ], [ 126.866052293022733, 37.304115161625866 ], [ 126.866209391915248, 37.304158243850374 ], [ 126.866371020762529, 37.304188817844562 ], [ 126.866535622914441, 37.304206589148343 ], [ 126.866701613080039, 37.304211386604607 ], [ 126.866867392598053, 37.304203164008008 ], [ 126.871711332535995, 37.303771391222519 ], [ 126.876492397338779, 37.303808294830326 ], [ 126.877604519221805, 37.303861665794479 ], [ 126.879898964210042, 37.304084426610601 ], [ 126.882148793692934, 37.304371012674906 ], [ 126.885133522843503, 37.304895867504371 ], [ 126.888953568509876, 37.305865547250363 ], [ 126.894047327915075, 37.30729954440379 ], [ 126.897096763286171, 37.308199532682735 ], [ 126.897994667048295, 37.308651508643699 ], [ 126.898638750894079, 37.309002663126634 ], [ 126.899333309892342, 37.309552909124811 ], [ 126.899997807463436, 37.310238888255853 ], [ 126.902569013328971, 37.313276226118973 ], [ 126.909844264352046, 37.322070156513028 ], [ 126.909848965429461, 37.322075807244083 ], [ 126.915325492204403, 37.328622246077998 ], [ 126.915335202202257, 37.328632702063395 ], [ 126.915343849519644, 37.328643736908425 ], [ 126.918690952282674, 37.332482077050436 ], [ 126.919459495279, 37.333638324052124 ], [ 126.920214204209088, 37.334825946870197 ], [ 126.920461801253026, 37.335442424039073 ], [ 126.920954372587815, 37.338732735791417 ], [ 126.920958968303481, 37.338760916867002 ], [ 126.921372013063348, 37.341101269113985 ], [ 126.921387691012683, 37.341175198721118 ], [ 126.92300347089963, 37.347690562849174 ], [ 126.923011444294445, 37.347720883885358 ], [ 126.923770012023382, 37.350449573713512 ], [ 126.92377965103509, 37.350477652241793 ], [ 126.92378733768146, 37.350506112070711 ], [ 126.924738412559563, 37.353343545880143 ], [ 126.924782116388911, 37.353454555309064 ], [ 126.925142927120234, 37.354249645071775 ], [ 126.925199414297111, 37.354358941862181 ], [ 126.92526764716284, 37.354463881198207 ], [ 126.925752271682057, 37.35513563225846 ], [ 126.925835649343938, 37.355239868912236 ], [ 126.925930610141734, 37.355337587553691 ], [ 126.926639346415897, 37.356001793228522 ], [ 126.926780465679656, 37.356118975373711 ], [ 126.927602232533587, 37.356723940441903 ], [ 126.927700531333045, 37.356790948390241 ], [ 126.927804945744739, 37.356851776934469 ], [ 126.932171250807144, 37.359196834818967 ], [ 126.932171521126733, 37.359196965086767 ], [ 126.932171774219043, 37.359197115801983 ], [ 126.938591534962299, 37.362641717274805 ], [ 126.938606285118567, 37.362649541844554 ], [ 126.942516757521574, 37.364700380120809 ], [ 126.943028405237754, 37.365012658147464 ], [ 126.94340604717388, 37.366005181287903 ], [ 126.94246604427866, 37.370367235600014 ], [ 126.941607139601203, 37.372107640649574 ], [ 126.941601207563437, 37.372121639030603 ], [ 126.941593962544189, 37.37213522152657 ], [ 126.941591598650135, 37.37214122886337 ], [ 126.941588570001485, 37.372147056823756 ], [ 126.940308179257698, 37.374998765094077 ], [ 126.939574820612506, 37.376224522406275 ], [ 126.938996210536175, 37.376996090455897 ], [ 126.938098476053241, 37.377845439589976 ], [ 126.938023034672227, 37.377922279128107 ], [ 126.937354235359578, 37.378656598663035 ], [ 126.93621156765235, 37.379824901972292 ], [ 126.936096599104346, 37.379958183185849 ], [ 126.935581337129108, 37.380639489327763 ], [ 126.935525131431419, 37.380719870578758 ], [ 126.935007788266986, 37.381522799298892 ], [ 126.934949607261316, 37.381622951809092 ], [ 126.934901858757712, 37.381726558042821 ], [ 126.93394689278739, 37.384092596475632 ], [ 126.933944460353374, 37.384099820076891 ], [ 126.933941243483829, 37.384106860775852 ], [ 126.933937945080316, 37.384117107168898 ], [ 126.933933604999567, 37.384127088078159 ], [ 126.931819403455464, 37.389887121596573 ], [ 126.93153813654736, 37.390475899564301 ], [ 126.931095058467548, 37.391224708605648 ], [ 126.930529355751474, 37.391947048902431 ], [ 126.929876812742265, 37.392664847152396 ], [ 126.929219324445413, 37.393147266460453 ], [ 126.929132457050613, 37.393215774405533 ], [ 126.925951284639908, 37.395912112319323 ], [ 126.925908360632533, 37.395949895453718 ], [ 126.924570229598643, 37.397173330661019 ], [ 126.924438328716292, 37.397310777260891 ], [ 126.923754355633974, 37.398126878162479 ], [ 126.921441522789777, 37.400749636455856 ], [ 126.921433402274459, 37.400759878151987 ], [ 126.921424273453837, 37.40076957307442 ], [ 126.921420186278255, 37.400774938299556 ], [ 126.921415522555634, 37.400779988068457 ], [ 126.914673473035094, 37.408883674148761 ], [ 126.914583077378794, 37.409005755159207 ], [ 126.912079998249581, 37.412830874846229 ], [ 126.907106023167898, 37.418800660869984 ], [ 126.907076360028768, 37.41884035562839 ], [ 126.907045226602875, 37.418879327539457 ], [ 126.905655066050358, 37.420823828863391 ], [ 126.90560464568081, 37.420899877800679 ], [ 126.904841500489027, 37.422145242677843 ], [ 126.904811385996609, 37.422197139202261 ], [ 126.903638853999439, 37.424335207932046 ], [ 126.903614937784852, 37.42438109585558 ], [ 126.902828554955605, 37.4259717559558 ], [ 126.902796173061418, 37.426043052440498 ], [ 126.902465733590105, 37.426839676714366 ], [ 126.902426111602637, 37.426950951977588 ], [ 126.902090547409045, 37.42807416057142 ], [ 126.90206754250228, 37.428164810807118 ], [ 126.900633062451575, 37.435014183332001 ], [ 126.900034905752435, 37.43740275561693 ], [ 126.899523863833153, 37.439219505513421 ], [ 126.899349094077309, 37.439608834014315 ], [ 126.896016495565604, 37.433704558858601 ], [ 126.886948812308944, 37.417234811698506 ], [ 126.886874547858866, 37.417116086939259 ], [ 126.886786051336728, 37.417003739758371 ], [ 126.886684175050647, 37.416898852090377 ], [ 126.886569900147322, 37.416802434028277 ], [ 126.886444327162366, 37.416715414096942 ], [ 126.886308665421197, 37.416638630312242 ], [ 126.886164221393031, 37.416572822111775 ], [ 126.886012386109954, 37.416518623234914 ], [ 126.88585462177214, 37.416476555620712 ], [ 126.885692447668291, 37.416447024382322 ], [ 126.885527425546613, 37.416430313906311 ], [ 126.885361144577246, 37.416426585114479 ], [ 126.885195206051037, 37.416435873914502 ], [ 126.885031207961404, 37.416458090854078 ], [ 126.884870729618058, 37.416493021982433 ], [ 126.884715316440648, 37.416540330910202 ], [ 126.884566465078166, 37.416599562048589 ], [ 126.884425608998171, 37.416670144995926 ], [ 126.884294104683462, 37.416751400030023 ], [ 126.884173218570069, 37.416842544653093 ], [ 126.884064114851569, 37.416942701126366 ], [ 126.883967844267431, 37.417050904921879 ], [ 126.8838853339835, 37.417166114010179 ], [ 126.883817378661803, 37.417287218894309 ], [ 126.883764632805793, 37.417413053293807 ], [ 126.883727604455075, 37.417542405375613 ], [ 126.883706650289966, 37.417674029423857 ], [ 126.883701972193577, 37.417806657836216 ], [ 126.883713615304373, 37.417939013331235 ], [ 126.883741467578162, 37.418069821249205 ], [ 126.883785260863803, 37.418197821827874 ], [ 126.883844573482634, 37.418321782335184 ], [ 126.892914808452076, 37.434797402715773 ], [ 126.892921087488403, 37.434808665798499 ], [ 126.896277747520557, 37.440756002385136 ], [ 126.89658211767906, 37.441862555057106 ], [ 126.896758213806763, 37.443820451276189 ], [ 126.896579051342556, 37.445233292620514 ], [ 126.892032747693108, 37.455680829583713 ], [ 126.892030690919896, 37.45568642875304 ], [ 126.89202801424652, 37.45569185884635 ], [ 126.887829661500419, 37.465612343867186 ], [ 126.882020847740606, 37.478824919712395 ], [ 126.874936728266519, 37.476746512367953 ], [ 126.871692945198788, 37.475771866961729 ], [ 126.871684940979733, 37.475769480162938 ], [ 126.868596657012361, 37.474855586281812 ], [ 126.867283754640738, 37.474456503021649 ], [ 126.86714712935381, 37.474420186992141 ], [ 126.86676934255614, 37.474333784836631 ], [ 126.866622320361316, 37.474305744746424 ], [ 126.866472749875371, 37.474288247608939 ], [ 126.866321818856278, 37.474281432370447 ], [ 126.866095740606923, 37.474279265525233 ], [ 126.865903206083743, 37.474286146027772 ], [ 126.865712893273809, 37.474310387264339 ], [ 126.865527258530619, 37.474351676354026 ], [ 126.86526935065541, 37.474421849577467 ], [ 126.865146215111153, 37.474459675596727 ], [ 126.865027141321718, 37.474505015675362 ], [ 126.864186073877534, 37.474857922108626 ], [ 126.862069279338741, 37.475621763838291 ], [ 126.858257932882026, 37.476825623559208 ], [ 126.854339002167634, 37.477966841957588 ], [ 126.85418562217518, 37.47801843504319 ], [ 126.854039325920155, 37.478081760828253 ], [ 126.853901522267662, 37.478156209478904 ], [ 126.853773538309369, 37.478241064045143 ], [ 126.853656606584039, 37.478335507364378 ], [ 126.853551853208245, 37.478438629929755 ], [ 126.853460287031211, 37.478549438647946 ], [ 126.853382789918427, 37.478666866401966 ], [ 126.853320108257549, 37.478789782326729 ], [ 126.853272845768331, 37.478917002698985 ], [ 126.853241457686181, 37.479047302336127 ], [ 126.853226246375286, 37.479179426394765 ], [ 126.853227358413534, 37.479312102454962 ], [ 126.853244783177701, 37.479444052774049 ], [ 126.85327835294234, 37.479574006592088 ], [ 126.853327744491992, 37.479700712370082 ], [ 126.85339248223066, 37.47982294984353 ], [ 126.853471942759498, 37.479939541775032 ], [ 126.853565360877951, 37.480049365292466 ], [ 126.853671836951392, 37.480151362704127 ], [ 126.853790345573756, 37.480244551685914 ], [ 126.853919745442013, 37.480328034743046 ], [ 126.854058790347779, 37.480401007854674 ], [ 126.854206141179418, 37.480462768218338 ], [ 126.85436037881982, 37.480512721019544 ], [ 126.854520017815076, 37.480550385161244 ], [ 126.854683520682542, 37.480575397898001 ], [ 126.854849312720461, 37.480587518330182 ], [ 126.855015797176193, 37.480586629724421 ], [ 126.855181370627136, 37.480572740638138 ], [ 126.855344438425803, 37.480545984837093 ], [ 126.855503430060537, 37.48050662000697 ], [ 126.859443965621594, 37.4793591063899 ], [ 126.859486723598764, 37.479346130540272 ], [ 126.863357136116477, 37.478123609208268 ], [ 126.863431755649387, 37.478098377872769 ], [ 126.865631474388792, 37.477304608755183 ], [ 126.865722031309133, 37.47726930966067 ], [ 126.86626589145888, 37.477041109147734 ], [ 126.867394582009752, 37.477384198207851 ], [ 126.867401700257361, 37.477386048538513 ], [ 126.867408582920461, 37.477388397729243 ], [ 126.870499962015714, 37.478303212665395 ], [ 126.873745978977396, 37.479278534493289 ], [ 126.87375827561705, 37.47928218578889 ], [ 126.880887913041207, 37.481373957520056 ], [ 126.880890802951669, 37.481401260662771 ], [ 126.879424518542123, 37.484817356468575 ], [ 126.878539931181479, 37.486736147865649 ], [ 126.878480429083183, 37.486894523081887 ], [ 126.878445628854422, 37.487057501229003 ], [ 126.878213871459721, 37.488771023213666 ], [ 126.878204296188713, 37.488895451408304 ], [ 126.878158760317845, 37.491294245477832 ], [ 126.877556353773002, 37.498282431812733 ], [ 126.870673521650744, 37.495075820961681 ], [ 126.870653913346999, 37.495067686006628 ], [ 126.870635091884068, 37.495058446203657 ], [ 126.866941802979895, 37.493438836407499 ], [ 126.865967385156239, 37.492997533231325 ], [ 126.865808425704685, 37.492934078034523 ], [ 126.86564200597391, 37.492884224132418 ], [ 126.8648245675585, 37.492677588512798 ], [ 126.864689450630181, 37.492648263195122 ], [ 126.864551759043223, 37.49262791549873 ], [ 126.864412430642005, 37.492616684015154 ], [ 126.863402123596288, 37.492568685072293 ], [ 126.863176285818753, 37.492569951597716 ], [ 126.862295220611045, 37.492621737025338 ], [ 126.86217238029333, 37.49263255256092 ], [ 126.861641002899873, 37.492695017656821 ], [ 126.861525441984995, 37.492711877610695 ], [ 126.86098439003905, 37.492806346300917 ], [ 126.860917262826874, 37.492819212422624 ], [ 126.858200815574804, 37.493386653584352 ], [ 126.854743376362279, 37.494027334355934 ], [ 126.854702801450756, 37.494035273201497 ], [ 126.852314381680969, 37.49452748020407 ], [ 126.851790966717132, 37.494617332858468 ], [ 126.851658250573735, 37.494627343989265 ], [ 126.851649315141955, 37.494626687027022 ], [ 126.851464140117187, 37.494595588045584 ], [ 126.850906588695366, 37.494473828670394 ], [ 126.847802221888983, 37.493766986147037 ], [ 126.845286744544779, 37.493166172399327 ], [ 126.845262544189666, 37.493161409357207 ], [ 126.845238812106501, 37.493155331807316 ], [ 126.841051548223078, 37.49226095625076 ], [ 126.840992022290479, 37.492249155303014 ], [ 126.839177943796798, 37.491917125805983 ], [ 126.839036728173795, 37.491896247645819 ], [ 126.83797456043348, 37.491776002049022 ], [ 126.837836541622423, 37.491764939942236 ], [ 126.836831206877918, 37.491717325867498 ], [ 126.836745051716107, 37.49171499299878 ], [ 126.834874812185262, 37.491702214995414 ], [ 126.834855272388992, 37.491702170990159 ], [ 126.831278656644869, 37.491710471385538 ], [ 126.83358706928631, 37.491223410556096 ], [ 126.833770712752425, 37.491175594236296 ], [ 126.833946343606542, 37.491111452919569 ], [ 126.835782779970671, 37.490337069194666 ], [ 126.835789133146932, 37.490334376368793 ], [ 126.837085020439488, 37.489782284241073 ], [ 126.837189076337253, 37.489734094961243 ], [ 126.83798717508742, 37.489333653884906 ], [ 126.837997755781132, 37.489328301436309 ], [ 126.838701918374582, 37.488969168907552 ], [ 126.838828821745409, 37.48889771378321 ], [ 126.838946988719499, 37.488817306902916 ], [ 126.839055428164372, 37.488728622703306 ], [ 126.839307692860785, 37.488502459018811 ], [ 126.839361305092993, 37.488451957878439 ], [ 126.839681761441284, 37.488134668806339 ], [ 126.839764988472794, 37.488044918002366 ], [ 126.839838642935433, 37.487950003498945 ], [ 126.839902223043495, 37.487850571967265 ], [ 126.840217398123201, 37.487302900582236 ], [ 126.840279292160474, 37.487179729592285 ], [ 126.840325737360118, 37.487052317411504 ], [ 126.840356286501773, 37.486921891107748 ], [ 126.840370645460652, 37.486789706770637 ], [ 126.840368676037002, 37.486657037414226 ], [ 126.840350397283729, 37.48652516071698 ], [ 126.840315985319705, 37.486395346716961 ], [ 126.840265771630328, 37.486268845581002 ], [ 126.840200239872061, 37.486146875565296 ], [ 126.840120021211874, 37.486030611283802 ], [ 126.84002588824643, 37.485921172396857 ], [ 126.839918747559736, 37.485819612829417 ], [ 126.839799630991052, 37.485726910622311 ], [ 126.839669685697018, 37.485643958514515 ], [ 126.83953016310403, 37.485571555346844 ], [ 126.839382406856956, 37.485510398370018 ], [ 126.839227839880465, 37.485461076530875 ], [ 126.839067950677261, 37.485424064801691 ], [ 126.838904278995471, 37.485399719606747 ], [ 126.838738401002729, 37.485388275390548 ], [ 126.838571914109963, 37.485389842360512 ], [ 126.838406421590619, 37.485404405425861 ], [ 126.838243517143681, 37.485431824342896 ], [ 126.838084769548672, 37.485471835065454 ], [ 126.837931707560529, 37.485524052287218 ], [ 126.837785805189498, 37.485587973151823 ], [ 126.837648467508089, 37.485662982094617 ], [ 126.837521017121119, 37.485748356769868 ], [ 126.837404681429661, 37.485843275006047 ], [ 126.837300580810975, 37.48594682272266 ], [ 126.837209717828785, 37.486058002731866 ], [ 126.837132967577205, 37.486175744340812 ], [ 126.836905819267727, 37.486570426910056 ], [ 126.836743814010902, 37.486730825200603 ], [ 126.836675010654844, 37.486792508014318 ], [ 126.836173764779801, 37.487048146623621 ], [ 126.835431937559505, 37.487420350014482 ], [ 126.834192353038404, 37.487948450728496 ], [ 126.832530733851399, 37.488649114543207 ], [ 126.826831897767065, 37.48985142948888 ], [ 126.826796242938755, 37.489859283186291 ], [ 126.822883773657225, 37.490757701603592 ], [ 126.822878318967611, 37.49075918863096 ], [ 126.822872741418806, 37.490760267954684 ], [ 126.822841392567994, 37.490769003531568 ], [ 126.822809414178892, 37.490776258969532 ], [ 126.822071858443962, 37.4909752521895 ], [ 126.821934775978264, 37.49101759505303 ], [ 126.821802808195102, 37.491069234593709 ], [ 126.821676945889237, 37.491129783113138 ], [ 126.821558134023235, 37.491198786025429 ], [ 126.821128746145305, 37.491471622305284 ], [ 126.820991637997665, 37.491568859027801 ], [ 126.820868513516103, 37.491677327605792 ], [ 126.820760813545462, 37.491795758757107 ], [ 126.820669798453395, 37.491922766613165 ], [ 126.819829577128786, 37.493258183184487 ], [ 126.819822856625336, 37.493268984213174 ], [ 126.817200013399983, 37.497531731383262 ], [ 126.817198924885389, 37.497533503635339 ], [ 126.814658080426298, 37.501677744957085 ], [ 126.813928202951274, 37.502857671767693 ], [ 126.813903416714297, 37.5028995329398 ], [ 126.813747019546824, 37.503175829467182 ], [ 126.81355547980813, 37.503429144315582 ], [ 126.813267748266213, 37.503750779846271 ], [ 126.812864862032455, 37.504093544913893 ], [ 126.812433614526242, 37.504458986542694 ], [ 126.812108268191537, 37.504674001965974 ], [ 126.811918676341293, 37.504755086681101 ], [ 126.811734879747206, 37.504789736880795 ], [ 126.810928482849761, 37.504898187618181 ], [ 126.807705101255408, 37.505294377129871 ], [ 126.806815818629715, 37.505388908918128 ], [ 126.805948794975222, 37.505462275601587 ], [ 126.805327867316819, 37.505478479699676 ], [ 126.804678094130878, 37.50545645286136 ], [ 126.804219245276883, 37.50542193749807 ], [ 126.803796503021942, 37.505369454989406 ], [ 126.80257265097687, 37.505120962449617 ], [ 126.79894588385315, 37.504362905180265 ], [ 126.798609347836504, 37.498865282147044 ], [ 126.798596049068522, 37.498749917904817 ], [ 126.798519983776401, 37.498301864350893 ], [ 126.798492818317172, 37.498182470960643 ], [ 126.798452326794774, 37.498065498952741 ], [ 126.7983988354204, 37.497951890508816 ], [ 126.798332775110453, 37.497842560713622 ], [ 126.79788779345661, 37.497183526489785 ], [ 126.797338451299396, 37.496318089023283 ], [ 126.797274245055902, 37.496028251223144 ], [ 126.797289863474376, 37.494361425439472 ], [ 126.797283982090448, 37.494238412633507 ], [ 126.797264082325469, 37.494116335993532 ], [ 126.797129342201757, 37.493508074269634 ], [ 126.797100738501911, 37.493403375344222 ], [ 126.797061818811855, 37.493300810102461 ], [ 126.795537763974693, 37.489792581153878 ], [ 126.795367057751747, 37.489361144733131 ], [ 126.795307448606138, 37.489062378880305 ], [ 126.795286641346195, 37.488577158834012 ], [ 126.795403791372777, 37.488223297252638 ], [ 126.795708231265252, 37.48774705538677 ], [ 126.795779528001972, 37.48761967235351 ], [ 126.795833975299445, 37.487487113849646 ], [ 126.79587099375226, 37.487350790726481 ], [ 126.795890189461787, 37.487212153895527 ], [ 126.795959220446306, 37.486269402470846 ], [ 126.795961360884519, 37.486150716084857 ], [ 126.795913333564968, 37.484855578937655 ], [ 126.795900443731725, 37.48472448228511 ], [ 126.795868257372419, 37.484523358368868 ], [ 126.796012510953261, 37.48437214628035 ], [ 126.796337206488403, 37.483974435166317 ], [ 126.796429704080865, 37.4838463207629 ], [ 126.796504099037762, 37.483710925569589 ], [ 126.796559502278924, 37.48356986784929 ], [ 126.796792325905756, 37.482839119222042 ], [ 126.796825330412091, 37.48270907431322 ], [ 126.796842180726529, 37.482577077608738 ], [ 126.796842714655625, 37.482444400316709 ], [ 126.796826927143641, 37.482312320193081 ], [ 126.796794970317919, 37.482182109236092 ], [ 126.796747152020473, 37.482055021436445 ], [ 126.796683932840367, 37.48193228070123 ], [ 126.796605921674995, 37.481815069067537 ], [ 126.796513869863844, 37.48170451531989 ], [ 126.796408663950757, 37.481601684120356 ], [ 126.79629131714465, 37.481507565756544 ], [ 126.796162959561002, 37.481423066605778 ], [ 126.796024827338357, 37.481349000407604 ], [ 126.795878250734035, 37.481286080428184 ], [ 126.79572464131428, 37.481234912592512 ], [ 126.795565478361965, 37.481195989650018 ], [ 126.795402294632453, 37.481169686430157 ], [ 126.795236661595268, 37.481156256233312 ], [ 126.795070174302737, 37.481155828391934 ], [ 126.79490443603224, 37.481168407025244 ], [ 126.794741042848955, 37.481193870999682 ], [ 126.794581568238257, 37.481231975095248 ], [ 126.794427547955124, 37.481282352366591 ], [ 126.794280465236881, 37.481344517676284 ], [ 126.794141736521212, 37.481417872366016 ], [ 126.79401269780692, 37.481501710020972 ], [ 126.793894591788899, 37.481595223271782 ], [ 126.793788555890998, 37.48169751156864 ], [ 126.793695611312103, 37.481807589852878 ], [ 126.793616653190767, 37.481924398042175 ], [ 126.793552441983422, 37.482046811238682 ], [ 126.793503596138933, 37.482173650561172 ], [ 126.793339873723056, 37.482687446832585 ], [ 126.793236210285784, 37.482814415467764 ], [ 126.792913924789516, 37.48310532954855 ], [ 126.792814957866383, 37.483203526248047 ], [ 126.792727886726382, 37.483308635771593 ], [ 126.79265346701365, 37.483419745990496 ], [ 126.792592344593629, 37.483535892698661 ], [ 126.792545049946625, 37.483656067979311 ], [ 126.79251199356257, 37.483779228951107 ], [ 126.792448952193169, 37.484082581909128 ], [ 126.79242997795653, 37.484212763715298 ], [ 126.792426910007961, 37.484343797871801 ], [ 126.792439777259062, 37.484474453095231 ], [ 126.792524049209931, 37.485001196865277 ], [ 126.792567381651423, 37.486171155651142 ], [ 126.792523361483191, 37.486771967835736 ], [ 126.792297766676654, 37.487124846578915 ], [ 126.792224403952119, 37.487256508337367 ], [ 126.792169037632831, 37.487393642788781 ], [ 126.791941889834106, 37.488079671215978 ], [ 126.791907583385651, 37.488208380203595 ], [ 126.791889140677981, 37.488339137002612 ], [ 126.791886736479626, 37.488470703112299 ], [ 126.791919614407931, 37.48923821864048 ], [ 126.791939661567184, 37.48940432486328 ], [ 126.792035438228453, 37.489884472838412 ], [ 126.792059667418911, 37.489982445742193 ], [ 126.792092905707278, 37.490078726412094 ], [ 126.792308445985938, 37.490623534904834 ], [ 126.792323260813404, 37.490659241495806 ], [ 126.793810811356494, 37.494083784950348 ], [ 126.793895167419748, 37.494464673121421 ], [ 126.793879473496148, 37.496131497658418 ], [ 126.793885349391402, 37.496254510539281 ], [ 126.793905244158665, 37.496376587654233 ], [ 126.794039962853233, 37.496984852547953 ], [ 126.794076761294704, 37.497113789747452 ], [ 126.794129192355228, 37.497239246172235 ], [ 126.79419675457558, 37.497360021751732 ], [ 126.794868965387536, 37.49841909764374 ], [ 126.794888836929601, 37.498449444840908 ], [ 126.795198060211249, 37.498907444694673 ], [ 126.795223079289357, 37.49905485525035 ], [ 126.795509488204303, 37.50373710503613 ], [ 126.793423104409598, 37.503384218532332 ], [ 126.793410815805402, 37.503382177756507 ], [ 126.787487888920467, 37.502416589189551 ], [ 126.783597289156134, 37.501652876020799 ], [ 126.783591668015163, 37.501651780599914 ], [ 126.782511998569376, 37.501442928023145 ], [ 126.782029883585935, 37.501348352860248 ], [ 126.781850121659161, 37.501321182218923 ], [ 126.78147755441303, 37.501281302305692 ], [ 126.781403608470498, 37.50127469831169 ], [ 126.780963049626081, 37.501243126458618 ], [ 126.780876593621528, 37.501238699537652 ], [ 126.780299743419121, 37.501220925024661 ], [ 126.780172552190749, 37.501220805938225 ], [ 126.780152336362832, 37.501221390988725 ], [ 126.743470251545602, 37.490924668567501 ], [ 126.743313863012247, 37.490887374337902 ], [ 126.738877968063434, 37.490012283520251 ], [ 126.740741045800931, 37.489908176552113 ], [ 126.740752661102718, 37.489907068902582 ], [ 126.740764352241058, 37.489906745400056 ], [ 126.753257082118552, 37.489069928868744 ], [ 126.753422115907455, 37.489052332068958 ], [ 126.753584190354246, 37.489021930040245 ], [ 126.753741744515622, 37.488979015585109 ], [ 126.753893260989926, 37.488924002013263 ], [ 126.754037280533154, 37.488857419160503 ], [ 126.754172416114471, 37.488779908285096 ], [ 126.754297366275907, 37.488692215891064 ], [ 126.754410927666996, 37.488595186537694 ], [ 126.754512006634343, 37.488489754704602 ], [ 126.754599629753812, 37.48837693579101 ], [ 126.754672953204306, 37.488257816335526 ], [ 126.754731270892862, 37.488133543551058 ], [ 126.754774021252615, 37.488005314275441 ], [ 126.754800792648624, 37.487874363444341 ], [ 126.754811327339198, 37.487741952197517 ], [ 126.754805523954957, 37.487609355732857 ], [ 126.754783438471861, 37.487477851025396 ], [ 126.754745283668797, 37.487348704529268 ], [ 126.754691427075144, 37.487223159981554 ], [ 126.754622387428313, 37.487102426424819 ], [ 126.754538829675326, 37.48698766656419 ], [ 126.75444155856691, 37.486879985570852 ], [ 126.754331510905502, 37.486780420439707 ], [ 126.754209746522292, 37.486689930003855 ], [ 126.754077438069999, 37.486609385701705 ], [ 126.753935859729793, 37.486539563185929 ], [ 126.753786374941001, 37.486481134854685 ], [ 126.753630423271957, 37.486434663377366 ], [ 126.753469506558147, 37.486400596276695 ], [ 126.753305174441081, 37.48637926161981 ], [ 126.753139009447423, 37.486370864859467 ], [ 126.752972611751446, 37.486375486855856 ], [ 126.740491975096631, 37.487211499035197 ], [ 126.731729361842724, 37.48770088939149 ], [ 126.726700495258257, 37.487929172660721 ], [ 126.726631744772845, 37.487933410468678 ], [ 126.724097262127117, 37.488130968228582 ], [ 126.721359665036388, 37.488298029727297 ], [ 126.721353319279359, 37.488298426443855 ], [ 126.719976163512996, 37.488386585133959 ], [ 126.71862760142821, 37.488401602649539 ], [ 126.717923029753919, 37.48824822506846 ], [ 126.717256780998255, 37.488031508359981 ], [ 126.716993024363703, 37.487912476109592 ], [ 126.715604753724392, 37.486989110604831 ], [ 126.715569304613339, 37.486966170126884 ], [ 126.712391238351273, 37.484965378403416 ], [ 126.708097896810102, 37.482017312973092 ], [ 126.706189530455504, 37.480412783042361 ], [ 126.705517342782542, 37.479780445943632 ], [ 126.705353391089432, 37.479588316964652 ], [ 126.705281483202384, 37.479467496375783 ], [ 126.705205439465615, 37.479283681637583 ], [ 126.705078475218059, 37.478712567973467 ], [ 126.704933682038288, 37.477507081679903 ], [ 126.704745289527864, 37.474373062045622 ], [ 126.704539236707049, 37.470509398692101 ], [ 126.704524015620166, 37.470377278037134 ], [ 126.704492620121357, 37.470246982692011 ], [ 126.704445352646999, 37.470119767460453 ], [ 126.704382668481742, 37.469996857477064 ], [ 126.704305171370962, 37.469879436409215 ], [ 126.704213607704148, 37.469768635058564 ], [ 126.70410885932462, 37.469665520471914 ], [ 126.704021874536409, 37.469595266568746 ], [ 126.703352738294882, 37.458569058019854 ], [ 126.703417996802656, 37.458523783102358 ], [ 126.703532229466589, 37.458427290783803 ], [ 126.703634047363622, 37.45832233733654 ], [ 126.70372246995224, 37.458209933552709 ], [ 126.70379664571098, 37.458091161973179 ], [ 126.703855860337683, 37.457967166460847 ], [ 126.703899543626719, 37.457839141183577 ], [ 126.703927274957792, 37.457708319112825 ], [ 126.703938787344029, 37.457575960148716 ], [ 126.703933970000051, 37.45744333898611 ], [ 126.703912869405642, 37.45731173283832 ], [ 126.703875688854779, 37.457182409136934 ], [ 126.703822786494612, 37.457056613325996 ], [ 126.703754671873369, 37.456935556868281 ], [ 126.703672001030242, 37.456820405578995 ], [ 126.70357557017546, 37.456712268399258 ], [ 126.70346630802031, 37.456612186717479 ], [ 126.70334526683223, 37.456521124341563 ], [ 126.703213612300274, 37.45643995821802 ], [ 126.70311746777233, 37.456391894009087 ], [ 126.701396681237924, 37.445040626465975 ], [ 126.701395378567909, 37.445032251614997 ], [ 126.700665697597742, 37.440457802221822 ], [ 126.700650909496773, 37.440382235016919 ], [ 126.699336508025695, 37.434721351241535 ], [ 126.699299562625171, 37.43459593799237 ], [ 126.699247815896655, 37.434473898169422 ], [ 126.699181737750351, 37.434356339844435 ], [ 126.699101928211945, 37.434244330393874 ], [ 126.699009111972629, 37.434138886808221 ], [ 126.698904131807609, 37.434040966458923 ], [ 126.69605191990189, 37.431623786876486 ], [ 126.695940482652844, 37.43153761174505 ], [ 126.695819628899386, 37.431459925764599 ], [ 126.695690371773878, 37.4313913801684 ], [ 126.695553794843931, 37.431332549565042 ], [ 126.691746579284853, 37.429867888619 ], [ 126.691578211055358, 37.429811806276277 ], [ 126.683906367533325, 37.427634762468088 ], [ 126.67643273476871, 37.424424292812432 ], [ 126.671516874840563, 37.420758538691061 ], [ 126.664521160231047, 37.41178273030097 ], [ 126.664509565681186, 37.411769362697896 ], [ 126.664499244390171, 37.411755346718337 ], [ 126.664483764834927, 37.411738385976371 ], [ 126.66446974704283, 37.411720634874342 ], [ 126.641537724774935, 37.38560457421169 ], [ 126.641534088940361, 37.385600836486915 ], [ 126.641530894733492, 37.385596850116372 ], [ 126.641499361086801, 37.38556489654345 ], [ 126.641469372006554, 37.385532009838265 ], [ 126.641451893707085, 37.385516337696288 ], [ 126.641435772804897, 37.385499764970035 ], [ 126.641431695359145, 37.385496329607982 ], [ 126.641428026871594, 37.385492612256961 ], [ 126.641392720093066, 37.385463278847197 ], [ 126.641358835822501, 37.38543289599513 ] ], [ [ 127.006987321859953, 37.587303727952637 ], [ 127.00694678546472, 37.587288263347595 ], [ 127.006907255789216, 37.587271389356346 ], [ 127.005139003547981, 37.586603291478909 ], [ 127.00431418648175, 37.586285145308139 ], [ 127.003959226388517, 37.586135557357501 ], [ 127.003790085916208, 37.586036600749154 ], [ 127.003584526087721, 37.58590144402411 ], [ 127.003323053680361, 37.58568908351107 ], [ 127.00317593205888, 37.585518569157308 ], [ 127.003119474581922, 37.585407109650859 ], [ 127.003085713251266, 37.585313283892262 ], [ 127.003085683810326, 37.585304554272497 ], [ 127.003166658742401, 37.584863861753426 ], [ 127.003170049879898, 37.584844421310969 ], [ 127.003396610529308, 37.583472544298786 ], [ 127.003600893064103, 37.582307712809964 ], [ 127.003602400269145, 37.582294359143546 ], [ 127.003605216281116, 37.582281140340491 ], [ 127.00379079660695, 37.581044336012248 ], [ 127.00380247874206, 37.580909520428392 ], [ 127.003866222534924, 37.578219322307554 ], [ 127.003882825367725, 37.577481355551569 ], [ 127.003888651489618, 37.577411960549604 ], [ 127.004035192650264, 37.577403488282926 ], [ 127.00418377061618, 37.577389642017557 ], [ 127.004330241859464, 37.577365446020387 ], [ 127.004597717578122, 37.577311383533271 ], [ 127.004817834851636, 37.577253922327785 ], [ 127.005105282248493, 37.577161169372715 ], [ 127.005305927031159, 37.577083863765829 ], [ 127.005594581713325, 37.576953388646452 ], [ 127.005737174914984, 37.576881243036851 ], [ 127.005870057168906, 37.576798179789314 ], [ 127.006112147301977, 37.576630706933045 ], [ 127.006217396138311, 37.576551375590753 ], [ 127.006313763648365, 37.576465191412836 ], [ 127.006683654353424, 37.57610450436529 ], [ 127.006729115503546, 37.576058151743055 ], [ 127.008304822179213, 37.574377382975946 ], [ 127.009732924756449, 37.572882897331077 ], [ 127.010367888359909, 37.572984074010641 ], [ 127.011373586990118, 37.573214655370002 ], [ 127.012947469567081, 37.57368139931998 ], [ 127.012969985754651, 37.573687932832662 ], [ 127.013953260807085, 37.573967005372843 ], [ 127.014002338146128, 37.574799648566753 ], [ 127.014013295414017, 37.575135568833907 ], [ 127.013999815231912, 37.575308450602684 ], [ 127.0138857815558, 37.576046938380856 ], [ 127.013884136514164, 37.57605796549143 ], [ 127.013792235498997, 37.576696376209718 ], [ 127.013782468700839, 37.576797919006445 ], [ 127.013729535678479, 37.577885071506643 ], [ 127.013596826643877, 37.579385367530229 ], [ 127.013596326563786, 37.579404141207988 ], [ 127.013594168113542, 37.57942284036384 ], [ 127.01354207587552, 37.580397216670441 ], [ 127.01354090558948, 37.580482729755687 ], [ 127.013561867115186, 37.581286936487196 ], [ 127.013575847877888, 37.58143423081529 ], [ 127.013609936159995, 37.581579432200947 ], [ 127.013836702897848, 37.58231893393188 ], [ 127.01387181076629, 37.582417155290706 ], [ 127.013916133968351, 37.582512987633578 ], [ 127.014285715109764, 37.583227573515913 ], [ 127.014368828486468, 37.583365528810468 ], [ 127.014743990610796, 37.583907279758932 ], [ 127.014851640685137, 37.584042993863804 ], [ 127.015385316011802, 37.584634794085133 ], [ 127.015518429911253, 37.584764598945853 ], [ 127.015983500115922, 37.585164691917818 ], [ 127.016069545433922, 37.585233576948205 ], [ 127.016309608563773, 37.585412428775356 ], [ 127.016386479823012, 37.585466331393846 ], [ 127.016753836952859, 37.585708662465187 ], [ 127.016879516992887, 37.585784034081051 ], [ 127.01716424890094, 37.585938873868557 ], [ 127.016807235536973, 37.58655473776399 ], [ 127.016752555916469, 37.586660633366321 ], [ 127.016709330478946, 37.586769830666618 ], [ 127.016523989194411, 37.587318041131937 ], [ 127.016487539267942, 37.58745296399173 ], [ 127.016468563273293, 37.587590140875875 ], [ 127.016420216778215, 37.588246137321889 ], [ 127.016320350444985, 37.588776568699053 ], [ 127.016041905598499, 37.589161563581804 ], [ 127.015699048694216, 37.589502720054256 ], [ 127.015590760205654, 37.589623506148257 ], [ 127.015499756218404, 37.5897530072941 ], [ 127.015427132821003, 37.589889663857932 ], [ 127.015373764752653, 37.590031830021822 ], [ 127.015214897293632, 37.590558950667905 ], [ 127.015191461048985, 37.590650575260042 ], [ 127.015114577779286, 37.591015261367943 ], [ 127.014772283438873, 37.590960557522685 ], [ 127.014623718912915, 37.590910697139449 ], [ 127.014220025065114, 37.590742431473053 ], [ 127.010682411638115, 37.588924456853093 ], [ 127.010579284837107, 37.588875478174607 ], [ 127.006997243497281, 37.587308037542066 ], [ 127.00699217933159, 37.587306072491167 ], [ 127.006987321859953, 37.587303727952637 ] ], [ [ 127.002845857718981, 37.568224368014114 ], [ 127.003022018377067, 37.56821931997402 ], [ 127.003196573018428, 37.568199766205602 ], [ 127.00368391483704, 37.56812446534321 ], [ 127.004551371468651, 37.567990426266206 ], [ 127.004613208423407, 37.567979916659745 ], [ 127.00650651061143, 37.567628667514882 ], [ 127.006542331223599, 37.567621694497397 ], [ 127.007325893491895, 37.567461964227554 ], [ 127.007772709290492, 37.568530142989893 ], [ 127.00795288153094, 37.568962402700294 ], [ 127.008005192113757, 37.569110178761477 ], [ 127.008019852089362, 37.569192658263418 ], [ 127.002839440427891, 37.568224286637559 ], [ 127.002845857718981, 37.568224368014114 ] ], [ [ 127.006429307522225, 37.562691850561869 ], [ 127.004757747959331, 37.562293535788591 ], [ 127.004750199607173, 37.562291752200153 ], [ 127.002216995660405, 37.561698236219016 ], [ 127.002207085736543, 37.561695940276195 ], [ 126.999317716110568, 37.561034060604008 ], [ 126.999933948019773, 37.560924907971653 ], [ 127.001536491942403, 37.560646877391292 ], [ 127.002469047944146, 37.56052781672863 ], [ 127.002506914988516, 37.560522631606403 ], [ 127.003593836425722, 37.560363696648928 ], [ 127.005742187397558, 37.560440989087951 ], [ 127.005775991284651, 37.560440883178273 ], [ 127.005809913964171, 37.560442352213876 ], [ 127.005811994219016, 37.560442279584862 ], [ 127.005813971163789, 37.560442361426773 ], [ 127.005861387714276, 37.560440615582834 ], [ 127.005908854586124, 37.5604404668155 ], [ 127.005942482822348, 37.560437723694641 ], [ 127.005976422375127, 37.560436538702461 ], [ 127.005978483554316, 37.56043630411466 ], [ 127.005980461653849, 37.560436231280029 ], [ 127.006027434904496, 37.56043079394388 ], [ 127.006074654877949, 37.560426942067231 ], [ 127.006107784378585, 37.560421587999009 ], [ 127.006141413138479, 37.560417760584528 ], [ 127.006143434914463, 37.560417366408736 ], [ 127.006145395594956, 37.56041713944991 ], [ 127.006784003442988, 37.560317529019287 ], [ 127.006928790949175, 37.560289644916239 ], [ 127.007069952058941, 37.560251767965866 ], [ 127.007206400736564, 37.560204189578982 ], [ 127.007337087207347, 37.560147275805086 ], [ 127.008031344265802, 37.559812625856054 ], [ 127.008129824723369, 37.559761361740691 ], [ 127.008677891473425, 37.559453971635229 ], [ 127.008814123108266, 37.559368974489203 ], [ 127.009273902355972, 37.559050704606705 ], [ 127.009348409919312, 37.55899593396974 ], [ 127.009655406897309, 37.558756350055162 ], [ 127.009761040225428, 37.558666024486264 ], [ 127.009855887176599, 37.558568407074105 ], [ 127.010355075030446, 37.558003084063678 ], [ 127.010455454407705, 37.557874698259347 ], [ 127.01047777915386, 37.557837416159444 ], [ 127.010773646712323, 37.558364877591416 ], [ 127.010784018527701, 37.558383007949736 ], [ 127.011470679041039, 37.559560224991145 ], [ 127.011106112069072, 37.559683327041249 ], [ 127.010516094959087, 37.559864858782994 ], [ 127.010337579384114, 37.559929443230075 ], [ 127.010169604583155, 37.560009977410886 ], [ 127.009723173406201, 37.560253028073348 ], [ 127.009604424917569, 37.560323934138879 ], [ 127.009493907338609, 37.560402823749669 ], [ 127.008328216632947, 37.561311117983117 ], [ 127.006525058318786, 37.562683226979544 ], [ 127.006500316508109, 37.562703525527176 ], [ 127.006429307522225, 37.562691850561869 ] ], [ [ 127.00355397088579, 37.557655491643345 ], [ 127.003361467327267, 37.557657259325403 ], [ 127.003170451858068, 37.557676359864104 ], [ 127.001912197179294, 37.557860349389301 ], [ 127.00095203673196, 37.55798293426205 ], [ 127.000859310476358, 37.557996886197031 ], [ 126.999207076675546, 37.558283538049601 ], [ 126.999199831344455, 37.558284808214744 ], [ 126.996664874191666, 37.558733800495716 ], [ 126.996533886480194, 37.558761407880262 ], [ 126.996406080234991, 37.558797240451106 ], [ 126.995324890422282, 37.55913953921609 ], [ 126.995129927403397, 37.559212996876063 ], [ 126.994068917464318, 37.559680580575467 ], [ 126.993921639916096, 37.559753545090473 ], [ 126.993825457746752, 37.559812830396815 ], [ 126.993061745750893, 37.559731402683596 ], [ 126.992819090801945, 37.559719505562185 ], [ 126.991762691524329, 37.559728014945406 ], [ 126.991714067829676, 37.559728960856084 ], [ 126.99094294731691, 37.559752758788896 ], [ 126.990828582484269, 37.559759371704985 ], [ 126.989804824789971, 37.559846305058144 ], [ 126.989274923340361, 37.559863739189616 ], [ 126.988902402991798, 37.559828710294511 ], [ 126.987087170843338, 37.559657143524419 ], [ 126.985952601991784, 37.559543750099358 ], [ 126.98593831574415, 37.559542886248003 ], [ 126.985924164845486, 37.559541101462607 ], [ 126.984526546383393, 37.559420416384768 ], [ 126.983376788830896, 37.559321845612494 ], [ 126.982938136268459, 37.559254299947604 ], [ 126.982926587430512, 37.559251397699981 ], [ 126.982921215285671, 37.559249030466916 ], [ 126.98245756004475, 37.558946330774361 ], [ 126.982340527049445, 37.558876414121393 ], [ 126.982216368854395, 37.55881477648181 ], [ 126.982086007065703, 37.558761875373492 ], [ 126.981721022725011, 37.558629207256736 ], [ 126.981671940397987, 37.558612105809075 ], [ 126.979985825208814, 37.558049665543457 ], [ 126.979884340014209, 37.557994670840891 ], [ 126.979751388516434, 37.557877970427668 ], [ 126.979532625013135, 37.557658697331483 ], [ 126.979490496979977, 37.557618118916295 ], [ 126.97917124705441, 37.557322523682998 ], [ 126.979013708173355, 37.557194828617881 ], [ 126.978637832456016, 37.556928026800996 ], [ 126.978504344222202, 37.556842494670839 ], [ 126.978360709181473, 37.55676810672562 ], [ 126.977708023519014, 37.556466246727901 ], [ 126.977603271007283, 37.556421625357203 ], [ 126.977181799536908, 37.556256918246888 ], [ 126.977156190020622, 37.556247121006876 ], [ 126.974982358926553, 37.555433215108039 ], [ 126.974529669001114, 37.555257354847271 ], [ 126.974426479401785, 37.553526149222684 ], [ 126.97440416998316, 37.553362715963317 ], [ 126.97425381730919, 37.552661535265479 ], [ 126.974252207038035, 37.552655752629981 ], [ 126.974251252038556, 37.552649879926349 ], [ 126.974250658102278, 37.552647832041096 ], [ 126.974250310782935, 37.552645747095312 ], [ 126.974054673293239, 37.551794350842357 ], [ 126.97405258543624, 37.551785433666531 ], [ 126.973795245177698, 37.550706429656174 ], [ 126.9735749080006, 37.549182896632523 ], [ 126.973533400496194, 37.5476442472199 ], [ 126.973689789451754, 37.545303287469331 ], [ 126.973964197504344, 37.544364844447863 ], [ 126.973970355936572, 37.544342962965437 ], [ 126.974770404502706, 37.54138546501224 ], [ 126.974781936695194, 37.541338871814347 ], [ 126.975171529960079, 37.539604766361371 ], [ 126.975246488378133, 37.539310973555864 ], [ 126.976213113564228, 37.53826734263739 ], [ 126.97812038014591, 37.537074353948185 ], [ 126.97974104722789, 37.536456857491629 ], [ 126.982059206271146, 37.536321914249122 ], [ 126.997896304349538, 37.536540912807368 ], [ 126.997934197862037, 37.536572776195371 ], [ 126.998914109384714, 37.537429849841693 ], [ 126.999481540039383, 37.538014047884758 ], [ 126.999757772333254, 37.538395492560099 ], [ 126.99991403962359, 37.538611665733434 ], [ 126.99999202521002, 37.538801775402 ], [ 127.000030478449958, 37.538952320379948 ], [ 127.00006518412853, 37.539720752110298 ], [ 127.000066217137459, 37.539730402030727 ], [ 127.000066231436008, 37.539740086939851 ], [ 127.000158004599854, 37.541192751376734 ], [ 127.000161998333581, 37.541239680956373 ], [ 127.000415749462675, 37.543609431279997 ], [ 127.000419922342431, 37.543643345295159 ], [ 127.000629873982206, 37.54515329403354 ], [ 127.00066197254867, 37.545304800587267 ], [ 127.000880112952544, 37.546067284867348 ], [ 127.00088321298378, 37.546077922006013 ], [ 127.001109245143894, 37.546839517080151 ], [ 127.001163590703129, 37.546985395467814 ], [ 127.001238179487089, 37.547125487800123 ], [ 127.001332066830003, 37.547258019601749 ], [ 127.001577722822418, 37.547563261638132 ], [ 127.001686953372271, 37.547683836059647 ], [ 127.001812150731013, 37.54779413260561 ], [ 127.002196538936289, 37.548097437269185 ], [ 127.002375194097866, 37.548220043635453 ], [ 127.002683739337712, 37.54840366764423 ], [ 127.002767052445407, 37.548450217265184 ], [ 127.003173953096223, 37.548663365391441 ], [ 127.003298881209517, 37.548722859710288 ], [ 127.003429750302629, 37.548773616211214 ], [ 127.003565598592587, 37.548815261870139 ], [ 127.003951337738158, 37.548918629210341 ], [ 127.0041239951086, 37.548956949178432 ], [ 127.004300763894776, 37.5489805653297 ], [ 127.004758510421979, 37.549022088758569 ], [ 127.004855626112388, 37.549028656713006 ], [ 127.005488921806176, 37.549056939255031 ], [ 127.005496020380548, 37.54905724438678 ], [ 127.005739466399419, 37.54906730177651 ], [ 127.005897388047941, 37.550602361506613 ], [ 127.005916163756353, 37.550720561269671 ], [ 127.005947936499254, 37.550836986057824 ], [ 127.006113341789643, 37.551335980034686 ], [ 127.00616116284175, 37.551456939611235 ], [ 127.006223007959619, 37.551573799964089 ], [ 127.006760591029632, 37.552469666965905 ], [ 127.00678598147212, 37.552510217603505 ], [ 127.007352515759848, 37.553378266032929 ], [ 127.007440904070222, 37.553498186907923 ], [ 127.007544295562909, 37.553610246144814 ], [ 127.007661596753152, 37.553713258517078 ], [ 127.007791567021002, 37.553806134480233 ], [ 127.008432305655802, 37.554218666612051 ], [ 127.008435143159673, 37.554221967173461 ], [ 127.00865161715943, 37.554581623900482 ], [ 127.008728661107796, 37.554718988783144 ], [ 127.008433144565544, 37.555096573449255 ], [ 127.008429410598112, 37.555101366596197 ], [ 127.007891129827698, 37.55579555718279 ], [ 127.007822860067947, 37.555892263609927 ], [ 127.007764778471497, 37.555993100236527 ], [ 127.007466635805386, 37.55657231566083 ], [ 127.007166630190483, 37.556912053475074 ], [ 127.007006908848595, 37.557036698674594 ], [ 127.006650805277062, 37.557283197071193 ], [ 127.006221709034222, 37.55752385768924 ], [ 127.005835397168084, 37.55771006872056 ], [ 127.005692104396843, 37.557732419566364 ], [ 127.00355397088579, 37.557655491643345 ] ], [ [ 127.010761152740812, 37.552240503989502 ], [ 127.010202831748984, 37.551881044714307 ], [ 127.009812837244667, 37.551283526850753 ], [ 127.009356386548447, 37.550522917742761 ], [ 127.009270045235425, 37.550262478138578 ], [ 127.009095612109903, 37.548567657344122 ], [ 127.009073229264004, 37.548433326224071 ], [ 127.009025484353899, 37.54822680179403 ], [ 127.008980171785936, 37.548078429916373 ], [ 127.008914135732766, 37.547935072393315 ], [ 127.008783279668293, 37.547694056786703 ], [ 127.008674043779124, 37.547526178112037 ], [ 127.00854764197976, 37.547361281355798 ], [ 127.008444507528182, 37.547241678658992 ], [ 127.008325871372293, 37.547131563391638 ], [ 127.008138713669837, 37.546975621562261 ], [ 127.008127954617578, 37.546967495574933 ], [ 127.008118029888863, 37.546958684638277 ], [ 127.008081262503964, 37.546931871295861 ], [ 127.008045907070979, 37.546903965171133 ], [ 127.00803139092173, 37.54689456380811 ], [ 127.008017815134579, 37.546884310391 ], [ 127.008006109411753, 37.546877064322224 ], [ 127.007995146228538, 37.546869069179508 ], [ 127.00795525151166, 37.546845252161859 ], [ 127.00791663445365, 37.546820241802365 ], [ 127.007901030889428, 37.546812018570407 ], [ 127.007886258268627, 37.54680287399983 ], [ 127.007873718732384, 37.546796577265958 ], [ 127.007861822545891, 37.546789475257924 ], [ 127.007819184505138, 37.546768884656963 ], [ 127.007777677916351, 37.54674701020339 ], [ 127.007605484113455, 37.546665643056649 ], [ 127.007475897873491, 37.546610304231621 ], [ 127.00734078455389, 37.546564099524197 ], [ 127.007143477429366, 37.546504543313453 ], [ 127.006961842436553, 37.546458816327572 ], [ 127.006774917846514, 37.546429575906011 ], [ 127.006454780860565, 37.546394207628587 ], [ 127.006309378104191, 37.546383193030692 ], [ 127.005675551647073, 37.546357009233127 ], [ 127.00509450197903, 37.546331060214477 ], [ 127.004864039034757, 37.546310154486214 ], [ 127.004857051229962, 37.546308281958993 ], [ 127.004676170887294, 37.546213531861497 ], [ 127.004503095823409, 37.546110531756867 ], [ 127.004345606792654, 37.545986267011088 ], [ 127.004189791735769, 37.545461338765321 ], [ 127.003994609748361, 37.544779209209629 ], [ 127.003797584217551, 37.543362682227269 ], [ 127.003548056015106, 37.541033353283929 ], [ 127.003458313382723, 37.539613847814927 ], [ 127.003418968121451, 37.538743561663821 ], [ 127.003408192425752, 37.53863257896684 ], [ 127.003385988179176, 37.538522678288594 ], [ 127.003300095711495, 37.538186466788829 ], [ 127.003250232360557, 37.538036134366216 ], [ 127.003087216279582, 37.537638782784462 ], [ 127.003024251272464, 37.53750850930593 ], [ 127.00294475406578, 37.537384099955254 ], [ 127.002700344266046, 37.537046013446336 ], [ 127.002379158909733, 37.536602516749269 ], [ 127.012620541368406, 37.536742616315721 ], [ 127.012768270804273, 37.536739508365358 ], [ 127.012915101189279, 37.536726182079157 ], [ 127.013456708094097, 37.53665789719463 ], [ 127.01408464035049, 37.537671454292472 ], [ 127.014106731525715, 37.53770586319321 ], [ 127.015446235613965, 37.539720618288676 ], [ 127.015514304095518, 37.539813810760052 ], [ 127.015591481114811, 37.539902388274768 ], [ 127.016104830592141, 37.540444097770305 ], [ 127.016191112524254, 37.540525325965319 ], [ 127.015867102166595, 37.540987554229289 ], [ 127.015862163256045, 37.540995491765422 ], [ 127.015856409613477, 37.541003047036121 ], [ 127.015844115804697, 37.541023471966035 ], [ 127.015830189638166, 37.541043221394666 ], [ 127.015823342354992, 37.541055648793431 ], [ 127.015815284492049, 37.541067633522061 ], [ 127.01580501830955, 37.541087331733728 ], [ 127.015793127540462, 37.541106441840206 ], [ 127.015789189935447, 37.541114725633186 ], [ 127.015784393366744, 37.541122694625457 ], [ 127.015774672911448, 37.541143980714395 ], [ 127.015763244807346, 37.54116472195728 ], [ 127.015757959741819, 37.541177625095031 ], [ 127.015751416539089, 37.541190179809298 ], [ 127.015590873533569, 37.541546703516005 ], [ 127.01556488967087, 37.541609147957473 ], [ 127.015396180516575, 37.542050252976672 ], [ 127.015358678191205, 37.542166629059295 ], [ 127.01518384451866, 37.542830406764665 ], [ 127.015151935420576, 37.543012369994841 ], [ 127.015010110941873, 37.54460614896476 ], [ 127.014840777975166, 37.546409030325776 ], [ 127.014246975343667, 37.547729315136571 ], [ 127.013393064714847, 37.549156485012084 ], [ 127.012434088593892, 37.55029520866492 ], [ 127.010767191520401, 37.55224479296438 ], [ 127.010761152740812, 37.552240503989502 ] ], [ [ 127.017351668828937, 37.548827608258165 ], [ 127.017366031936945, 37.54880001774729 ], [ 127.017382255116402, 37.548773066338192 ], [ 127.017397195124886, 37.54874035206479 ], [ 127.017414026409057, 37.548708249479986 ], [ 127.017414654542236, 37.548706617007355 ], [ 127.017415475624716, 37.548705039761188 ], [ 127.018115597125288, 37.547148211738495 ], [ 127.018160463722921, 37.547032302450624 ], [ 127.018192103118665, 37.546913658036551 ], [ 127.018210260739721, 37.5467932333543 ], [ 127.018396901968146, 37.544805119813027 ], [ 127.018397383538698, 37.544799851516181 ], [ 127.018531201874339, 37.543295280564941 ], [ 127.018666776612861, 37.542780467486573 ], [ 127.018801432950923, 37.54242835665535 ], [ 127.018857126041794, 37.542304665616214 ], [ 127.018857707325282, 37.542304067818094 ], [ 127.019231219063428, 37.542569197994467 ], [ 127.019267645258054, 37.542594324684508 ], [ 127.019869269654649, 37.542997562335238 ], [ 127.02017845546915, 37.543214612661394 ], [ 127.020941037710003, 37.543833201352179 ], [ 127.020970475648085, 37.543856503688033 ], [ 127.021995578165473, 37.544648335432946 ], [ 127.022030762236668, 37.544674748767591 ], [ 127.022269668147828, 37.544849049894033 ], [ 127.022361697179022, 37.544911540145833 ], [ 127.02275208088362, 37.545158050124968 ], [ 127.022777548727589, 37.545173820359679 ], [ 127.023059641239414, 37.545345097850543 ], [ 127.023132764881396, 37.545387098925687 ], [ 127.023350832230122, 37.545505473345081 ], [ 127.023477953126175, 37.545568135587139 ], [ 127.023611504141414, 37.545621651270515 ], [ 127.024135281073384, 37.545809000455151 ], [ 127.024143430160848, 37.545811894802519 ], [ 127.025659762162263, 37.546346644458993 ], [ 127.029311063970098, 37.547668363054221 ], [ 127.030329985692134, 37.548146787574623 ], [ 127.031473259758172, 37.548844433555708 ], [ 127.032080702929292, 37.549296491975824 ], [ 127.033171430271011, 37.550836693043692 ], [ 127.033203414928479, 37.550877086556973 ], [ 127.033234020875682, 37.550918202981315 ], [ 127.033238760161751, 37.550923343811277 ], [ 127.033242898830181, 37.550928786271584 ], [ 127.03367333965673, 37.551436768110449 ], [ 127.033761169964876, 37.551531279390005 ], [ 127.034573565366983, 37.552330309876396 ], [ 127.034674452181179, 37.552420917753125 ], [ 127.034785116798133, 37.552503975900336 ], [ 127.034904671603783, 37.552578818105403 ], [ 127.035733304609721, 37.553051317059115 ], [ 127.036929779491871, 37.553922972728131 ], [ 127.037225152370709, 37.554184975803118 ], [ 127.037380752472885, 37.554372973214356 ], [ 127.03753028151435, 37.554570906384683 ], [ 127.037578945792305, 37.554677444091077 ], [ 127.037678407250368, 37.554927456667237 ], [ 127.037738339325102, 37.5552212181708 ], [ 127.037760808763238, 37.555466924791354 ], [ 127.037745976779647, 37.555742825312649 ], [ 127.037700193260193, 37.556126976322588 ], [ 127.037395728413912, 37.557797703977073 ], [ 127.037394567854562, 37.557804182619577 ], [ 127.037026102422601, 37.55989725402771 ], [ 127.036874167262255, 37.559892934569831 ], [ 127.03663035151709, 37.559875713250484 ], [ 127.036597590054157, 37.559855139278525 ], [ 127.036593557231299, 37.559852614549719 ], [ 127.035773876925305, 37.559341044635474 ], [ 127.034355314440432, 37.558375296843238 ], [ 127.033114460293845, 37.55751158485937 ], [ 127.033028314568412, 37.557455477778092 ], [ 127.032501165639985, 37.557134509054968 ], [ 127.032432487333608, 37.55709481735996 ], [ 127.032076679099063, 37.556899799884526 ], [ 127.031937717138888, 37.556831240203039 ], [ 127.031791118722012, 37.55677363525416 ], [ 127.030982593432213, 37.556493603395232 ], [ 127.030384033048819, 37.556199663588458 ], [ 127.030378407520431, 37.556197195791555 ], [ 127.030373085588835, 37.556194332835766 ], [ 127.027477849378585, 37.554796404760872 ], [ 127.027347845103122, 37.554739657138299 ], [ 127.027212119379044, 37.554692153042829 ], [ 127.026398442707716, 37.554440499871355 ], [ 127.024773112969058, 37.553925260580321 ], [ 127.024763016692887, 37.553922089629303 ], [ 127.023126026281943, 37.553412749760476 ], [ 127.022730762914577, 37.553280560000353 ], [ 127.022593245640579, 37.553240035924311 ], [ 127.022451850121385, 37.553209107609128 ], [ 127.022123130793929, 37.55314922455824 ], [ 127.021905930256381, 37.553121296690243 ], [ 127.021442575214977, 37.553086033625355 ], [ 127.021298558185194, 37.5530799707197 ], [ 127.021154414348388, 37.553083658083544 ], [ 127.020329647886911, 37.553132727611647 ], [ 127.020314054107118, 37.553134270880243 ], [ 127.020298365026989, 37.55313482063621 ], [ 127.020253048495107, 37.553139984362367 ], [ 127.020207472648735, 37.553143548107961 ], [ 127.020185996622573, 37.553146944256603 ], [ 127.020164268276346, 37.553149094616579 ], [ 127.020148939824182, 37.553151847263905 ], [ 127.020133393677128, 37.553153618697117 ], [ 127.020088930564398, 37.553162293913417 ], [ 127.020044013427977, 37.553169396909126 ], [ 127.019743256860977, 37.553229304530419 ], [ 127.01951217149481, 37.553289624224028 ], [ 127.019145057110265, 37.553409247021222 ], [ 127.019012616347609, 37.553457786113448 ], [ 127.018885893131923, 37.553515190613929 ], [ 127.018423891352541, 37.553745916339274 ], [ 127.018275618328872, 37.553829065459361 ], [ 127.018139328560082, 37.553924329221438 ], [ 127.017650761924145, 37.554304470909578 ], [ 127.017503650091797, 37.554434812099686 ], [ 127.017002582746912, 37.554941260256214 ], [ 127.016908107523491, 37.555046785458785 ], [ 127.016826755867882, 37.555159026710164 ], [ 127.015814740402192, 37.556724058701569 ], [ 127.01581230638196, 37.556727837272717 ], [ 127.015411395552718, 37.557352619450548 ], [ 127.014925579107683, 37.557925247519073 ], [ 127.014920645463604, 37.557931095500514 ], [ 127.014551069178452, 37.558371636351104 ], [ 127.01453364588501, 37.558390989476159 ], [ 127.01386993286971, 37.557253193968911 ], [ 127.012571946560627, 37.554939303624003 ], [ 127.015245010617718, 37.551812843350184 ], [ 127.015251666176454, 37.551804999600577 ], [ 127.016283117739547, 37.550580160307369 ], [ 127.016405736442877, 37.550408694020334 ], [ 127.017349831446936, 37.548830689422417 ], [ 127.017350657527132, 37.548829113831012 ], [ 127.017351668828937, 37.548827608258165 ] ], [ [ 127.034910523591805, 37.547786955649862 ], [ 127.034817995318605, 37.547670584198457 ], [ 127.034711077543889, 37.547562311745672 ], [ 127.034590879854946, 37.547463261876821 ], [ 127.033731622605416, 37.546823819863619 ], [ 127.033605026447376, 37.546738441238816 ], [ 127.032314134695042, 37.545950729532528 ], [ 127.032143747136232, 37.545859232018444 ], [ 127.03095846414729, 37.545302700458144 ], [ 127.030798637610388, 37.545236489928534 ], [ 127.027057748678246, 37.543882353400704 ], [ 127.027042596596274, 37.543876939312099 ], [ 127.025522791014168, 37.543340968425298 ], [ 127.025139872487955, 37.543204003985046 ], [ 127.025082961584374, 37.543173111192672 ], [ 127.024849561090249, 37.543031400265868 ], [ 127.024519233599577, 37.542822816971523 ], [ 127.024342772604953, 37.54269407728767 ], [ 127.023349924845888, 37.541927179228942 ], [ 127.022558975652686, 37.54128559626762 ], [ 127.022470126055339, 37.541218540579891 ], [ 127.022100416530165, 37.540959007863918 ], [ 127.022070962351862, 37.540938803621771 ], [ 127.021472907130388, 37.540537966309465 ], [ 127.020836752223374, 37.540086411546632 ], [ 127.02077451696745, 37.540044329380557 ], [ 127.020528295675703, 37.539885792138385 ], [ 127.021795426193137, 37.538077846800945 ], [ 127.021801556647176, 37.538069022426377 ], [ 127.02390492560717, 37.535014380027782 ], [ 127.033337196642961, 37.533092106880432 ], [ 127.033446056634503, 37.533066803095501 ], [ 127.040136724552553, 37.53131624338949 ], [ 127.040357915435109, 37.532146843766547 ], [ 127.040707578340843, 37.533491353844134 ], [ 127.040708319597158, 37.53349418875171 ], [ 127.041063342534784, 37.534844688051678 ], [ 127.041355944112439, 37.535991938458231 ], [ 127.04135958984152, 37.536005857029835 ], [ 127.041597939373204, 37.536892462400743 ], [ 127.041728034694842, 37.537404235930723 ], [ 127.04173181352634, 37.537418694581042 ], [ 127.04193364240065, 37.538170325861905 ], [ 127.041947829313528, 37.538233734729815 ], [ 127.041960807659677, 37.538315172206538 ], [ 127.041966670181239, 37.538348610249962 ], [ 127.041975457697021, 37.538394536499446 ], [ 127.042037180730844, 37.539050437565244 ], [ 127.04209276644734, 37.539739754564323 ], [ 127.042093394410983, 37.539747218868833 ], [ 127.042132113853697, 37.540189120573871 ], [ 127.042148258428298, 37.54041683123171 ], [ 127.042155574309788, 37.54048725534269 ], [ 127.042176275634873, 37.540638348949763 ], [ 127.042179713487798, 37.54066157575955 ], [ 127.042205899554432, 37.540826229537629 ], [ 127.042206438288659, 37.540829583352775 ], [ 127.04222217300601, 37.540926573701348 ], [ 127.042235227062491, 37.540993715325676 ], [ 127.042270043183521, 37.541147175842688 ], [ 127.042284262636045, 37.541203082703653 ], [ 127.042463690973392, 37.541839245346004 ], [ 127.042556478281654, 37.542211059072905 ], [ 127.042566774103889, 37.542249399127172 ], [ 127.042786249144328, 37.543012403632794 ], [ 127.043020539077034, 37.543882487744163 ], [ 127.043068319253777, 37.544064483417884 ], [ 127.042394127804371, 37.545477471487629 ], [ 127.04233787641509, 37.545618020743305 ], [ 127.040314054085641, 37.551826761799141 ], [ 127.040267591775432, 37.551855787964875 ], [ 127.040121698194227, 37.551958204001686 ], [ 127.039991471030604, 37.552073230459925 ], [ 127.039716162791251, 37.552346357013143 ], [ 127.03940157152428, 37.552067314710357 ], [ 127.039284174192133, 37.551972949420907 ], [ 127.037951108940163, 37.551001806539524 ], [ 127.037793496905621, 37.550900065288666 ], [ 127.037068896811917, 37.550486895418146 ], [ 127.036447444311563, 37.549875686807717 ], [ 127.036096378392344, 37.549461397141435 ], [ 127.034910523591805, 37.547786955649862 ] ], [ [ 127.048530512878102, 37.529119421664078 ], [ 127.048703143537637, 37.529065753762914 ], [ 127.050810490751502, 37.528302563385537 ], [ 127.049122941500499, 37.531377030517589 ], [ 127.04909143495037, 37.531438497792138 ], [ 127.045442900653626, 37.539087310201189 ], [ 127.045425360441101, 37.538869915227203 ], [ 127.045424102233184, 37.538855521612938 ], [ 127.045356820667479, 37.538140895905194 ], [ 127.045342191748844, 37.5380382770323 ], [ 127.045326819142872, 37.537957953994812 ], [ 127.045311151638913, 37.537859670097745 ], [ 127.045298335539243, 37.537792735999417 ], [ 127.045271570053885, 37.53767313070307 ], [ 127.045260357313438, 37.537627568896305 ], [ 127.045054338182695, 37.53686045982802 ], [ 127.044924179645179, 37.536348527130841 ], [ 127.044920313041388, 37.536333744050424 ], [ 127.044681809836902, 37.535446713710257 ], [ 127.044389923700948, 37.534302467882029 ], [ 127.044387868399014, 37.534294532561702 ], [ 127.044032117964278, 37.532941494669814 ], [ 127.043681946506652, 37.531595259137795 ], [ 127.043680287659143, 37.531588957167052 ], [ 127.043426549710475, 37.530636295709236 ], [ 127.043411212162454, 37.53058387372441 ], [ 127.043374538199075, 37.530468929272345 ], [ 127.048530512878102, 37.529119421664078 ] ], [ [ 127.059164233751829, 37.512679783550475 ], [ 127.053805452412035, 37.511734175944113 ], [ 127.046015988457924, 37.509449904928807 ], [ 127.046055956007166, 37.509398641582763 ], [ 127.046097476292516, 37.50936016148286 ], [ 127.046331270062836, 37.509183355821946 ], [ 127.048500509082672, 37.50787767178678 ], [ 127.048579059286524, 37.507827403882494 ], [ 127.048932739467148, 37.50758696299274 ], [ 127.049038688487727, 37.507508477378217 ], [ 127.04913586133739, 37.50742308830921 ], [ 127.049387752070601, 37.507181827787143 ], [ 127.049465402872883, 37.507101509726155 ], [ 127.049535280688985, 37.507016782232995 ], [ 127.049684813292515, 37.506819751373293 ], [ 127.049759731911479, 37.506709856263512 ], [ 127.049956097216793, 37.506387053434644 ], [ 127.050015352745746, 37.50627637323322 ], [ 127.053035502673794, 37.507193846760707 ], [ 127.057697801974456, 37.508659776376888 ], [ 127.060781196239247, 37.509629543320216 ], [ 127.059164233751829, 37.512679783550475 ] ], [ [ 127.056090224770657, 37.518477840667359 ], [ 127.053936238016476, 37.518107470517457 ], [ 127.048854183140875, 37.517228952354763 ], [ 127.043417169390935, 37.516211310294679 ], [ 127.043421891039472, 37.516198787956405 ], [ 127.043947061681948, 37.514832375932905 ], [ 127.043952186901549, 37.514818786285694 ], [ 127.044246298335125, 37.514023817659876 ], [ 127.044698099136937, 37.512833648578017 ], [ 127.044702529837508, 37.512821780808821 ], [ 127.04492914129122, 37.512204458202916 ], [ 127.052691656129241, 37.514479362372391 ], [ 127.052910479746814, 37.514530480212763 ], [ 127.057732009389682, 37.515381304090653 ], [ 127.056090224770657, 37.518477840667359 ] ], [ [ 127.054255560755081, 37.521937828075046 ], [ 127.053042009565488, 37.523573852967289 ], [ 127.051632433302032, 37.524685887475393 ], [ 127.049498518787942, 37.525807228219051 ], [ 127.047382221608871, 37.526573657810317 ], [ 127.042493189579304, 37.527853296059106 ], [ 127.042196061445765, 37.5269870862573 ], [ 127.042191778403307, 37.526976645061865 ], [ 127.042188582759351, 37.526965959704143 ], [ 127.041910844489763, 37.526205072322767 ], [ 127.041485762876192, 37.525021751736922 ], [ 127.041484633494846, 37.525018622028163 ], [ 127.041134953069744, 37.524053962363851 ], [ 127.040878465893343, 37.523346179859395 ], [ 127.040857994107341, 37.523286830954746 ], [ 127.040847651913865, 37.52324665993725 ], [ 127.040844714393643, 37.523231683301269 ], [ 127.040844377511348, 37.523196717721198 ], [ 127.040844401585659, 37.523196117173555 ], [ 127.040922890217814, 37.522975137851347 ], [ 127.04112284850244, 37.522440586866409 ], [ 127.04162144385748, 37.521140295055474 ], [ 127.041625328566951, 37.521130018049632 ], [ 127.042000183277636, 37.520123875464833 ], [ 127.042002537138018, 37.520117499999984 ], [ 127.042479601168921, 37.518813509691022 ], [ 127.048091772586744, 37.519863942691217 ], [ 127.048119959557681, 37.519869016452489 ], [ 127.053217187395646, 37.520750160115895 ], [ 127.05321807898865, 37.520750278077102 ], [ 127.053218952021254, 37.52075046433761 ], [ 127.054745953846151, 37.521013031835615 ], [ 127.054255560755081, 37.521937828075046 ] ], [ [ 127.032440281563026, 37.530483733174428 ], [ 127.026156329661134, 37.531764477688334 ], [ 127.026643001881567, 37.531067033986716 ], [ 127.026760511162365, 37.530918030412572 ], [ 127.02736713416293, 37.530321507162569 ], [ 127.028750447968761, 37.52912561895279 ], [ 127.029160970219834, 37.528771094018445 ], [ 127.02927860477368, 37.528657702624251 ], [ 127.029525295610512, 37.52839166452268 ], [ 127.029583538241397, 37.528324724798907 ], [ 127.029683412084168, 37.528202212894492 ], [ 127.029762018664528, 37.528095374981554 ], [ 127.029862270580679, 37.527943581860143 ], [ 127.02992352880463, 37.527840496630525 ], [ 127.030008327221623, 37.527680692423495 ], [ 127.030062490152758, 37.527563892981931 ], [ 127.030102931723576, 37.527443620472738 ], [ 127.030129309009169, 37.527320894946271 ], [ 127.030179479869503, 37.526998917214243 ], [ 127.030180760720199, 37.526985227905783 ], [ 127.030183376085446, 37.526971653295632 ], [ 127.030184836882938, 37.52695016221498 ], [ 127.03018808313783, 37.526928799989278 ], [ 127.03018895382391, 37.52689766259639 ], [ 127.030191859873881, 37.526866603598251 ], [ 127.030191449662098, 37.526852875619234 ], [ 127.030192381477818, 37.526839166810227 ], [ 127.030191190614005, 37.526817670579739 ], [ 127.030191792318618, 37.526796152402831 ], [ 127.030128142035721, 37.52490650160167 ], [ 127.030127149259826, 37.524884011359966 ], [ 127.029863308447219, 37.520052209221241 ], [ 127.029843253760887, 37.519895667221704 ], [ 127.029803045425624, 37.519697105898594 ], [ 127.029768640477087, 37.519567786920966 ], [ 127.029718544937907, 37.519441762185018 ], [ 127.029653237769097, 37.519320236411168 ], [ 127.029482909852732, 37.519041765275858 ], [ 127.029405459696946, 37.518929076381518 ], [ 127.029314931312513, 37.518822751381272 ], [ 127.029212142105223, 37.518723750249592 ], [ 127.029098020168973, 37.518632966832371 ], [ 127.028787713117481, 37.518408534976629 ], [ 127.028669247728999, 37.518330354407183 ], [ 127.028542382246826, 37.518261038362454 ], [ 127.02840815880775, 37.518201156227157 ], [ 127.025159006101603, 37.51690192996989 ], [ 127.021494285576878, 37.515405499087684 ], [ 127.021965155982102, 37.513833328368321 ], [ 127.022379106713316, 37.512874075765616 ], [ 127.031197951150205, 37.515600603858907 ], [ 127.031211276800818, 37.515604134343711 ], [ 127.031224196620428, 37.515608518686612 ], [ 127.034005739336948, 37.516426427355441 ], [ 127.038899524671237, 37.517967748939569 ], [ 127.038943937114482, 37.517981166383038 ], [ 127.039218975084296, 37.518060769566652 ], [ 127.038744415514188, 37.519357760626839 ], [ 127.038372625007128, 37.520355562762617 ], [ 127.037874247179658, 37.521655140815703 ], [ 127.037870885710547, 37.521664014838954 ], [ 127.037665882444941, 37.522211989226712 ], [ 127.037659314684404, 37.522230000274099 ], [ 127.037568354798651, 37.522486060165299 ], [ 127.037555531967953, 37.522524283752034 ], [ 127.037517208311456, 37.522645614002009 ], [ 127.037491154445505, 37.522743180684657 ], [ 127.037474202950634, 37.522842011767182 ], [ 127.037461590778264, 37.522943277546446 ], [ 127.037454166659614, 37.523033544320548 ], [ 127.037450009445266, 37.523137131542043 ], [ 127.037449192425441, 37.523190651771216 ], [ 127.037450402193485, 37.523316808984241 ], [ 127.037457952199659, 37.523434272869409 ], [ 127.037468166091131, 37.5235199559853 ], [ 127.037480899154914, 37.523600798314142 ], [ 127.037499481489562, 37.523695560055664 ], [ 127.0375137372409, 37.523758465588443 ], [ 127.037543371624423, 37.523873590943857 ], [ 127.037569417814098, 37.523960178562994 ], [ 127.037607594169302, 37.524070868145024 ], [ 127.037613515459483, 37.52408761390609 ], [ 127.037873020045197, 37.524803809290553 ], [ 127.038222147350851, 37.525767058987832 ], [ 127.038647611505482, 37.526951588303469 ], [ 127.038649611023374, 37.526957110629063 ], [ 127.038924479354762, 37.527710225646587 ], [ 127.03926343720569, 37.528698504738493 ], [ 127.032440281563026, 37.530483733174428 ] ], [ [ 127.023521356383966, 37.510326667655278 ], [ 127.025387343503766, 37.506421222926768 ], [ 127.033211926711516, 37.508760306107021 ], [ 127.033220322219876, 37.508762795390851 ], [ 127.041736565471808, 37.511267121934537 ], [ 127.041446626311171, 37.512056867332035 ], [ 127.04099529379728, 37.513245667396518 ], [ 127.04099186477896, 37.513254815650647 ], [ 127.040698545854426, 37.514047549546525 ], [ 127.040174607800424, 37.515410601371627 ], [ 127.040171987348998, 37.515417483814375 ], [ 127.040157671935603, 37.515455445525419 ], [ 127.040125596256217, 37.515446161996444 ], [ 127.035235927071099, 37.513906144413497 ], [ 127.0351995494851, 37.513895068884075 ], [ 127.032412982378972, 37.513075687421235 ], [ 127.023521356383966, 37.510326667655278 ] ], [ [ 127.028609677315515, 37.499730182327689 ], [ 127.035758549771529, 37.501901325309461 ], [ 127.041542139870216, 37.503693796141491 ], [ 127.041550450906172, 37.503696351674485 ], [ 127.046839563210852, 37.505309835736242 ], [ 127.046739541352451, 37.505474249562077 ], [ 127.046696640370328, 37.505530774995997 ], [ 127.046619065868697, 37.505605073311202 ], [ 127.046414078639657, 37.505744426078174 ], [ 127.04420892361243, 37.507071705259158 ], [ 127.044063544523297, 37.507169890833957 ], [ 127.043698082253655, 37.50744626402782 ], [ 127.043579511208463, 37.507545501345625 ], [ 127.043396376770602, 37.507715221001078 ], [ 127.043314967902845, 37.507796830780499 ], [ 127.043241693295968, 37.507883194398801 ], [ 127.043046213963848, 37.508133908611448 ], [ 127.042968374543122, 37.508245102972772 ], [ 127.042804982733585, 37.508506759840373 ], [ 127.034479597317272, 37.506058565123766 ], [ 127.026679798656787, 37.503726904653391 ], [ 127.028609677315515, 37.499730182327689 ] ], [ [ 127.026658719074462, 37.496239593582153 ], [ 127.021137138245791, 37.494550925694135 ], [ 127.015693373403991, 37.49283432518412 ], [ 127.015589055866272, 37.492691049658461 ], [ 127.016377037602737, 37.488167230501894 ], [ 127.016497908565242, 37.487811038663715 ], [ 127.016726877961091, 37.487387330480729 ], [ 127.017818969222674, 37.485606622391714 ], [ 127.01842750680683, 37.484663131589535 ], [ 127.018447373116956, 37.484631307868874 ], [ 127.01878149407851, 37.484077953794646 ], [ 127.01974381787403, 37.48412435098453 ], [ 127.026994280388578, 37.48503490937793 ], [ 127.030894148168031, 37.485554497915984 ], [ 127.031372324670855, 37.485942647837305 ], [ 127.031494628147655, 37.486032635286918 ], [ 127.031498008830809, 37.486034672227966 ], [ 127.031223763851614, 37.486602596442474 ], [ 127.031211672808723, 37.486628417287008 ], [ 127.03006379370396, 37.489158084496069 ], [ 127.02671150036592, 37.496130280004948 ], [ 127.026658719074462, 37.496239593582153 ] ], [ [ 127.032595503567649, 37.483039565087267 ], [ 127.028778339871209, 37.479258440094391 ], [ 127.023849683160492, 37.470959782901559 ], [ 127.016019641853291, 37.455266749780847 ], [ 127.015983062246775, 37.455198880933551 ], [ 127.009600271855675, 37.444193531831921 ], [ 127.009602714826954, 37.444185923864936 ], [ 127.00960585291584, 37.444169640629511 ], [ 127.009610485607979, 37.444153597853131 ], [ 127.009611040247705, 37.444150165227086 ], [ 127.009611992554781, 37.444146788548402 ], [ 127.009619139486873, 37.444100697833825 ], [ 127.009627988517636, 37.444054780953117 ], [ 127.009629109334597, 37.444038336747269 ], [ 127.009631748461416, 37.444022003322608 ], [ 127.009631878444836, 37.444018543879871 ], [ 127.009632411057879, 37.44401510903694 ], [ 127.010080470639934, 37.439190851573983 ], [ 127.010084880134713, 37.439069197195508 ], [ 127.010075551985523, 37.438947719516534 ], [ 127.010016397090212, 37.438505140714277 ], [ 127.009986261543716, 37.438357625116296 ], [ 127.00993589078783, 37.438213663098132 ], [ 127.009675211299765, 37.437601575176828 ], [ 127.009608049822518, 37.43746776555917 ], [ 127.009523406942776, 37.437340416986366 ], [ 127.008898394403616, 37.436510256392637 ], [ 127.0080624552198, 37.435135787248271 ], [ 127.008048572886267, 37.435115554525076 ], [ 127.008036341849873, 37.435094651472113 ], [ 127.008031649975905, 37.435088334825153 ], [ 127.00802766838099, 37.435081718483346 ], [ 127.007477112063881, 37.434271359066457 ], [ 127.007268070767523, 37.433934137202321 ], [ 127.006999469375813, 37.433464644832291 ], [ 127.006917739303276, 37.433339520328133 ], [ 127.00682010378145, 37.433221868455824 ], [ 127.00633830701473, 37.432702377173733 ], [ 127.006213226950948, 37.432582617248592 ], [ 127.005879523892773, 37.4322981857119 ], [ 127.005759926939007, 37.432205791135182 ], [ 127.005629541512704, 37.432123197570576 ], [ 127.005489625277292, 37.4320512016725 ], [ 127.005341527813215, 37.431990497873578 ], [ 127.005186677601287, 37.431941671687419 ], [ 127.005026568245754, 37.431905194061898 ], [ 127.004862744069442, 37.431881416837335 ], [ 127.004696785220304, 37.431870569353485 ], [ 127.004089344699196, 37.431854743536107 ], [ 127.004011939146721, 37.431854136609722 ], [ 127.002451969764522, 37.431870296873726 ], [ 126.999872469453251, 37.431893419567814 ], [ 126.99867104729185, 37.431867554045219 ], [ 126.99746543762609, 37.431487986348387 ], [ 126.996825373071204, 37.431264587222984 ], [ 126.996476697284351, 37.431090765797201 ], [ 126.996341154482039, 37.430944523165429 ], [ 126.994823364043469, 37.429172143272872 ], [ 126.994794146617352, 37.429139096167845 ], [ 126.992131236073106, 37.426220659122698 ], [ 126.992056035162719, 37.426144175505229 ], [ 126.99045676713321, 37.424632781256008 ], [ 126.990454514923897, 37.424630657176316 ], [ 126.987223865915965, 37.421589984354178 ], [ 126.985292530667806, 37.419646853193221 ], [ 126.984443018844942, 37.418656472326632 ], [ 126.983672173201185, 37.417559183797863 ], [ 126.98308429671728, 37.416292396766131 ], [ 126.982341216891172, 37.414571859745706 ], [ 126.981936614866243, 37.413581005239941 ], [ 126.97983139402055, 37.404550457685509 ], [ 126.979794979244375, 37.404426848816271 ], [ 126.979744189337268, 37.404306510238605 ], [ 126.978565448531683, 37.401894537241994 ], [ 126.978558644988837, 37.401568708036457 ], [ 126.978625656456785, 37.400860593438146 ], [ 126.978630453287764, 37.400763977802455 ], [ 126.978632690930979, 37.400297006523097 ], [ 126.97861898894304, 37.400120180880826 ], [ 126.978555053673432, 37.399721678302747 ], [ 126.978528156512724, 37.399599121603003 ], [ 126.978487251572673, 37.399479056453096 ], [ 126.97843268532155, 37.399362499620686 ], [ 126.978364919911968, 37.399250438158752 ], [ 126.97812560790733, 37.398897211413008 ], [ 126.978050269856396, 37.398796680782553 ], [ 126.977741951034744, 37.398423020306005 ], [ 126.977640736357458, 37.398312896360132 ], [ 126.977223902068303, 37.397904355027926 ], [ 126.97719092519209, 37.397873014838332 ], [ 126.976659078335061, 37.397382818506038 ], [ 126.976566448631715, 37.397304035262216 ], [ 126.976466231669647, 37.397231403004348 ], [ 126.975926796326206, 37.396870747472825 ], [ 126.975748351130861, 37.396766467755 ], [ 126.97494305504199, 37.396357475067497 ], [ 126.974820236675697, 37.396300718797377 ], [ 126.974397846575798, 37.396123940720891 ], [ 126.974233046495414, 37.396063703031629 ], [ 126.970299419342041, 37.394824300393964 ], [ 126.964342390588314, 37.392850747904809 ], [ 126.956528519193924, 37.390165999702681 ], [ 126.956526575305702, 37.390165332866864 ], [ 126.951442389407873, 37.388424093056905 ], [ 126.951440025655387, 37.388423285140192 ], [ 126.949671980292308, 37.387820226060619 ], [ 126.949641898106549, 37.387810236929887 ], [ 126.9488222771121, 37.387545416493616 ], [ 126.948812966448642, 37.387542433735696 ], [ 126.948757208071925, 37.387524723770639 ], [ 126.946679381450267, 37.385835736788209 ], [ 126.946675323397955, 37.385832449281672 ], [ 126.9451629544225, 37.384611395288687 ], [ 126.945069902449276, 37.384541719782746 ], [ 126.944207158940642, 37.383942823812745 ], [ 126.944098565971174, 37.383873477769491 ], [ 126.943983211392535, 37.383811472426004 ], [ 126.942960034167086, 37.383308930370866 ], [ 126.942920022854253, 37.383289878460978 ], [ 126.9421261992198, 37.382923600304387 ], [ 126.942123349981557, 37.382921090356923 ], [ 126.942044652118952, 37.382797761147195 ], [ 126.94173942309267, 37.38210068102925 ], [ 126.940913682993568, 37.380010550665361 ], [ 126.941331474585411, 37.379552435819832 ], [ 126.941352635045419, 37.379528699569654 ], [ 126.942058405923191, 37.378718672251104 ], [ 126.942074844177583, 37.378699454758127 ], [ 126.942734785228836, 37.377913486393901 ], [ 126.942808480522444, 37.377817268029105 ], [ 126.943515744308769, 37.376800863900364 ], [ 126.943615846788219, 37.376629870810646 ], [ 126.945253320466563, 37.373232377444097 ], [ 126.945253461406125, 37.373232035846172 ], [ 126.945253643401713, 37.37323170684099 ], [ 126.945257172128507, 37.373223138874721 ], [ 126.945261585455668, 37.373214864286822 ], [ 126.945265428545724, 37.373205096703124 ], [ 126.945270273578018, 37.373195617189133 ], [ 126.945279409231816, 37.373171106487597 ], [ 126.945290380962859, 37.373147080258711 ], [ 126.94529192317988, 37.373142286278046 ], [ 126.945294012568368, 37.373137604466152 ], [ 126.945819229545975, 37.371748502667906 ], [ 126.948724409113822, 37.365689527223168 ], [ 126.948730895826841, 37.365675774033221 ], [ 126.950214350181156, 37.362477791719975 ], [ 126.950262086357483, 37.362358064722983 ], [ 126.950526382662673, 37.361570210452122 ], [ 126.950561423528413, 37.361440627445198 ], [ 126.95058039737664, 37.361308928182972 ], [ 126.950647158952648, 37.3604958763204 ], [ 126.950650458765139, 37.360380895289197 ], [ 126.950498025538025, 37.354186480518578 ], [ 126.950309065035157, 37.343615505965928 ], [ 126.950308907988045, 37.343608129952372 ], [ 126.949840374762431, 37.324643063918053 ], [ 126.950067254808133, 37.320364277650661 ], [ 126.950067090200989, 37.320344852473745 ], [ 126.950068613983419, 37.320325465009326 ], [ 126.95012106612181, 37.317245527924996 ], [ 126.950213184858796, 37.316230889198224 ], [ 126.950332907827686, 37.315490760583273 ], [ 126.950495907814343, 37.315052750069299 ], [ 126.950974417331338, 37.314319010844358 ], [ 126.952197396950126, 37.31275504386349 ], [ 126.952238313623596, 37.312699844897665 ], [ 126.954958095308882, 37.308823569045643 ], [ 126.955938508085808, 37.307946260643824 ], [ 126.95899044388139, 37.305606429638367 ], [ 126.961707647158605, 37.303834119834278 ], [ 126.962950364553734, 37.303118874789028 ], [ 126.964318808780448, 37.302704063393804 ], [ 126.966275016889014, 37.302449028164595 ], [ 126.971318599607031, 37.301965363753006 ], [ 126.971469445371341, 37.30194533683629 ], [ 126.975501354331186, 37.301259161980703 ], [ 126.975652881196723, 37.301227450841949 ], [ 126.976657594208859, 37.30097696074909 ], [ 126.976830368381457, 37.300925477790791 ], [ 126.976995105666489, 37.300859284644808 ], [ 126.977940283931588, 37.30042642249083 ], [ 126.978078672376299, 37.30035570209921 ], [ 126.978207825917707, 37.300274596490048 ], [ 126.978956029652963, 37.29975587845427 ], [ 126.979118586351433, 37.299626757924976 ], [ 126.980831285065022, 37.298068239715626 ], [ 126.980938666761944, 37.297959805869084 ], [ 126.983909488476428, 37.294622190812824 ], [ 126.983932070250788, 37.294596180103071 ], [ 126.987700296691386, 37.290145071080488 ], [ 126.987735354598101, 37.290101909281994 ], [ 126.990034438900111, 37.287149701961503 ], [ 126.990100703556692, 37.287056575710466 ], [ 126.991605332202752, 37.284732186045197 ], [ 126.991620241475857, 37.284708590582497 ], [ 126.995890178080117, 37.277782820127157 ], [ 126.995923721259828, 37.277725009924318 ], [ 127.001148191728319, 37.268133562762863 ], [ 127.003359744199301, 37.268945684808813 ], [ 127.007167504982277, 37.270363755472921 ], [ 127.007408605589788, 37.270453580911642 ], [ 127.007547847219826, 37.270499542649929 ], [ 127.007660172909269, 37.270532021024437 ], [ 127.007817591378227, 37.270570724218508 ], [ 127.007978972991253, 37.270597011059131 ], [ 127.008077472182109, 37.270609098846784 ], [ 127.008316540508616, 37.270624688638875 ], [ 127.008415187286843, 37.270625513792709 ], [ 127.008638928101647, 37.270615523838778 ], [ 127.008723600432035, 37.270607220981837 ], [ 127.008933349885822, 37.270575816459036 ], [ 127.009029443456313, 37.270556345268432 ], [ 127.009183089713332, 37.27051892574918 ], [ 127.009331603007226, 37.270470029965935 ], [ 127.009408084906269, 37.270441383704522 ], [ 127.009531504444212, 37.270390109859044 ], [ 127.00964923612193, 37.270330906414657 ], [ 127.009725894519121, 37.270288745093389 ], [ 127.009842182981842, 37.270218708179002 ], [ 127.009950504802973, 37.270140939093828 ], [ 127.010007463055317, 37.270096360349058 ], [ 127.010111230113253, 37.270007499388136 ], [ 127.010204592224255, 37.2699115498963 ], [ 127.010256089915075, 37.269853409109054 ], [ 127.010362082612005, 37.269717291550407 ], [ 127.010413815546116, 37.269641130898592 ], [ 127.010468211011229, 37.26955365409389 ], [ 127.010505143686288, 37.269488450545758 ], [ 127.010911488980028, 37.268793359433367 ], [ 127.011066667330425, 37.268565279616737 ], [ 127.011077614756914, 37.268551036688407 ], [ 127.011084988588095, 37.268545709657921 ], [ 127.011239144804932, 37.26844015749046 ], [ 127.011999471876535, 37.268005591327018 ], [ 127.012526194784854, 37.267707250170588 ], [ 127.012670645805557, 37.267632011318106 ], [ 127.012952405842569, 37.267527045525974 ], [ 127.013164263326217, 37.267451285246125 ], [ 127.013490184198773, 37.267358014746272 ], [ 127.013946151573805, 37.267240742785567 ], [ 127.014331940650791, 37.267159758113273 ], [ 127.014704974852592, 37.267098534858469 ], [ 127.014762546713058, 37.267088246690697 ], [ 127.015231623581215, 37.266997529607238 ], [ 127.015249918188999, 37.266993905142492 ], [ 127.016103401214835, 37.266820773454086 ], [ 127.016124821009939, 37.266815521797703 ], [ 127.016146656519865, 37.266811510082427 ], [ 127.017609950137427, 37.266481476059418 ], [ 127.019504591023789, 37.266056232563734 ], [ 127.019891675070397, 37.265977860322323 ], [ 127.020020909542325, 37.265962644826011 ], [ 127.020035204843595, 37.265960911835165 ], [ 127.020221166786627, 37.265937717693291 ], [ 127.020474725159474, 37.265910377374652 ], [ 127.020666288488499, 37.265897036462661 ], [ 127.020810434278587, 37.265881986779512 ], [ 127.020952431195212, 37.265857101914555 ], [ 127.021116359143932, 37.265822411925157 ], [ 127.021134923679199, 37.265818392936588 ], [ 127.02146847395106, 37.265744553770453 ], [ 127.021532554977796, 37.265729271663297 ], [ 127.02758991235612, 37.264179673129711 ], [ 127.02759485614753, 37.264178401561416 ], [ 127.031256628475177, 37.263231546116252 ], [ 127.035326388493999, 37.26219327220349 ], [ 127.035354516393312, 37.262185878224379 ], [ 127.035524209969779, 37.262139951434115 ], [ 127.035658791889531, 37.262098333452236 ], [ 127.035797513754773, 37.262049901640651 ], [ 127.035939405456361, 37.261993907361465 ], [ 127.036074129829061, 37.261927560565695 ], [ 127.036196171361041, 37.261860970840139 ], [ 127.036371114808091, 37.261751384105104 ], [ 127.036470667741341, 37.261680105864777 ], [ 127.036583171853138, 37.261591655894634 ], [ 127.036684873935158, 37.261495211214587 ], [ 127.03674485741432, 37.261432622149677 ], [ 127.036790490599458, 37.261382680888453 ], [ 127.036882017795818, 37.261277546175137 ], [ 127.036985208070504, 37.261142865443226 ], [ 127.037054160898066, 37.261039799958191 ], [ 127.037121508779876, 37.260926857006837 ], [ 127.03717349513802, 37.26082815911397 ], [ 127.037213703134668, 37.260744104835481 ], [ 127.037260167498758, 37.260636351153863 ], [ 127.037295130915169, 37.260544888523555 ], [ 127.037324428645888, 37.26045726997522 ], [ 127.037339866369308, 37.260407308311606 ], [ 127.037387074575321, 37.260240989657291 ], [ 127.037405664287931, 37.260165636804309 ], [ 127.037507662316244, 37.259679875368647 ], [ 127.037514788307149, 37.259642793141673 ], [ 127.037742213966965, 37.258338993815066 ], [ 127.03785956533946, 37.25768885179108 ], [ 127.038880261391142, 37.257354088280181 ], [ 127.038979233721349, 37.257318622689212 ], [ 127.039086860915759, 37.257276693080854 ], [ 127.039229230846658, 37.257214298968137 ], [ 127.03936346066979, 37.257141281417056 ], [ 127.039437299944296, 37.257096825012702 ], [ 127.039576371628868, 37.257003325468851 ], [ 127.03964181377799, 37.256954295453745 ], [ 127.03971821629905, 37.256893276139465 ], [ 127.039783743903357, 37.256837488547887 ], [ 127.039926416789726, 37.256698569112096 ], [ 127.039986450811185, 37.256631473264633 ], [ 127.040067424644533, 37.256532024000343 ], [ 127.040207931329249, 37.25634167931014 ], [ 127.040257332134871, 37.256269868337363 ], [ 127.040688612976098, 37.255595286340871 ], [ 127.040697054594247, 37.255581899734295 ], [ 127.041448545245728, 37.254373554008637 ], [ 127.042325871140633, 37.253106247580781 ], [ 127.042540925426579, 37.252821590133671 ], [ 127.042717356878384, 37.252618931765703 ], [ 127.042773890277346, 37.252558949969817 ], [ 127.042854229287556, 37.25248992710339 ], [ 127.042945833421072, 37.252420598983598 ], [ 127.043270886446152, 37.252202947575739 ], [ 127.045371354383974, 37.250830674220218 ], [ 127.045377399626773, 37.250826705953813 ], [ 127.047483037819021, 37.249437932216729 ], [ 127.047485713155766, 37.249436163949646 ], [ 127.049528564707785, 37.248083072621014 ], [ 127.051287184096552, 37.246919154231882 ], [ 127.051310360279345, 37.246903533014994 ], [ 127.051349293103556, 37.246876810614033 ], [ 127.057261336280646, 37.247164400009204 ], [ 127.057272055242677, 37.247164499889529 ], [ 127.057282724369855, 37.247165331253257 ], [ 127.060080638153337, 37.247272918666816 ], [ 127.061586785106911, 37.247341386777926 ], [ 127.061966052778686, 37.247375519260245 ], [ 127.064262031477611, 37.247611702835691 ], [ 127.065495928913066, 37.247757018987912 ], [ 127.065572650161286, 37.247787724629596 ], [ 127.065643795423426, 37.247817504814613 ], [ 127.065686586722549, 37.247852394223401 ], [ 127.065929554091625, 37.248094622340986 ], [ 127.066551106366333, 37.248726186028037 ], [ 127.069920955525134, 37.252262144874436 ], [ 127.071245355735641, 37.253681719962962 ], [ 127.071285099233563, 37.253722657527376 ], [ 127.072051560166955, 37.254481647859834 ], [ 127.074864189778467, 37.257412485945103 ], [ 127.077601742956602, 37.260287007051964 ], [ 127.07839491177981, 37.26115397804675 ], [ 127.078446690303664, 37.2612076929003 ], [ 127.079196111635568, 37.261946065510962 ], [ 127.079304041343988, 37.262042567940732 ], [ 127.079423022097373, 37.26213037907246 ], [ 127.079985665880031, 37.262507388849869 ], [ 127.080097507406109, 37.26257618930731 ], [ 127.080574342316709, 37.262844968009226 ], [ 127.080693012803991, 37.262906096845427 ], [ 127.080817647562469, 37.262959103738559 ], [ 127.080947378469759, 37.263003619473047 ], [ 127.081621237418133, 37.263208672852585 ], [ 127.081724652139414, 37.263237117725929 ], [ 127.082248548321104, 37.26336623728065 ], [ 127.082422348828828, 37.26340113299252 ], [ 127.083060080779134, 37.263500811337948 ], [ 127.083202082049382, 37.263518040269332 ], [ 127.083345400084823, 37.263525579519083 ], [ 127.084362792520793, 37.263544490707581 ], [ 127.084558658957178, 37.263539054333982 ], [ 127.084752424181687, 37.263515548184074 ], [ 127.085862195803429, 37.263327792349408 ], [ 127.085895837526465, 37.263321813727117 ], [ 127.087804637867521, 37.262966228357087 ], [ 127.087839798370453, 37.262959360290438 ], [ 127.089191666474989, 37.262683001990681 ], [ 127.090744006902085, 37.26241509117785 ], [ 127.092301404184525, 37.262230015918512 ], [ 127.09371801271962, 37.262118857711371 ], [ 127.09479050797465, 37.262091209939193 ], [ 127.096422166689109, 37.262172392371262 ], [ 127.102093149359547, 37.262685159001116 ], [ 127.103062141442251, 37.262774201145447 ], [ 127.102785037446381, 37.299238546133466 ], [ 127.1025776075994, 37.325495776785097 ], [ 127.102292301010067, 37.325314390271011 ], [ 127.102244199353763, 37.325284917105648 ], [ 127.095773729033525, 37.321464931661197 ], [ 127.095764528891792, 37.3214600383128 ], [ 127.095755883028914, 37.321454537954125 ], [ 127.088606526782343, 37.317347020005172 ], [ 127.088443650206756, 37.317264261649804 ], [ 127.08811348127746, 37.317116913154045 ], [ 127.087905249025184, 37.317038316092109 ], [ 127.087165790964093, 37.316806928409385 ], [ 127.087021319886759, 37.316767622165329 ], [ 127.086873003653096, 37.31673886781833 ], [ 127.086133684040433, 37.316623440974183 ], [ 127.086124146160017, 37.316621974509275 ], [ 127.084855725558, 37.316429957765017 ], [ 127.084556910803386, 37.316348549666969 ], [ 127.084258644658917, 37.316236315800971 ], [ 127.083872848278872, 37.316043219006033 ], [ 127.083734260182894, 37.315951143923535 ], [ 127.083605216690117, 37.315745466302452 ], [ 127.082604847238926, 37.31391320534604 ], [ 127.082540178025141, 37.313807550723773 ], [ 127.082288989790783, 37.313438738307099 ], [ 127.082278281374371, 37.313423257436035 ], [ 127.081817995865734, 37.312767990176944 ], [ 127.081812502148281, 37.312760997080808 ], [ 127.081807780521402, 37.312753653025048 ], [ 127.081779745714599, 37.312718915459008 ], [ 127.081753340741443, 37.312683372476059 ], [ 127.081740883371012, 37.312669831531018 ], [ 127.0817297016239, 37.312655597947824 ], [ 127.081723376209794, 37.312649068619038 ], [ 127.081717776099524, 37.31264212957479 ], [ 127.081398217412357, 37.312285856470275 ], [ 127.081349866157552, 37.312234567164403 ], [ 127.080953466906095, 37.311834224065265 ], [ 127.080821684664443, 37.311716058736188 ], [ 127.080412170712307, 37.311389520242336 ], [ 127.080316768118166, 37.3113190748318 ], [ 127.079762016336616, 37.310939920067774 ], [ 127.079628205280471, 37.310857342489072 ], [ 127.079261882455185, 37.310653773971922 ], [ 127.078810949396299, 37.310345566691069 ], [ 127.078479003495431, 37.310088885181351 ], [ 127.078308010611124, 37.309924126949113 ], [ 127.07810300429351, 37.309645671676257 ], [ 127.077654643985881, 37.308630484210788 ], [ 127.077638294369891, 37.30859504978843 ], [ 127.076579770931289, 37.306395990396624 ], [ 127.076598837609879, 37.30583928505591 ], [ 127.076599470132535, 37.305801213363658 ], [ 127.076598432860607, 37.304778590387414 ], [ 127.076585192355438, 37.304610895223149 ], [ 127.076505493752592, 37.304104906124593 ], [ 127.076477901091621, 37.303978498104094 ], [ 127.07643543203902, 37.303854748774633 ], [ 127.076263438349784, 37.303433159145222 ], [ 127.076208749474119, 37.303317381063593 ], [ 127.076141038824673, 37.303206082059681 ], [ 127.075889917185165, 37.302837255325485 ], [ 127.075800078591783, 37.302719944436255 ], [ 127.075695787700994, 37.302610530314226 ], [ 127.075339123820171, 37.302273397390131 ], [ 127.075205424900631, 37.302160815569579 ], [ 127.074980904518966, 37.301992277771504 ], [ 127.074803789679095, 37.30187630775648 ], [ 127.072590377992654, 37.300616871473011 ], [ 127.072144235812956, 37.30032657375456 ], [ 127.072040507890122, 37.300256247818702 ], [ 127.071855678643388, 37.300057799222039 ], [ 127.071727074065677, 37.299891743943896 ], [ 127.071631856738989, 37.299651502403513 ], [ 127.071608466669034, 37.29959660665385 ], [ 127.071490186896057, 37.299337369222108 ], [ 127.070990483092217, 37.297467216333807 ], [ 127.070988681180637, 37.297461791662052 ], [ 127.070987496035684, 37.297456259674547 ], [ 127.06985666325302, 37.293389267958666 ], [ 127.069793058994179, 37.293216066889393 ], [ 127.0696476150558, 37.292899876552987 ], [ 127.069577506229294, 37.292769146649633 ], [ 127.069490597307563, 37.292645023777844 ], [ 127.06926601165145, 37.292360506992424 ], [ 127.06916066269666, 37.292241735284477 ], [ 127.068909717419317, 37.291988860820332 ], [ 127.068818624011328, 37.291904459590739 ], [ 127.068719140119924, 37.291826338848878 ], [ 127.06829661009813, 37.291520849901566 ], [ 127.068147421166159, 37.291424683693748 ], [ 127.067985577628889, 37.291342614046847 ], [ 127.067536756946097, 37.291142562842829 ], [ 127.067465535907218, 37.291112569565996 ], [ 127.064248614881464, 37.289834939965516 ], [ 127.064021734470558, 37.289739690702923 ], [ 127.063857034581915, 37.28966894860794 ], [ 127.063845739620859, 37.289660996726376 ], [ 127.059522478675902, 37.285899521166833 ], [ 127.059459732234203, 37.28584776331985 ], [ 127.05912967050395, 37.285589636280193 ], [ 127.058951753901255, 37.285468539926427 ], [ 127.05862174463752, 37.28527366672828 ], [ 127.058417348122177, 37.285170159468102 ], [ 127.058074183765129, 37.285022732693776 ], [ 127.05795750425321, 37.284977128307162 ], [ 127.057836790728871, 37.284938809297223 ], [ 127.057520061112101, 37.284849352003739 ], [ 127.057426912236096, 37.284825439832893 ], [ 127.057017820269095, 37.284730754713294 ], [ 127.056842803564251, 37.284698183926935 ], [ 127.056664451065686, 37.284680626579657 ], [ 127.056288401237239, 37.284659720947438 ], [ 127.056151142813761, 37.284656552648258 ], [ 127.055557408807601, 37.28466210415926 ], [ 127.055375402122024, 37.284671660816898 ], [ 127.05519574006405, 37.284696814933909 ], [ 127.054852737245255, 37.284760229701362 ], [ 127.054691000900405, 37.284796983263675 ], [ 127.054534628099731, 37.284846381191976 ], [ 127.054039973495293, 37.285025831409726 ], [ 127.053911042052917, 37.285078021028042 ], [ 127.053788154534217, 37.285138811352418 ], [ 127.053253991399941, 37.285428972946612 ], [ 127.053150343542924, 37.285490007476213 ], [ 127.053052803518284, 37.285557162128505 ], [ 127.050492669464489, 37.287459997332533 ], [ 127.048510006042875, 37.28893236578152 ], [ 127.048387950611811, 37.289032908738356 ], [ 127.048028411486371, 37.289361549710428 ], [ 127.047655866179895, 37.289690331356439 ], [ 127.04752529818613, 37.289820958755833 ], [ 127.04718246980201, 37.290211169825774 ], [ 127.046839637837479, 37.290601379929903 ], [ 127.046741485718329, 37.290727251390763 ], [ 127.046661177776031, 37.290860954175315 ], [ 127.046437124063914, 37.291293286255744 ], [ 127.046379846077542, 37.291421797108327 ], [ 127.046339067392481, 37.291554265150253 ], [ 127.046260095224469, 37.291881114605644 ], [ 127.046237065592777, 37.292008996021892 ], [ 127.046229418402618, 37.29213804977573 ], [ 127.046229721596902, 37.292633548711294 ], [ 127.046237366454946, 37.292761260295983 ], [ 127.046260076427799, 37.292887823916516 ], [ 127.046379141089247, 37.29338327630655 ], [ 127.046419641415724, 37.293515475441261 ], [ 127.046476571976086, 37.293643751788593 ], [ 127.046661533761181, 37.294002125071621 ], [ 127.046701555386591, 37.294073706237086 ], [ 127.04816732827031, 37.296503502421139 ], [ 127.048271421823983, 37.296805840306433 ], [ 127.04830428170149, 37.297099471690892 ], [ 127.048304349488888, 37.297205479376778 ], [ 127.048239105969614, 37.297344689452792 ], [ 127.048112332874965, 37.297558780823984 ], [ 127.04789807560239, 37.29777810555214 ], [ 127.04789415749255, 37.297782131948104 ], [ 127.046609453979286, 37.29910746157271 ], [ 127.046244621974225, 37.299436607768143 ], [ 127.045370522956844, 37.299963011502449 ], [ 127.043463951346055, 37.300915790396033 ], [ 127.043446416784263, 37.300925540539453 ], [ 127.043428039330308, 37.300934243868916 ], [ 127.043378287220179, 37.300963424130266 ], [ 127.04332762943298, 37.300991592451474 ], [ 127.043311375580814, 37.301002668610209 ], [ 127.043294154455225, 37.301012768994319 ], [ 127.043248222137294, 37.301045704359723 ], [ 127.043201264342429, 37.301077703572545 ], [ 127.043186447731074, 37.301089999081391 ], [ 127.04317054877977, 37.301101399252062 ], [ 127.043128878602673, 37.301137772548479 ], [ 127.043086073025179, 37.30117329449525 ], [ 127.043072836346568, 37.301186690946132 ], [ 127.043058412684317, 37.301199281117754 ], [ 127.043021405956154, 37.30123874206317 ], [ 127.042983164839043, 37.301277444660485 ], [ 127.042971635571647, 37.301291813042617 ], [ 127.042958826107551, 37.301305471969194 ], [ 127.042926839231143, 37.301347640545409 ], [ 127.042893530865342, 37.301389151078155 ], [ 127.04288382004637, 37.301404353020274 ], [ 127.042872748146024, 37.301418949162951 ], [ 127.042846089186057, 37.301463419275031 ], [ 127.04281803436325, 37.301507337985278 ], [ 127.042810235519212, 37.301523227088097 ], [ 127.042801007816493, 37.301538619881775 ], [ 127.042779933532302, 37.301584963268525 ], [ 127.042757402454995, 37.301630867204977 ], [ 127.042751590700675, 37.301647290450951 ], [ 127.042744296070637, 37.301663331657871 ], [ 127.042729009442624, 37.301711102015766 ], [ 127.042712219121228, 37.301758549106694 ], [ 127.042708450436109, 37.301775348333528 ], [ 127.042703159138654, 37.301791883470713 ], [ 127.042693807412704, 37.301840620751761 ], [ 127.042682919574673, 37.301889154062025 ], [ 127.042681230263327, 37.301906167485818 ], [ 127.042677993266423, 37.301923037312804 ], [ 127.042674666534722, 37.301972272154778 ], [ 127.0426697860659, 37.302021424286167 ], [ 127.042670192408153, 37.302038488059331 ], [ 127.042669040896413, 37.302055530111566 ], [ 127.04267177122864, 37.302104788358115 ], [ 127.042672945162167, 37.302154085950384 ], [ 127.042675443255661, 37.302171035739605 ], [ 127.042676388329838, 37.302188085893121 ], [ 127.042685149463139, 37.302236893160043 ], [ 127.042692366525102, 37.302285861449619 ], [ 127.042696932322727, 37.302302534018487 ], [ 127.042699964892094, 37.302319428070419 ], [ 127.042714672482873, 37.302367314314246 ], [ 127.042727863199801, 37.302415481706525 ], [ 127.042734452740589, 37.302431716487568 ], [ 127.042739543610338, 37.302448291737576 ], [ 127.042760056045154, 37.302494795782437 ], [ 127.042779093411809, 37.302541698393597 ], [ 127.042787643244168, 37.302557339034756 ], [ 127.042794743396001, 37.302573435851919 ], [ 127.042820863154446, 37.302618109831194 ], [ 127.04284556385592, 37.302663295955817 ], [ 127.042855991648182, 37.302678191826182 ], [ 127.042865032712101, 37.302693655186516 ], [ 127.042896508267987, 37.302736068856312 ], [ 127.042926634444072, 37.302779103317825 ], [ 127.042938839777094, 37.302793110958554 ], [ 127.0429497346895, 37.302807791937973 ], [ 127.042986262932374, 37.302847536820877 ], [ 127.043021524467591, 37.302888005162991 ], [ 127.043035389801716, 37.302900989668927 ], [ 127.043048033643558, 37.30291474687764 ], [ 127.043089262797153, 37.302951440197027 ], [ 127.043129320114019, 37.302988952675577 ], [ 127.043144711920803, 37.303000788994659 ], [ 127.043158982927935, 37.303013489938991 ], [ 127.043204515937603, 37.303046778305898 ], [ 127.043248983266579, 37.303080973642629 ], [ 127.043265753314628, 37.303091547780362 ], [ 127.043281514050264, 37.303103070138874 ], [ 127.043330912406731, 37.303132632955773 ], [ 127.043379361501152, 37.303163181818228 ], [ 127.043397348283719, 37.303172391935647 ], [ 127.043414446962004, 37.303182624737353 ], [ 127.043467234924321, 37.303208177286059 ], [ 127.043519199184871, 37.303234785459736 ], [ 127.043538229475374, 37.303242542854413 ], [ 127.043556501423197, 37.30325138754764 ], [ 127.043612170600767, 37.303272683731862 ], [ 127.043667149569359, 37.303295094954066 ], [ 127.043687040089651, 37.30330132491445 ], [ 127.043706309332791, 37.303308696316108 ], [ 127.043764323582167, 37.303325531031994 ], [ 127.0438217877619, 37.303343529460157 ], [ 127.043842346947741, 37.303348171985256 ], [ 127.043862427905637, 37.303353999101354 ], [ 127.043922228494296, 37.303366210212999 ], [ 127.043981624449927, 37.303379622503925 ], [ 127.044002654296008, 37.303382632881224 ], [ 127.044023353569401, 37.303386859590681 ], [ 127.044084364557648, 37.303394329492015 ], [ 127.044145120246256, 37.303403026471464 ], [ 127.044166418213592, 37.303404375707728 ], [ 127.044187536447268, 37.30340696130294 ], [ 127.044249170235972, 37.30340961805053 ], [ 127.044310700517002, 37.303413515957502 ], [ 127.044332061483729, 37.30341319105797 ], [ 127.044353395286947, 37.303414110637029 ], [ 127.04441505827765, 37.303411928643122 ], [ 127.044476770549295, 37.303410989936729 ], [ 127.044497988786603, 37.30340899403032 ], [ 127.044519332692218, 37.303408238736729 ], [ 127.044580431004832, 37.30340123901577 ], [ 127.044641730912417, 37.303395472736767 ], [ 127.044662602066253, 37.303391825045985 ], [ 127.04468375050989, 37.303389402154082 ], [ 127.044743695703346, 37.303377652120297 ], [ 127.044803992864558, 37.303367113804036 ], [ 127.044824315924117, 37.303361849459783 ], [ 127.04484506522418, 37.303357782304595 ], [ 127.044903279964771, 37.303341395122629 ], [ 127.044961993656386, 37.303326186264144 ], [ 127.044981572890222, 37.303319355967311 ], [ 127.045001723210035, 37.303313683719814 ], [ 127.045057646832518, 37.303292817214704 ], [ 127.04511421158422, 37.303273084290993 ], [ 127.045132858425731, 37.303264753824152 ], [ 127.04515221569838, 37.303257531113928 ], [ 127.045205309606274, 37.303232386250897 ], [ 127.045259180647562, 37.303208319309974 ], [ 127.047228203645233, 37.302224319640224 ], [ 127.047349408266726, 37.302157722928918 ], [ 127.048417972149352, 37.301514197061529 ], [ 127.04854786332983, 37.301427503677182 ], [ 127.048666265483476, 37.301330879806116 ], [ 127.049180650027211, 37.30086679632398 ], [ 127.049251680229503, 37.300798297915584 ], [ 127.050568515326916, 37.299439772719808 ], [ 127.050896243286246, 37.29910428096251 ], [ 127.051002852400032, 37.298981762583736 ], [ 127.051091912858652, 37.298850605581627 ], [ 127.051329180486533, 37.298449886985679 ], [ 127.051384268919875, 37.298345803923638 ], [ 127.051581929520978, 37.297924016920426 ], [ 127.051628709681125, 37.297808691029779 ], [ 127.051662371193828, 37.297690481184901 ], [ 127.051682643499916, 37.297570337731216 ], [ 127.051689363685512, 37.297449226554896 ], [ 127.05168908234748, 37.297038068096903 ], [ 127.051682353706354, 37.296918359056846 ], [ 127.051629244172361, 37.296443968450525 ], [ 127.051608983534337, 37.296323912914985 ], [ 127.051575353588632, 37.296205788046116 ], [ 127.051390241065135, 37.295668199547727 ], [ 127.051343086901795, 37.295552046008297 ], [ 127.051283008007644, 37.295439764960001 ], [ 127.049771902717623, 37.292934995009588 ], [ 127.049670833249422, 37.292739183541258 ], [ 127.049614278367557, 37.292503890222292 ], [ 127.049614122357227, 37.292266321976633 ], [ 127.049629848865791, 37.292201221393242 ], [ 127.049716995185648, 37.292033051297096 ], [ 127.049952694213914, 37.291764767939149 ], [ 127.050235295851763, 37.291443094764361 ], [ 127.050547389252628, 37.291167655368788 ], [ 127.05056699062979, 37.29115005006247 ], [ 127.050878467984447, 37.290865332262399 ], [ 127.052797089970127, 37.289440489744912 ], [ 127.05279732091428, 37.289440300526401 ], [ 127.052797573876077, 37.289440130226204 ], [ 127.055263482192046, 37.28760729143761 ], [ 127.055571085156245, 37.287440196997998 ], [ 127.055780102964391, 37.287364369365399 ], [ 127.056122042030722, 37.287361156571691 ], [ 127.056249517807373, 37.287368243384911 ], [ 127.056438269032682, 37.287411930252638 ], [ 127.056586124842795, 37.287453690986084 ], [ 127.056707793971199, 37.287505961718182 ], [ 127.056846046018237, 37.287587601983809 ], [ 127.057060158450739, 37.287755054061726 ], [ 127.061413393412025, 37.291542712066459 ], [ 127.061541012536367, 37.291642603258424 ], [ 127.061765463458542, 37.291800624376066 ], [ 127.061917877585927, 37.291896124423005 ], [ 127.062082952468259, 37.291977083992506 ], [ 127.062426156123536, 37.292124498989395 ], [ 127.062440297635376, 37.292130504369162 ], [ 127.062691099173279, 37.29223579716124 ], [ 127.062724948444483, 37.29224962249608 ], [ 127.06592291013493, 37.293519733646285 ], [ 127.066168360564134, 37.293629138677836 ], [ 127.066344377052374, 37.293756401191082 ], [ 127.066451755362266, 37.293864608770164 ], [ 127.066532315717566, 37.293966671821316 ], [ 127.066577040445935, 37.294063910745741 ], [ 127.067681634723812, 37.29803715819228 ], [ 127.068204425822842, 37.299994034602818 ], [ 127.068269463933703, 37.300174799095174 ], [ 127.068415710677797, 37.300495362752407 ], [ 127.068563480478005, 37.300868238011702 ], [ 127.068611046848417, 37.300973038032396 ], [ 127.068669258719709, 37.301074351554405 ], [ 127.068737720415555, 37.301171489858859 ], [ 127.069015186057044, 37.30152977394809 ], [ 127.06909660642593, 37.301625495225203 ], [ 127.069440071111543, 37.301994282275565 ], [ 127.069563455835677, 37.302112138578579 ], [ 127.06970278194548, 37.302218051667985 ], [ 127.069966892706901, 37.302397118602748 ], [ 127.069993180062426, 37.30241457956371 ], [ 127.070494981398497, 37.302741099721992 ], [ 127.070581924761299, 37.302794035641327 ], [ 127.072746429380175, 37.304025664592331 ], [ 127.072816414408052, 37.30407820054802 ], [ 127.072998722970311, 37.304250531603145 ], [ 127.073093016934209, 37.304389030791512 ], [ 127.073166912228302, 37.304570181340246 ], [ 127.07321332198859, 37.304864909934835 ], [ 127.073214213346645, 37.305784316455494 ], [ 127.073189195780188, 37.306513818064886 ], [ 127.073191598151766, 37.306631802899091 ], [ 127.073206869783093, 37.306749171081407 ], [ 127.073234894413375, 37.306865028645554 ], [ 127.073301099549965, 37.307086380282037 ], [ 127.073367501421885, 37.307257378099607 ], [ 127.074469936336357, 37.309547866169048 ], [ 127.074964745860925, 37.310668330218938 ], [ 127.075026230697517, 37.310788753670153 ], [ 127.075101916277319, 37.31090390156897 ], [ 127.075458767253153, 37.3113886295124 ], [ 127.075532277541711, 37.311479889942682 ], [ 127.075614713991641, 37.311566147633194 ], [ 127.075931794303173, 37.311871677059081 ], [ 127.076057588274665, 37.311980211738771 ], [ 127.076493495112103, 37.312317290710546 ], [ 127.076570326322837, 37.312373157551548 ], [ 127.077125072414702, 37.312752327224352 ], [ 127.077258884139837, 37.312834907676226 ], [ 127.077625212082594, 37.31303848237954 ], [ 127.078066251603545, 37.313339924480715 ], [ 127.07835953048297, 37.313573785392371 ], [ 127.078669432303315, 37.313886781421068 ], [ 127.078911110650054, 37.314156237561399 ], [ 127.07932020531301, 37.314738660969056 ], [ 127.0795308803024, 37.315048007089793 ], [ 127.080519775819596, 37.316859386900262 ], [ 127.080558037516909, 37.316924663366073 ], [ 127.080782817765467, 37.317282954706428 ], [ 127.080853276133411, 37.317384188004119 ], [ 127.08093432411232, 37.317480233644176 ], [ 127.081119337971018, 37.317680414222608 ], [ 127.081250089084989, 37.317805370079235 ], [ 127.081398701798918, 37.317916864687525 ], [ 127.081794986719231, 37.318180153612232 ], [ 127.081978639867117, 37.318286392097633 ], [ 127.082546552955137, 37.318570644468544 ], [ 127.082723989969992, 37.318648073491012 ], [ 127.083199391311851, 37.318826962488927 ], [ 127.083374363258216, 37.31888351180055 ], [ 127.083876121122614, 37.319020209577417 ], [ 127.084107386731034, 37.319068956013481 ], [ 127.085488872651439, 37.319278090115766 ], [ 127.086073199027311, 37.319369319118259 ], [ 127.086562659207743, 37.31952247939688 ], [ 127.086707672841072, 37.319587197016972 ], [ 127.093769680894141, 37.323644588037176 ], [ 127.10020697149011, 37.327445046113255 ], [ 127.101256230171671, 37.328112126542827 ], [ 127.101360102943758, 37.328222478622223 ], [ 127.101441484258004, 37.328347128747183 ], [ 127.101544659492603, 37.328534903213438 ], [ 127.101615337912818, 37.328765856553133 ], [ 127.101642294514363, 37.328889912518108 ], [ 127.101597087913007, 37.330009052918875 ], [ 127.101301612367237, 37.335422508302088 ], [ 127.101130366470841, 37.337853676968031 ], [ 127.101130211559962, 37.337871105045757 ], [ 127.101128477925585, 37.337888478504738 ], [ 127.101029795742008, 37.340477768165705 ], [ 127.101031689681051, 37.340594895170511 ], [ 127.10104627371733, 37.340711451727095 ], [ 127.101073438445468, 37.340826562993428 ], [ 127.10120608652457, 37.341279774635915 ], [ 127.10126614379179, 37.341439678165713 ], [ 127.101504512570884, 37.341956053535299 ], [ 127.101564413197366, 37.342069585306604 ], [ 127.101637008197272, 37.342178292642679 ], [ 127.101721694924748, 37.342281273031688 ], [ 127.102065518604178, 37.342660504794395 ], [ 127.10215496160086, 37.342750799922278 ], [ 127.102253701220391, 37.342834692827459 ], [ 127.102361021642096, 37.342911575296441 ], [ 127.102439490356602, 37.342963147406145 ], [ 127.102420653329546, 37.34534443183103 ], [ 127.102420642284585, 37.345345965792987 ], [ 127.102258416482982, 37.370329144591608 ], [ 127.102250204954046, 37.371884322839065 ], [ 127.102256103996851, 37.372002896744817 ], [ 127.10227500758819, 37.37212060113454 ], [ 127.102601702483355, 37.373627031637625 ], [ 127.102661580119829, 37.373818600174367 ], [ 127.103292389277271, 37.375350329241456 ], [ 127.103372332923755, 37.375509584373987 ], [ 127.104156435954124, 37.376823306617339 ], [ 127.104277081849389, 37.376992770238417 ], [ 127.105214353751663, 37.378112761355908 ], [ 127.105365047004071, 37.378267296972112 ], [ 127.107745796335095, 37.380374146459509 ], [ 127.107798781939522, 37.380474472577376 ], [ 127.107830770220403, 37.380531341056624 ], [ 127.108936766035015, 37.382382094473343 ], [ 127.109429098817813, 37.383736814868961 ], [ 127.109432198787971, 37.384772383337868 ], [ 127.109461956803969, 37.394561934711426 ], [ 127.109381912980894, 37.399258940937393 ], [ 127.109381836765778, 37.399290494078897 ], [ 127.109414462353826, 37.401962198842234 ], [ 127.10935640365328, 37.403233537375073 ], [ 127.109159715022656, 37.403881157686236 ], [ 127.108778633878927, 37.404641175189838 ], [ 127.107403994367431, 37.405373674930431 ], [ 127.103373306949564, 37.407307086503543 ], [ 127.103299511146176, 37.407344584237286 ], [ 127.097210435846392, 37.410617561551604 ], [ 127.097093182438513, 37.410686608055052 ], [ 127.087069516884767, 37.417137225328673 ], [ 127.087006978644496, 37.417179496123644 ], [ 127.077425824556002, 37.423978776940814 ], [ 127.077410396587482, 37.423989859525427 ], [ 127.075328927738923, 37.425503535853608 ], [ 127.07526734972366, 37.425550631878878 ], [ 127.072074929658896, 37.428118186528366 ], [ 127.072035376910989, 37.428151086852466 ], [ 127.062064969395792, 37.436728017299721 ], [ 127.061971895127414, 37.436815200687278 ], [ 127.060719990939035, 37.438093799221882 ], [ 127.06064130642973, 37.438181105689253 ], [ 127.059894814994593, 37.439083004101029 ], [ 127.059847020109032, 37.439144240841685 ], [ 127.059504297241673, 37.439610636059435 ], [ 127.059495254119525, 37.439623093882894 ], [ 127.056592338706906, 37.443671454099878 ], [ 127.055100670772873, 37.445601587826893 ], [ 127.053446106836915, 37.44741146736358 ], [ 127.049277725976339, 37.451961709172245 ], [ 127.049247196919012, 37.451996147391718 ], [ 127.047348372283807, 37.454210510759133 ], [ 127.045113744547322, 37.456650595708147 ], [ 127.04388000999316, 37.457914339943429 ], [ 127.043859709152358, 37.457935563024698 ], [ 127.042236472983902, 37.459667682773606 ], [ 127.042217212735267, 37.45968865168954 ], [ 127.040245422351333, 37.461879149856962 ], [ 127.039314854527433, 37.462890963000838 ], [ 127.039292505655965, 37.462915848511251 ], [ 127.03799767203472, 37.464392644206072 ], [ 127.037934906509548, 37.464469674668095 ], [ 127.037468474928062, 37.465087050840694 ], [ 127.037402038009787, 37.465183692113648 ], [ 127.037345695440621, 37.465284325061681 ], [ 127.037095170080462, 37.465785754722909 ], [ 127.037037882054122, 37.465920703280744 ], [ 127.03699872671497, 37.466059707577372 ], [ 127.036847625204445, 37.466769189739402 ], [ 127.036827317363191, 37.466907219688444 ], [ 127.036768291335818, 37.467626461644102 ], [ 127.03676494938793, 37.467690345801032 ], [ 127.036744574431694, 37.468591240733168 ], [ 127.036744438889542, 37.46863298019808 ], [ 127.03675605183102, 37.469353360101131 ], [ 127.036756406319029, 37.469368633123125 ], [ 127.036780490297772, 37.470163451941957 ], [ 127.03678052785412, 37.470163859953047 ], [ 127.036780515364001, 37.470164268939584 ], [ 127.036945901444909, 37.475488627638946 ], [ 127.036959679536324, 37.476193208115191 ], [ 127.036961152927148, 37.477063110104304 ], [ 127.036936000651366, 37.477719655944213 ], [ 127.036841885790196, 37.478519870716063 ], [ 127.036749685176119, 37.478937911166014 ], [ 127.036560649135225, 37.479492917954445 ], [ 127.036301473530358, 37.479997168408332 ], [ 127.036030473088459, 37.48037118844416 ], [ 127.035772662906666, 37.480660393675755 ], [ 127.035225234329687, 37.481214899753176 ], [ 127.034806656145278, 37.481609084167289 ], [ 127.03475731498078, 37.481657792848594 ], [ 127.033630227417945, 37.482824679667658 ], [ 127.033264755300536, 37.483128710379461 ], [ 127.032595503567649, 37.483039565087267 ] ], [ [ 126.920531722632049, 37.616152434516188 ], [ 126.91980281626995, 37.614994418240784 ], [ 126.919582199241361, 37.61464351484279 ], [ 126.91956021838908, 37.614581343242293 ], [ 126.919521466164696, 37.614430964986475 ], [ 126.919403766429582, 37.613656418125856 ], [ 126.91940201684541, 37.613645291972688 ], [ 126.91915125659078, 37.612102566480523 ], [ 126.919001637997653, 37.611098578350479 ], [ 126.918991449027914, 37.611050519710744 ], [ 126.918982821453781, 37.611002191355702 ], [ 126.918981034576376, 37.610996363612792 ], [ 126.918979913032857, 37.610990457083652 ], [ 126.918976328465291, 37.610979199956411 ], [ 126.918973900738962, 37.610967748991264 ], [ 126.91895784355475, 37.610920728058908 ], [ 126.918943299373183, 37.610873293362687 ], [ 126.918940801584512, 37.610867629654628 ], [ 126.918938958758332, 37.610861842346615 ], [ 126.91876839266763, 37.610418776611105 ], [ 126.918713074283119, 37.610296430085938 ], [ 126.918618021008754, 37.61011422775497 ], [ 126.918542864399456, 37.609988792708386 ], [ 126.917844782135646, 37.608963002447915 ], [ 126.917188335397014, 37.607894051944577 ], [ 126.917035537735188, 37.607532519857415 ], [ 126.916984659620837, 37.607310129941006 ], [ 126.916968992111663, 37.60709375451485 ], [ 126.916992312320559, 37.60675274194589 ], [ 126.917285832574791, 37.604605055505637 ], [ 126.917287443554002, 37.604592743344291 ], [ 126.917686281529015, 37.601402677943305 ], [ 126.918171685976148, 37.601515089476017 ], [ 126.918321870318636, 37.60156254739799 ], [ 126.918405977833132, 37.601603877852824 ], [ 126.91847998779852, 37.601644119939984 ], [ 126.918550097052645, 37.601691243468878 ], [ 126.918630553531131, 37.601754808417624 ], [ 126.91881290009421, 37.601924070857287 ], [ 126.91890638123337, 37.602025821721682 ], [ 126.918986669231629, 37.60219551334518 ], [ 126.919002557693005, 37.602227830035154 ], [ 126.919470619042926, 37.603144969204116 ], [ 126.919474212543392, 37.603151954367476 ], [ 126.920419191998405, 37.604974261532107 ], [ 126.921328728240383, 37.606785504668387 ], [ 126.921331005920806, 37.606789464373222 ], [ 126.921332826522345, 37.606793592451375 ], [ 126.921343550674578, 37.606811922866584 ], [ 126.921352664605621, 37.606830766450386 ], [ 126.921635547086055, 37.607339615602754 ], [ 126.921673020119826, 37.607402583669959 ], [ 126.921845019557949, 37.607673336389844 ], [ 126.921959509460109, 37.607827317167668 ], [ 126.922106060168915, 37.607997597556142 ], [ 126.922223105320157, 37.608118370063046 ], [ 126.92235650278819, 37.608227887542732 ], [ 126.922540024781526, 37.608362463303941 ], [ 126.92271992400299, 37.608477431463314 ], [ 126.922943944620926, 37.608601676065334 ], [ 126.923073235278636, 37.608666705852386 ], [ 126.923640073130329, 37.608924159534652 ], [ 126.923659376991282, 37.608932794940813 ], [ 126.924274511808676, 37.609203785636083 ], [ 126.924574102205227, 37.609339473693616 ], [ 126.924806603252563, 37.609474575658446 ], [ 126.925222113245837, 37.60975347202865 ], [ 126.925379422596038, 37.609847227966846 ], [ 126.925899094220156, 37.610121114008749 ], [ 126.926218615073708, 37.610324209653953 ], [ 126.926947744190215, 37.610832703993331 ], [ 126.927232562630593, 37.611074788521279 ], [ 126.927297152508331, 37.61113719118854 ], [ 126.926560002726859, 37.611993686987525 ], [ 126.925141124171489, 37.613609867638253 ], [ 126.924601860937216, 37.614050874199222 ], [ 126.923565698942582, 37.614804434882508 ], [ 126.922705251702681, 37.615392836870775 ], [ 126.922550087299157, 37.615513468520795 ], [ 126.921773497954689, 37.616199614234766 ], [ 126.921712674552438, 37.616256431398931 ], [ 126.920991526906079, 37.616969011529491 ], [ 126.920564140171479, 37.616206938587503 ], [ 126.920531722632049, 37.616152434516188 ] ], [ [ 126.923564594699798, 37.603949970111749 ], [ 126.922617724030744, 37.602124164697386 ], [ 126.922159620154858, 37.601226611129235 ], [ 126.922046069864848, 37.600986639736291 ], [ 126.921957197095892, 37.600829865845142 ], [ 126.921856047495353, 37.60067802008539 ], [ 126.921726439479841, 37.600513281936408 ], [ 126.921517730670899, 37.600286119172537 ], [ 126.921436068610518, 37.600204097671458 ], [ 126.921166470805019, 37.599953852695137 ], [ 126.921073612294265, 37.599874352874011 ], [ 126.920896210173368, 37.599734199228386 ], [ 126.92079547853794, 37.599660774965741 ], [ 126.920606913258368, 37.599534034409608 ], [ 126.920469093288688, 37.59945059292005 ], [ 126.920291067533739, 37.59935379485232 ], [ 126.920225215161494, 37.599319738016234 ], [ 126.919980704856556, 37.599199586868622 ], [ 126.919850784220472, 37.599141838514591 ], [ 126.919715011496521, 37.599093356189023 ], [ 126.919351192228021, 37.598978390908556 ], [ 126.919198853065609, 37.598936786930295 ], [ 126.918429872058539, 37.598758704018451 ], [ 126.91793757083947, 37.598609330317828 ], [ 126.917790727738279, 37.598547218831023 ], [ 126.917442037042278, 37.598207261512862 ], [ 126.91712393995158, 37.597892205010417 ], [ 126.91699651498142, 37.597323308703139 ], [ 126.916984713032875, 37.597275601112429 ], [ 126.916446681349072, 37.595289777384721 ], [ 126.915656028445724, 37.592348336896016 ], [ 126.915262369481667, 37.590598683765222 ], [ 126.915259958093429, 37.590590347609286 ], [ 126.91525845045733, 37.590581878004549 ], [ 126.915258347807779, 37.590581452818213 ], [ 126.915258346042435, 37.590581442924197 ], [ 126.915258343106117, 37.590581433343452 ], [ 126.914958192551907, 37.589338154407365 ], [ 126.914955972398943, 37.589329123950847 ], [ 126.914590071567702, 37.587867215753249 ], [ 126.914589445072039, 37.587864724841907 ], [ 126.914435514965461, 37.587255676350146 ], [ 126.914390368536544, 37.587116038870036 ], [ 126.914128437234979, 37.586454344277477 ], [ 126.914062700682052, 37.586315406867953 ], [ 126.913978218101448, 37.586183042723889 ], [ 126.913359840920251, 37.585333236899139 ], [ 126.913284874281757, 37.585239345038502 ], [ 126.913200462016633, 37.585150675524638 ], [ 126.912666580830702, 37.584635363734854 ], [ 126.912653541513023, 37.584622930302011 ], [ 126.91082791509703, 37.582903122754125 ], [ 126.910823787952054, 37.582899600878832 ], [ 126.910820080321272, 37.582895794927929 ], [ 126.909573019216822, 37.581737774439816 ], [ 126.90793923116901, 37.58022318401062 ], [ 126.906517552754721, 37.57888478003408 ], [ 126.905247244968209, 37.577665030599974 ], [ 126.905234555064297, 37.577652988637915 ], [ 126.904229439183197, 37.576710359662435 ], [ 126.905053892407622, 37.576123060585594 ], [ 126.909175293031367, 37.573235899164324 ], [ 126.910478570275643, 37.572489033772683 ], [ 126.912049603336726, 37.57167713641276 ], [ 126.915406746171158, 37.570159979163854 ], [ 126.915408072357337, 37.570159591760081 ], [ 126.915464080308524, 37.570144663906341 ], [ 126.915475151609016, 37.570140714877482 ], [ 126.915486599739424, 37.570137518245701 ], [ 126.915497657387249, 37.570133422254059 ], [ 126.915509107068075, 37.570130077576373 ], [ 126.915562293724918, 37.570109632052414 ], [ 126.91561619364856, 37.570090406379059 ], [ 126.915626725326049, 37.570085612590837 ], [ 126.91563772467218, 37.570081538176588 ], [ 126.915648224664878, 37.570076599198472 ], [ 126.915659207322761, 37.570072377330234 ], [ 126.915709620065016, 37.570047880672028 ], [ 126.915760892855516, 37.570024542341798 ], [ 126.917155037889785, 37.569315505741152 ], [ 126.918753267233768, 37.568549880105415 ], [ 126.920117623068705, 37.568010422147424 ], [ 126.921464379851898, 37.567777546157195 ], [ 126.921490005588907, 37.567772949431188 ], [ 126.922688477699353, 37.567550196218136 ], [ 126.923874006735218, 37.56746524019983 ], [ 126.924002258314644, 37.567452115055183 ], [ 126.924128883763757, 37.567431261505057 ], [ 126.925122866798361, 37.567235881335108 ], [ 126.925279838102853, 37.567198547609763 ], [ 126.925431560344492, 37.567149349455669 ], [ 126.925576621899182, 37.567088744615404 ], [ 126.925713673123141, 37.567017296959051 ], [ 126.927157202935035, 37.566182868555281 ], [ 126.927346747719554, 37.566055478178761 ], [ 126.928608773252236, 37.56507296582128 ], [ 126.928680478860073, 37.565013633961676 ], [ 126.93036514757172, 37.563531865597362 ], [ 126.93184751561185, 37.562338320688369 ], [ 126.93326712223849, 37.561343795702641 ], [ 126.933824304862014, 37.561131257873917 ], [ 126.934840280634234, 37.560995216600666 ], [ 126.937182371267369, 37.560998807045074 ], [ 126.941692569528641, 37.561037810723654 ], [ 126.944895496899136, 37.561069356682971 ], [ 126.945968044410577, 37.561158761935957 ], [ 126.947740463352829, 37.561478081412282 ], [ 126.951932347549032, 37.56234444566109 ], [ 126.952064026759317, 37.562367260797949 ], [ 126.957979302010173, 37.563197855566678 ], [ 126.958043999143143, 37.563205917828185 ], [ 126.962116035313002, 37.5636494410832 ], [ 126.962229335341192, 37.563658711195366 ], [ 126.963141864595741, 37.563708826512496 ], [ 126.963216651832326, 37.563836734395721 ], [ 126.963274363490996, 37.5639265224642 ], [ 126.964286137601349, 37.565365566655544 ], [ 126.964349776439875, 37.565448878881661 ], [ 126.965193778039307, 37.566468998582735 ], [ 126.96519426665202, 37.566469530369218 ], [ 126.965194683872326, 37.566470091678525 ], [ 126.965234994313633, 37.56651387484122 ], [ 126.965274344501708, 37.566558253302588 ], [ 126.967932847050264, 37.569264035609976 ], [ 126.968043873806366, 37.569366090697173 ], [ 126.96816713398178, 37.569458823467286 ], [ 126.970245146593186, 37.570872648066398 ], [ 126.970428622396469, 37.570981351055487 ], [ 126.971447433758541, 37.571503977983966 ], [ 126.972151505872361, 37.57202935248241 ], [ 126.972221745288991, 37.572078933513225 ], [ 126.97255797243605, 37.57230336909268 ], [ 126.972112380795949, 37.572889765756827 ], [ 126.972047111812344, 37.572983922311742 ], [ 126.971991450980539, 37.5730819097801 ], [ 126.971193106392278, 37.574650706327851 ], [ 126.970807449216508, 37.574684110638707 ], [ 126.970130373337454, 37.574712505781356 ], [ 126.969009923060412, 37.573809145511845 ], [ 126.96882460346859, 37.573679966344478 ], [ 126.968204991511087, 37.57330761662697 ], [ 126.968047334022671, 37.573223452139288 ], [ 126.967878862224396, 37.573153814927458 ], [ 126.967701680216237, 37.573099574701914 ], [ 126.967151610154218, 37.572958716286742 ], [ 126.967116882949597, 37.572950148787285 ], [ 126.966674209841827, 37.572845056013342 ], [ 126.966561695873921, 37.572789068322784 ], [ 126.966358063656628, 37.57262482367792 ], [ 126.966150173832816, 37.57236621463332 ], [ 126.965892728419618, 37.572012750929737 ], [ 126.96579766829943, 37.571896433575873 ], [ 126.9656881302367, 37.571788484066374 ], [ 126.965565268097393, 37.571690039474156 ], [ 126.965430376079553, 37.571602136748908 ], [ 126.965187270653743, 37.57145965272391 ], [ 126.965017734656641, 37.571372165394855 ], [ 126.96483634701768, 37.571301319794905 ], [ 126.964459838601428, 37.571175788925032 ], [ 126.964297966595311, 37.571129340143266 ], [ 126.964131021330928, 37.571096164642491 ], [ 126.963960715917523, 37.571076602851583 ], [ 126.96378879793879, 37.571070855502406 ], [ 126.963448016953819, 37.571073213634328 ], [ 126.963397580110694, 37.571074158942317 ], [ 126.960905351641728, 37.571150331808226 ], [ 126.960763425526721, 37.571159421598786 ], [ 126.960240213943493, 37.571210572267645 ], [ 126.960225997301961, 37.571212010575287 ], [ 126.959774265068589, 37.57125925385958 ], [ 126.959621183112034, 37.571280976897725 ], [ 126.959471238264911, 37.571313751272683 ], [ 126.959325687048533, 37.571357302339123 ], [ 126.959185749171922, 37.571411265144029 ], [ 126.959052597311768, 37.571475187484431 ], [ 126.958927347286675, 37.571548533696408 ], [ 126.958596155964159, 37.571761743525677 ], [ 126.958496378313825, 37.571831276211 ], [ 126.958403719793253, 37.57190679260458 ], [ 126.956728992661908, 37.573382764842535 ], [ 126.955105352387946, 37.574813577586681 ], [ 126.954952231582425, 37.574970246998355 ], [ 126.953465151911558, 37.576746971300615 ], [ 126.951845130250746, 37.578405943179462 ], [ 126.950114444427214, 37.580012963584203 ], [ 126.950075394312705, 37.580050575056106 ], [ 126.949596712575925, 37.580528940251561 ], [ 126.949512757407589, 37.580620461822903 ], [ 126.949438726958832, 37.58071725707331 ], [ 126.949163566210657, 37.581113520126181 ], [ 126.949076895015949, 37.581257915169274 ], [ 126.948658817096685, 37.58207563627937 ], [ 126.9482122238269, 37.582840682970222 ], [ 126.947954871898858, 37.583129847904956 ], [ 126.946793722292099, 37.584253464750127 ], [ 126.946785284482701, 37.584261695343983 ], [ 126.945110378230368, 37.585908586730511 ], [ 126.944121557219191, 37.586851410066991 ], [ 126.942872876978058, 37.587836244084777 ], [ 126.942854653497463, 37.587852101142396 ], [ 126.942835147950703, 37.587866960993601 ], [ 126.941449225807119, 37.589031729610014 ], [ 126.941344919732302, 37.589128089347078 ], [ 126.941252453178009, 37.589231821940288 ], [ 126.940399255975436, 37.590291247487592 ], [ 126.940347595115128, 37.590359770875139 ], [ 126.939920760297738, 37.590965831347098 ], [ 126.939840633851233, 37.59109537010918 ], [ 126.939778323812959, 37.591230969417126 ], [ 126.939597571707552, 37.59170070183945 ], [ 126.939561565360421, 37.591810552801626 ], [ 126.939537267692316, 37.591922420201747 ], [ 126.939207898387508, 37.593940478581032 ], [ 126.939173244484337, 37.594045545427242 ], [ 126.939095496492683, 37.594165861659661 ], [ 126.938197740749672, 37.595020116516885 ], [ 126.938118990414708, 37.59510109366331 ], [ 126.938048167505343, 37.595186580660915 ], [ 126.93765194837259, 37.595706677260722 ], [ 126.937561335902771, 37.59584248555602 ], [ 126.937490689069094, 37.595985602004703 ], [ 126.937181482400234, 37.596734612560709 ], [ 126.93702146578029, 37.597068151562546 ], [ 126.936718083969936, 37.597447914681631 ], [ 126.935508558358094, 37.598462435176927 ], [ 126.935389369875182, 37.598573916501003 ], [ 126.93510948496656, 37.598866411517974 ], [ 126.934997240925668, 37.598999374382672 ], [ 126.93490554738456, 37.599141965838825 ], [ 126.934314738590345, 37.600212795528122 ], [ 126.933753506686372, 37.601209902227311 ], [ 126.933672879165783, 37.601384430983053 ], [ 126.93350007323491, 37.601856494415529 ], [ 126.933462831850278, 37.60197935123734 ], [ 126.933330553798598, 37.602526869857115 ], [ 126.933308472955247, 37.602647271369449 ], [ 126.933093625700891, 37.604353051701345 ], [ 126.933047718170954, 37.60451319979655 ], [ 126.932955322193138, 37.604656216711305 ], [ 126.932485970528731, 37.60529868854983 ], [ 126.931179031227245, 37.606699861875853 ], [ 126.931154446944134, 37.606726909515309 ], [ 126.929268534055439, 37.608856595981223 ], [ 126.929251423240316, 37.608843420428087 ], [ 126.928430005543063, 37.608270576483179 ], [ 126.928370532537585, 37.60823097271701 ], [ 126.927961572824046, 37.607971032082695 ], [ 126.927839331751926, 37.607900186101091 ], [ 126.927338631886442, 37.607636303023831 ], [ 126.926952893358532, 37.607377394378325 ], [ 126.926859377513182, 37.607318956475495 ], [ 126.926501005394826, 37.607110716420131 ], [ 126.926339416390022, 37.607027556499254 ], [ 126.925947337632266, 37.606849981441506 ], [ 126.925929807215184, 37.606842150620331 ], [ 126.925315578449712, 37.606571561882738 ], [ 126.924824854027648, 37.606348680932975 ], [ 126.924804564572057, 37.606337428329056 ], [ 126.924726150145062, 37.606214000107599 ], [ 126.924473453644111, 37.605759483575127 ], [ 126.923571767775783, 37.603964024341266 ], [ 126.923564594699798, 37.603949970111749 ] ], [ [ 126.924607974430018, 37.56238325487238 ], [ 126.924645174028967, 37.562338813911097 ], [ 126.92578789643845, 37.560913386997591 ], [ 126.925802425634814, 37.560894936933288 ], [ 126.92645012613724, 37.560057525318349 ], [ 126.926589560417213, 37.560068919858779 ], [ 126.926748283159014, 37.560075936679034 ], [ 126.926907134716288, 37.560071108445101 ], [ 126.927064723260386, 37.560054477460426 ], [ 126.927380976494675, 37.560009023357878 ], [ 126.927583179998891, 37.559969640503716 ], [ 126.927777811875998, 37.559910860011215 ], [ 126.928328384462262, 37.55971306046699 ], [ 126.928350610060264, 37.559704921694752 ], [ 126.930483008233807, 37.558909169251756 ], [ 126.935644516310077, 37.557027458108088 ], [ 126.936695960317962, 37.556644678244915 ], [ 126.936976858983115, 37.556570418058691 ], [ 126.937188121610632, 37.556590860943274 ], [ 126.938422546371953, 37.557004546495669 ], [ 126.938426975741663, 37.55700602498657 ], [ 126.939585829176252, 37.557391301003022 ], [ 126.940356855373722, 37.557653298871351 ], [ 126.940567389585169, 37.557712149675162 ], [ 126.941141916477321, 37.557839684763771 ], [ 126.941282579867405, 37.557865832193571 ], [ 126.941425525590503, 37.557882368928411 ], [ 126.942067299892543, 37.557934540462732 ], [ 126.942145866774098, 37.557939463812325 ], [ 126.944083974726865, 37.558024931810678 ], [ 126.944086447563606, 37.558025039399354 ], [ 126.945783442024592, 37.558097872376507 ], [ 126.951060542666454, 37.558453037260435 ], [ 126.951081886943385, 37.558454365496466 ], [ 126.953949505400885, 37.558618309005062 ], [ 126.953984260656043, 37.558620010639743 ], [ 126.956118683443449, 37.558707018029111 ], [ 126.956157196661437, 37.558707081240762 ], [ 126.95619568566444, 37.558708764279181 ], [ 126.956212737849626, 37.558708176089034 ], [ 126.956229772760892, 37.558708648224403 ], [ 126.95747781936069, 37.55869444622892 ], [ 126.957596407442821, 37.558689791661131 ], [ 126.958522678681874, 37.558627532017091 ], [ 126.958736455704283, 37.558622097902983 ], [ 126.958991883183117, 37.558786976178212 ], [ 126.961120067224556, 37.560535865146683 ], [ 126.961365610593973, 37.560806053385114 ], [ 126.961389405211463, 37.560841122635345 ], [ 126.958536985975343, 37.560530425601627 ], [ 126.952720570121997, 37.559713715299971 ], [ 126.948568211359415, 37.558855521086052 ], [ 126.948516254609231, 37.558845474054515 ], [ 126.946619768754047, 37.558503803036544 ], [ 126.946421739354648, 37.558477804164269 ], [ 126.945171510729054, 37.558373588272069 ], [ 126.945015615815436, 37.558366339173915 ], [ 126.941733331254113, 37.558334013621092 ], [ 126.941732014611546, 37.558334052105543 ], [ 126.941730699446779, 37.558333989288897 ], [ 126.937211728682485, 37.558294910925127 ], [ 126.93719648920694, 37.558294833285402 ], [ 126.934703366445305, 37.558291010601955 ], [ 126.934560367448697, 37.558295590278888 ], [ 126.934418360504054, 37.558309738290873 ], [ 126.933024718495204, 37.558496349580295 ], [ 126.932869743667155, 37.558523075980133 ], [ 126.932718575429519, 37.558561192492768 ], [ 126.932572531591305, 37.558610366838465 ], [ 126.931587562372968, 37.558986081951645 ], [ 126.931450521881899, 37.559044641963375 ], [ 126.931320785615526, 37.559112937008713 ], [ 126.931199441688236, 37.559190394298923 ], [ 126.929559252366232, 37.560339430789156 ], [ 126.929473507540294, 37.560403836559729 ], [ 126.927923317266405, 37.561651958198759 ], [ 126.927871809841932, 37.561695300280441 ], [ 126.926196697808194, 37.56316862201291 ], [ 126.92506057518456, 37.564053096049392 ], [ 126.923986262858094, 37.564674091941448 ], [ 126.923440343306027, 37.564781398937036 ], [ 126.92251532337464, 37.564847686950124 ], [ 126.923251502865838, 37.563936364852083 ], [ 126.924607974430018, 37.56238325487238 ] ], [ [ 126.920355555951204, 37.552424815915195 ], [ 126.916590262887297, 37.549682759474841 ], [ 126.91687457919835, 37.549621849311549 ], [ 126.916892518915205, 37.549617921951707 ], [ 126.918029428520271, 37.549363681432091 ], [ 126.918464398884197, 37.549294648129958 ], [ 126.918837983705131, 37.549261390868359 ], [ 126.919920108339653, 37.549208166146336 ], [ 126.922561298567999, 37.549091784039597 ], [ 126.927592960039476, 37.548954402945554 ], [ 126.927614404613749, 37.548953708924124 ], [ 126.931995258665779, 37.548789761875746 ], [ 126.934544963920189, 37.548765607963524 ], [ 126.935224740432147, 37.548764581806147 ], [ 126.935332985216334, 37.548786990978741 ], [ 126.936432683962153, 37.549128902266546 ], [ 126.935825095320354, 37.549880386634946 ], [ 126.935264038951232, 37.550361917635051 ], [ 126.93398375829311, 37.551211444521066 ], [ 126.93376635183904, 37.551345878880845 ], [ 126.933631339946359, 37.551438819011061 ], [ 126.933325383550041, 37.551672903040085 ], [ 126.932712570450988, 37.552132614895172 ], [ 126.932696002843159, 37.552145212279498 ], [ 126.931793027492063, 37.552841123262475 ], [ 126.930577136524448, 37.553721901850388 ], [ 126.929366725511272, 37.554544702274967 ], [ 126.928575035478971, 37.554964928891366 ], [ 126.927437491024094, 37.555529074097571 ], [ 126.92662886927647, 37.55590282381204 ], [ 126.924669883441993, 37.555640343842761 ], [ 126.920370052305245, 37.552435496124531 ], [ 126.920355555951204, 37.552424815915195 ] ], [ [ 126.919727041335165, 37.546508545117987 ], [ 126.919716141869728, 37.54650905326568 ], [ 126.918586518896021, 37.54656461439474 ], [ 126.91850252271314, 37.546570415136912 ], [ 126.918014932395053, 37.54661382147853 ], [ 126.917871660734761, 37.546631534762199 ], [ 126.917301344336479, 37.546722048678006 ], [ 126.917174119336593, 37.546746331850727 ], [ 126.915983177803852, 37.547012655401062 ], [ 126.914158952135907, 37.54740345212906 ], [ 126.914099750370525, 37.547310868330712 ], [ 126.913552581107311, 37.545778045672627 ], [ 126.913509417280537, 37.545673506155786 ], [ 126.913455718929626, 37.545572107940274 ], [ 126.9126153828593, 37.544149902772446 ], [ 126.912552351479818, 37.544053488276639 ], [ 126.912479796953804, 37.543961417013684 ], [ 126.909676945790764, 37.54070312000561 ], [ 126.909673745115995, 37.540699412289584 ], [ 126.904950314590579, 37.535246676427022 ], [ 126.904409044883295, 37.534538480533577 ], [ 126.906331927378616, 37.533691366336065 ], [ 126.907564453267398, 37.533260681283643 ], [ 126.908312249279959, 37.533119221829445 ], [ 126.908800855051339, 37.533072963928838 ], [ 126.908816418090069, 37.533071490490904 ], [ 126.909213913954687, 37.533064008466525 ], [ 126.910121797439956, 37.533132467242112 ], [ 126.910166530110615, 37.533135365581835 ], [ 126.910178469490035, 37.533136012777007 ], [ 126.910223282122558, 37.533137968411765 ], [ 126.910695081085052, 37.533153578865935 ], [ 126.910864110988996, 37.533152463834284 ], [ 126.910909055332922, 37.533150382400308 ], [ 126.911077107996348, 37.533135886686068 ], [ 126.911495806069354, 37.533082863626305 ], [ 126.911644832932168, 37.533058494065465 ], [ 126.911684128425676, 37.533050591924059 ], [ 126.911829817711478, 37.533015695401581 ], [ 126.912337842008853, 37.532873950361754 ], [ 126.91242629962845, 37.532847040957037 ], [ 126.9124496188074, 37.532839346995381 ], [ 126.912536055040135, 37.532808551670975 ], [ 126.913345952278462, 37.532498130018858 ], [ 126.916399618061519, 37.531451859696254 ], [ 126.916552243573463, 37.531392181258923 ], [ 126.916591842152812, 37.531374685783589 ], [ 126.916736205890444, 37.53130314821275 ], [ 126.917050919056749, 37.531129201419475 ], [ 126.917191293824942, 37.531042612474486 ], [ 126.917227110507014, 37.531018028382846 ], [ 126.917355360882851, 37.530920236639588 ], [ 126.917660684409242, 37.530661729490809 ], [ 126.917690102592047, 37.530636173156225 ], [ 126.917697836477984, 37.530629279116937 ], [ 126.91772642241115, 37.530603130168963 ], [ 126.918912779574271, 37.529489368956249 ], [ 126.918935216236761, 37.529467857732563 ], [ 126.92251350294552, 37.525963842439786 ], [ 126.922531142734641, 37.525946271030556 ], [ 126.922535794665933, 37.525941557250526 ], [ 126.92255306585993, 37.525923753491078 ], [ 126.924532608374207, 37.523847618323217 ], [ 126.925226162467382, 37.524268282867567 ], [ 126.925358112512583, 37.524340739694111 ], [ 126.925498054436233, 37.524402962126977 ], [ 126.925644740720742, 37.524454395473533 ], [ 126.925796863715988, 37.524494581221077 ], [ 126.926152531629711, 37.524573904727923 ], [ 126.9279736465989, 37.525713814747753 ], [ 126.927980977503481, 37.525718377505974 ], [ 126.931868348278059, 37.528124100846227 ], [ 126.932474353071086, 37.52854240335347 ], [ 126.93322943689428, 37.529286695220755 ], [ 126.933237731726564, 37.529294806990741 ], [ 126.935918945550242, 37.531896107178973 ], [ 126.939460998581367, 37.535875535155782 ], [ 126.939541735010422, 37.53595912325639 ], [ 126.941880899050972, 37.538194673270041 ], [ 126.941939257268146, 37.538247579521965 ], [ 126.943914205035441, 37.539946605299157 ], [ 126.943979956686036, 37.540000117437131 ], [ 126.944733542736188, 37.540580370948796 ], [ 126.944759157509679, 37.540598242811726 ], [ 126.944783426458386, 37.540617268358666 ], [ 126.94772859908214, 37.542709614779397 ], [ 126.947928591854421, 37.542861681430487 ], [ 126.946298284103008, 37.543564174413142 ], [ 126.946286054377268, 37.543569495798444 ], [ 126.944260796033319, 37.544459309464656 ], [ 126.943658066019893, 37.544651370824525 ], [ 126.941352708706916, 37.545345475083018 ], [ 126.941195126964644, 37.545400332434419 ], [ 126.940192133245361, 37.545798818247405 ], [ 126.940051404133072, 37.545861543834711 ], [ 126.939918783580922, 37.545934617128026 ], [ 126.938756567515114, 37.546642257854629 ], [ 126.938629442217419, 37.546727838972636 ], [ 126.938513452711447, 37.546822920265591 ], [ 126.93847524111888, 37.546861105660149 ], [ 126.936474952487899, 37.546239200166411 ], [ 126.936284590582346, 37.546190091271818 ], [ 126.935867603147813, 37.546103765296188 ], [ 126.935725825902296, 37.546079508079231 ], [ 126.935581966323369, 37.54606497103957 ], [ 126.935437073590464, 37.546060260196533 ], [ 126.934530030764577, 37.546061630498869 ], [ 126.934513019183711, 37.546061723986092 ], [ 126.931925092755961, 37.546086240516011 ], [ 126.931895328044575, 37.546087687277982 ], [ 126.931865507988391, 37.546087637502978 ], [ 126.92746575398111, 37.546252293980793 ], [ 126.922427137443464, 37.546389865923935 ], [ 126.922409315430997, 37.546391051261416 ], [ 126.922391431694351, 37.546391139730005 ], [ 126.919727041335165, 37.546508545117987 ] ], [ [ 126.922468225283481, 37.518851535164607 ], [ 126.921465256660284, 37.518240944674922 ], [ 126.921451908101446, 37.51823290090983 ], [ 126.920331355951305, 37.517564545086366 ], [ 126.920350009357705, 37.517556395942925 ], [ 126.920519556099336, 37.517471599905171 ], [ 126.920675388802323, 37.517371492651883 ], [ 126.922020155709802, 37.516397925427277 ], [ 126.92417303835505, 37.514916163653879 ], [ 126.924264783793689, 37.514853428303326 ], [ 126.924295422058208, 37.514838925058179 ], [ 126.924404859341678, 37.514800583162213 ], [ 126.924532384831664, 37.514768239531975 ], [ 126.924699718126874, 37.514750817949626 ], [ 126.925049225300711, 37.51509536406212 ], [ 126.925153506382358, 37.515188950423784 ], [ 126.925268203473195, 37.515274456022482 ], [ 126.925556261878739, 37.515470087789673 ], [ 126.92566655329324, 37.515538936000148 ], [ 126.925783598539567, 37.51560030286587 ], [ 126.925906599872704, 37.515653770120487 ], [ 126.926438399619528, 37.515862723618817 ], [ 126.926465126860322, 37.51587299472402 ], [ 126.926523237873624, 37.515894829634348 ], [ 126.926522123444997, 37.515907396201122 ], [ 126.926518957670496, 37.516050285223876 ], [ 126.92653474477558, 37.516192642157584 ], [ 126.926593195001516, 37.516520689745732 ], [ 126.926626606039235, 37.516657256219261 ], [ 126.926677460917873, 37.516790364359274 ], [ 126.92674758606698, 37.516944872922373 ], [ 126.923930186553591, 37.519756019218875 ], [ 126.922478768410485, 37.518858005860949 ], [ 126.922468225283481, 37.518851535164607 ] ], [ [ 126.926696562560593, 37.511620419683162 ], [ 126.926413253443215, 37.51080570370371 ], [ 126.92639520787715, 37.510757336333249 ], [ 126.924414196169735, 37.505788748103612 ], [ 126.92441292162529, 37.505786022637373 ], [ 126.924411973387265, 37.505783213991556 ], [ 126.92256479560443, 37.501217783895086 ], [ 126.928321006581982, 37.501081472324358 ], [ 126.928333339590594, 37.501080696122379 ], [ 126.928345710879867, 37.501080743178647 ], [ 126.929476684095434, 37.501040782938034 ], [ 126.929740252451978, 37.501037307218432 ], [ 126.929930211450525, 37.501046835065615 ], [ 126.930048432746887, 37.501096359507855 ], [ 126.930635040694469, 37.501382908944024 ], [ 126.931287617625955, 37.501779928847988 ], [ 126.933472212253605, 37.503163909079362 ], [ 126.93349276424091, 37.503176724434901 ], [ 126.938321565397501, 37.506140126249143 ], [ 126.938364299090168, 37.506163782055104 ], [ 126.938405931299712, 37.506188688109667 ], [ 126.938416608952679, 37.506193855883936 ], [ 126.938426699091394, 37.506199709361255 ], [ 126.938442902132138, 37.506207293738974 ], [ 126.938458335091951, 37.506215836832276 ], [ 126.938503773233705, 37.506236041621086 ], [ 126.938548269735904, 37.506257576979088 ], [ 126.938559531981582, 37.506261886148671 ], [ 126.938570293626753, 37.506266923478321 ], [ 126.938587351826953, 37.506273206091315 ], [ 126.938603761612541, 37.506280502936399 ], [ 126.938651466673505, 37.506297062216511 ], [ 126.938698398850903, 37.506315019374171 ], [ 126.938710137185524, 37.506318428395723 ], [ 126.938721466733085, 37.506322601101076 ], [ 126.938739215807047, 37.506327521441321 ], [ 126.938756444377745, 37.506333501762285 ], [ 126.938805957017067, 37.506346256127159 ], [ 126.938854872766001, 37.506360462066318 ], [ 126.938866974089748, 37.506362938077118 ], [ 126.938878762475369, 37.506366205997203 ], [ 126.939051382784058, 37.506406612246174 ], [ 126.93922198550068, 37.506439021103446 ], [ 126.939395875860171, 37.506457229932423 ], [ 126.939635303202479, 37.50647232927539 ], [ 126.939744904981595, 37.50647640667318 ], [ 126.941090381290266, 37.506491762309686 ], [ 126.942787868153772, 37.506561137163331 ], [ 126.942814602401228, 37.506562061287703 ], [ 126.943775611949206, 37.506589231351491 ], [ 126.943914655984642, 37.506588621200841 ], [ 126.944539179505114, 37.506565475036751 ], [ 126.944667779411077, 37.506556794798229 ], [ 126.944795179411798, 37.506540354244166 ], [ 126.945500492802907, 37.506427255760762 ], [ 126.945649454971843, 37.506397727319303 ], [ 126.946283891319183, 37.506247387214017 ], [ 126.946412658107448, 37.506212339189666 ], [ 126.946707297633509, 37.506121479655967 ], [ 126.946850875687446, 37.506071004783934 ], [ 126.946987986974506, 37.506010179680786 ], [ 126.947117458993347, 37.505939524496569 ], [ 126.947238184579149, 37.505859643442463 ], [ 126.947428869147529, 37.505721114889042 ], [ 126.947521864206493, 37.505648143382892 ], [ 126.947607544176279, 37.505569693707919 ], [ 126.947951987410562, 37.505228670065073 ], [ 126.947998491447265, 37.505180445794046 ], [ 126.948600382577197, 37.504526342740867 ], [ 126.948668225032179, 37.504446832604415 ], [ 126.949295985535656, 37.50365168899021 ], [ 126.952209547874716, 37.500235029967207 ], [ 126.95525326556907, 37.496798294286002 ], [ 126.955258844263938, 37.496791288762573 ], [ 126.955265156850956, 37.496784690477206 ], [ 126.957499090856771, 37.494195216192708 ], [ 126.958203577876588, 37.493592741385562 ], [ 126.958854076465457, 37.493241032801194 ], [ 126.959785532925551, 37.492839764135297 ], [ 126.959875230770464, 37.492798249902556 ], [ 126.964222671918733, 37.490641771709825 ], [ 126.964224460702866, 37.490640883124364 ], [ 126.966402755247657, 37.489557273078141 ], [ 126.96646943367054, 37.489522339451547 ], [ 126.967513433892293, 37.488946898196069 ], [ 126.967648976239275, 37.488863839743914 ], [ 126.967773339090627, 37.488770332508686 ], [ 126.969333739956497, 37.487472534777851 ], [ 126.971009616983835, 37.486246987366741 ], [ 126.971414561166256, 37.486065583487026 ], [ 126.972525639822408, 37.485644389568101 ], [ 126.972586125320333, 37.485620270292479 ], [ 126.972904910213884, 37.485486754049525 ], [ 126.973116366926448, 37.485381717257603 ], [ 126.973284131310422, 37.485284057476782 ], [ 126.973431968679606, 37.485187358558981 ], [ 126.973703555231111, 37.484988271957924 ], [ 126.97404286110968, 37.484793476806374 ], [ 126.974272440592586, 37.484669598660489 ], [ 126.974347737125768, 37.484639432600439 ], [ 126.974737730371118, 37.484626492263828 ], [ 126.97513223823573, 37.484631111390804 ], [ 126.975336544784284, 37.484655285918031 ], [ 126.975474755427513, 37.484690471087831 ], [ 126.976119397822444, 37.484899768047185 ], [ 126.976124794921404, 37.484901511710504 ], [ 126.979749062841591, 37.486066577912553 ], [ 126.98021210236233, 37.486236241198014 ], [ 126.980502303972159, 37.486935446758743 ], [ 126.980589537854442, 37.488209506622283 ], [ 126.980605605658695, 37.488335427319747 ], [ 126.980913620759097, 37.489979883227214 ], [ 126.980873369437944, 37.494366660137551 ], [ 126.980873488275634, 37.494395353272509 ], [ 126.980913468937388, 37.496685047452289 ], [ 126.980922400904916, 37.49680604159856 ], [ 126.980944896953446, 37.496925912223226 ], [ 126.98098077635747, 37.497043695982981 ], [ 126.98158075371569, 37.498687840758244 ], [ 126.981579496825361, 37.498855255150282 ], [ 126.981325032602172, 37.499230182973626 ], [ 126.981110404528465, 37.499476975398686 ], [ 126.980993627927262, 37.499499119690483 ], [ 126.9808526669554, 37.499531031781338 ], [ 126.980715687062855, 37.499572513917052 ], [ 126.98058370968333, 37.499623256774647 ], [ 126.980457718953431, 37.499682881975417 ], [ 126.98009154438958, 37.499873679249212 ], [ 126.979990311633898, 37.499930740000686 ], [ 126.979330631469679, 37.500332169802171 ], [ 126.979174121823775, 37.500440060450281 ], [ 126.979035260584183, 37.500562327739438 ], [ 126.978719369938872, 37.500877095137788 ], [ 126.978610467776832, 37.500998845464409 ], [ 126.978486866351545, 37.501154582662565 ], [ 126.977591265433446, 37.50162596199538 ], [ 126.976380909972264, 37.502150611382696 ], [ 126.975359084806726, 37.50258999170228 ], [ 126.975235720802573, 37.502648536471561 ], [ 126.975119010452346, 37.50271518015812 ], [ 126.975009789318023, 37.502789445651274 ], [ 126.973870629576524, 37.503632920904437 ], [ 126.972996686903073, 37.504010685349932 ], [ 126.972975283007045, 37.504020096727885 ], [ 126.972240033835675, 37.504348911293619 ], [ 126.972094922797737, 37.504382087410072 ], [ 126.972013898087482, 37.504388819575603 ], [ 126.971741720686822, 37.504373903301136 ], [ 126.971283024630807, 37.504344824853149 ], [ 126.971155244568678, 37.504340575326054 ], [ 126.971027425649879, 37.504344003819504 ], [ 126.97051522626073, 37.504373164591591 ], [ 126.970378475428603, 37.50438540595232 ], [ 126.969899023060222, 37.504444089817738 ], [ 126.969719457697309, 37.504474060755136 ], [ 126.969545002437727, 37.50451929869687 ], [ 126.969094932624884, 37.504657855377467 ], [ 126.968992654995461, 37.504692448545306 ], [ 126.965485491699098, 37.505988127971129 ], [ 126.965438140768413, 37.506006335386878 ], [ 126.964398088938282, 37.506422195721363 ], [ 126.964269704432894, 37.506479201914985 ], [ 126.964147992632874, 37.506544843647539 ], [ 126.964033866411981, 37.506618628596328 ], [ 126.963183328828137, 37.507218996602688 ], [ 126.963041557878071, 37.507331638600348 ], [ 126.962917426159649, 37.507456798074493 ], [ 126.962130381596069, 37.50835453961772 ], [ 126.961384197177608, 37.509096641659497 ], [ 126.961292087263971, 37.509197441677564 ], [ 126.960628628133293, 37.50999868470182 ], [ 126.96021678561813, 37.510386811434138 ], [ 126.9600193501972, 37.510520826445543 ], [ 126.959743000950667, 37.510646512533221 ], [ 126.95873364298599, 37.510962410206545 ], [ 126.958701659297574, 37.510972720083259 ], [ 126.957678230610952, 37.51131229809382 ], [ 126.957553337895675, 37.511358559935843 ], [ 126.957433565266129, 37.511412736460535 ], [ 126.956303288384106, 37.511973476167988 ], [ 126.956282002322922, 37.511982797233401 ], [ 126.956215855464265, 37.511944155757867 ], [ 126.955830952922568, 37.511736280569174 ], [ 126.955677107662183, 37.511662345301268 ], [ 126.955514312935861, 37.51160177960962 ], [ 126.955344393100731, 37.511555262215289 ], [ 126.955003954887147, 37.511477847551241 ], [ 126.954900328262454, 37.511457069682983 ], [ 126.954535409889388, 37.511393559285139 ], [ 126.954370987058454, 37.51137161902205 ], [ 126.954204655353266, 37.511362634455267 ], [ 126.953140369956927, 37.511346881956527 ], [ 126.953129467656055, 37.511347146953547 ], [ 126.953118694530019, 37.51134667534123 ], [ 126.953104551719377, 37.511347163188532 ], [ 126.95309028242238, 37.511346729228691 ], [ 126.951177233683197, 37.511363368259225 ], [ 126.950120306801779, 37.511372428450741 ], [ 126.94996846558, 37.511379156958682 ], [ 126.949817989909334, 37.511396685340799 ], [ 126.949297374279752, 37.511476450178556 ], [ 126.949167741536073, 37.511500545705331 ], [ 126.947329415008923, 37.511903387836504 ], [ 126.947320899833301, 37.511905272745089 ], [ 126.94558813812047, 37.512292693918489 ], [ 126.944661560374783, 37.512461857047803 ], [ 126.943736530392002, 37.512416270980616 ], [ 126.941085516170162, 37.512222259835006 ], [ 126.941068931600185, 37.512221697479823 ], [ 126.941052453723046, 37.512220099157958 ], [ 126.936717239140322, 37.511970656362294 ], [ 126.936527421582085, 37.511968210480596 ], [ 126.936338448496272, 37.511982666119728 ], [ 126.936152684035903, 37.512013842430932 ], [ 126.934844787268844, 37.512295010688732 ], [ 126.930998982585422, 37.51222957458122 ], [ 126.926835469492332, 37.51202353408862 ], [ 126.926697622397057, 37.51162348140921 ], [ 126.926696562560593, 37.511620419683162 ] ], [ [ 126.921901996821418, 37.498368767333432 ], [ 126.921893800419127, 37.498312053261962 ], [ 126.921850058211149, 37.498056911050654 ], [ 126.921819539135939, 37.497926783474973 ], [ 126.921773193931713, 37.49779965764565 ], [ 126.921711466986608, 37.497676752310767 ], [ 126.921634950144522, 37.497559245750892 ], [ 126.921438946250518, 37.4972912183663 ], [ 126.921333240618367, 37.497163805558934 ], [ 126.921210173444422, 37.497046704619038 ], [ 126.920922571614327, 37.496802506418717 ], [ 126.920798503783217, 37.496707337745022 ], [ 126.920662968117938, 37.496622678763941 ], [ 126.920517360694475, 37.496549401476543 ], [ 126.920363181315537, 37.496488260648128 ], [ 126.919937714260882, 37.496340499008483 ], [ 126.919744837317126, 37.496284314517425 ], [ 126.919628401174634, 37.496256634402933 ], [ 126.919978269424291, 37.495229915333653 ], [ 126.920131424087231, 37.494853578812069 ], [ 126.92378079008185, 37.494304488730656 ], [ 126.926461357417551, 37.493911454574928 ], [ 126.926671101164288, 37.493869535432552 ], [ 126.927045100018177, 37.493774234337657 ], [ 126.927205118116518, 37.493726252889644 ], [ 126.927358263676695, 37.493665684089869 ], [ 126.927502981791108, 37.493593142907685 ], [ 126.927637803130068, 37.493509365869194 ], [ 126.927821594397329, 37.493382791984082 ], [ 126.927940658854439, 37.493292400610997 ], [ 126.928048181634793, 37.493193249689973 ], [ 126.928143152724843, 37.493086270636475 ], [ 126.928224680032045, 37.492972468398825 ], [ 126.928291997764006, 37.492852912016986 ], [ 126.928369374351234, 37.492695473606055 ], [ 126.92843267830618, 37.492539374933564 ], [ 126.928471789462961, 37.492378316377938 ], [ 126.928514374848547, 37.492119629986369 ], [ 126.928624698937014, 37.491776859466491 ], [ 126.929208786443283, 37.490625139690131 ], [ 126.929222089358461, 37.490594684981247 ], [ 126.929237303992437, 37.490564803970123 ], [ 126.930915497093949, 37.486739865559727 ], [ 126.930920213094453, 37.4867289673318 ], [ 126.93104429092142, 37.486438217803112 ], [ 126.931078886274676, 37.486346645535974 ], [ 126.931156848440878, 37.486110301377174 ], [ 126.931186884925452, 37.486001047229642 ], [ 126.931205486305643, 37.48589018857114 ], [ 126.931212848994548, 37.485826279060731 ], [ 126.932796654777519, 37.48602188414015 ], [ 126.932805656602881, 37.486022976128048 ], [ 126.933890039053679, 37.486152142982029 ], [ 126.93404262093506, 37.486164729814782 ], [ 126.934829736722648, 37.486201103987703 ], [ 126.934949582842776, 37.486203261514397 ], [ 126.935684317149367, 37.486195795315815 ], [ 126.935886042865917, 37.486184137409865 ], [ 126.936337248700681, 37.486136384880723 ], [ 126.936501150611022, 37.486112460695253 ], [ 126.936661316960993, 37.486075840093754 ], [ 126.936816202835573, 37.486026876307804 ], [ 126.937288489841762, 37.485855730240175 ], [ 126.938025862589853, 37.485598974453133 ], [ 126.938219619511614, 37.485519325007218 ], [ 126.939183717209573, 37.485058218714464 ], [ 126.941055517647939, 37.484207024744897 ], [ 126.941820318825989, 37.483887164123033 ], [ 126.942310408157653, 37.483725136374318 ], [ 126.943034331610761, 37.483622926314517 ], [ 126.945630131563533, 37.483372963930748 ], [ 126.948722298573244, 37.483080807166623 ], [ 126.948739187656031, 37.483079142718161 ], [ 126.951173671072681, 37.482829309105377 ], [ 126.951214496109614, 37.482824716554902 ], [ 126.953003687939201, 37.482605727910588 ], [ 126.953035318256866, 37.482600579090892 ], [ 126.953067431289256, 37.482596934817664 ], [ 126.953083305079517, 37.482593844157435 ], [ 126.953099320515804, 37.482591776213916 ], [ 126.953132840617997, 37.48258470423022 ], [ 126.953166814007545, 37.482579173961874 ], [ 126.953197659426351, 37.482571579055609 ], [ 126.953229168388347, 37.482565444153316 ], [ 126.953244584934438, 37.482561128627331 ], [ 126.953260269986103, 37.482557819415355 ], [ 126.953292758810733, 37.482548163170627 ], [ 126.953325888368596, 37.482540005810144 ], [ 126.953355652448536, 37.482530037623704 ], [ 126.953386253248411, 37.482521471553419 ], [ 126.953401063614123, 37.482515973013228 ], [ 126.953416267673887, 37.48251145407994 ], [ 126.954859828391776, 37.482016810688698 ], [ 126.954963966640264, 37.481977739229848 ], [ 126.959391448712651, 37.480167791541348 ], [ 126.964111238782451, 37.478345280174658 ], [ 126.964115681897468, 37.478343344329595 ], [ 126.96412032980588, 37.478341742761955 ], [ 126.967035744447855, 37.477198678638374 ], [ 126.967045395373447, 37.477194864184675 ], [ 126.967864282621179, 37.476868615193247 ], [ 126.968417614576126, 37.476735751109423 ], [ 126.968938518400577, 37.476675047666639 ], [ 126.969410890231401, 37.476659813123526 ], [ 126.96996345006518, 37.476686111148425 ], [ 126.970673498911353, 37.476828842978669 ], [ 126.972639849276405, 37.477246277186161 ], [ 126.974250058324145, 37.477616905585201 ], [ 126.974390963228004, 37.477644196249798 ], [ 126.975990522269171, 37.477896830981244 ], [ 126.976225385855983, 37.477920503704794 ], [ 126.978477840045656, 37.478021067995613 ], [ 126.978622503544543, 37.478022601114347 ], [ 126.980024158688792, 37.477989790290835 ], [ 126.98030788355392, 37.483330466832626 ], [ 126.977396971884332, 37.482394711917649 ], [ 126.976693989141253, 37.482166474637587 ], [ 126.976570133598429, 37.482130664315427 ], [ 126.976238087058505, 37.482046133337597 ], [ 126.97610578771814, 37.482017095614943 ], [ 126.975970976402564, 37.481996673421598 ], [ 126.975519079485963, 37.481943203010395 ], [ 126.97529481692726, 37.481928686883776 ], [ 126.97473981205907, 37.481922188866264 ], [ 126.974644298912423, 37.481923213525022 ], [ 126.974038757113888, 37.481943305826867 ], [ 126.973878249138423, 37.48195473532035 ], [ 126.973719825879328, 37.48197824885596 ], [ 126.973379039468796, 37.482042307952568 ], [ 126.973188794026314, 37.482087581143226 ], [ 126.973006488134303, 37.482150256121116 ], [ 126.97265013722776, 37.482293020231189 ], [ 126.972460957196219, 37.48238145523792 ], [ 126.972119940208444, 37.482565461494545 ], [ 126.972079461408043, 37.482587994450725 ], [ 126.971637848643482, 37.482841520035535 ], [ 126.97148093808498, 37.48294346328322 ], [ 126.971210646669476, 37.483141596673086 ], [ 126.971037409853238, 37.483214152558581 ], [ 126.969904706984735, 37.483643540685499 ], [ 126.96987391669326, 37.483656726070997 ], [ 126.969842173418911, 37.483668516370614 ], [ 126.969822514940205, 37.483677786545421 ], [ 126.969802125329551, 37.483685898276448 ], [ 126.96917567936471, 37.483966525873072 ], [ 126.969011197990497, 37.484050486625492 ], [ 126.968859916467551, 37.484148956326564 ], [ 126.966999202958931, 37.48550964524425 ], [ 126.966921243837149, 37.485570445462372 ], [ 126.965441832289201, 37.486800854443445 ], [ 126.964571830201336, 37.487280382757497 ], [ 126.962428325345726, 37.488346674268946 ], [ 126.958125913413767, 37.490480794788297 ], [ 126.957165012879415, 37.490894743727225 ], [ 126.957019248864214, 37.490965300950535 ], [ 126.956139796893822, 37.491440792312652 ], [ 126.955988481968163, 37.491532889621176 ], [ 126.95585106935421, 37.49163791555705 ], [ 126.954930484128198, 37.492425175706806 ], [ 126.954848431293726, 37.492500762297951 ], [ 126.954773609810601, 37.492580971819329 ], [ 126.952474323631549, 37.49524608997632 ], [ 126.949427851093546, 37.498685794047041 ], [ 126.949410689381835, 37.498705539817301 ], [ 126.946471741380279, 37.502151818451352 ], [ 126.946470900132823, 37.502152917232593 ], [ 126.946469958524702, 37.502153916390327 ], [ 126.946455233426164, 37.502173230545885 ], [ 126.946438932181294, 37.502191790022643 ], [ 126.945827338916445, 37.502966419326022 ], [ 126.945283705912544, 37.503557187405448 ], [ 126.945142805807592, 37.503696684288492 ], [ 126.944755415902634, 37.503788482367412 ], [ 126.944252238048477, 37.503869168180678 ], [ 126.943826437756357, 37.503884949262336 ], [ 126.942948369208906, 37.503860124176384 ], [ 126.941232991867764, 37.503790018301679 ], [ 126.941170326953454, 37.503788380709381 ], [ 126.9400300876232, 37.503775369018769 ], [ 126.935574367968414, 37.501040957258375 ], [ 126.933386962783487, 37.499655221063762 ], [ 126.933360669000919, 37.499638896482139 ], [ 126.932625902544743, 37.499191880674339 ], [ 126.93248299399815, 37.499113805765248 ], [ 126.931774720155431, 37.49876782855921 ], [ 126.931677460289038, 37.49872376558519 ], [ 126.931322977642793, 37.498575269233598 ], [ 126.931152404516752, 37.498513143365848 ], [ 126.930974268488299, 37.498466394002492 ], [ 126.930672666916522, 37.498401720605429 ], [ 126.930506834292814, 37.498373158324746 ], [ 126.93033825083053, 37.498357932187105 ], [ 126.92988620431278, 37.498335259087661 ], [ 126.929751495595127, 37.498332772968823 ], [ 126.929396955017523, 37.498337448527423 ], [ 126.929349844189559, 37.498338591311736 ], [ 126.928207714593086, 37.498378946266264 ], [ 126.921920721544652, 37.49852781429707 ], [ 126.921901996821418, 37.498368767333432 ] ], [ [ 126.918701091971315, 37.492316969080051 ], [ 126.918568682824912, 37.492341300398834 ], [ 126.918439141643049, 37.492373995851047 ], [ 126.918294082940406, 37.492415769730975 ], [ 126.918152206159249, 37.492462511604401 ], [ 126.918016212224629, 37.492519280037421 ], [ 126.917887214427921, 37.492585610310122 ], [ 126.917766268796228, 37.492660959425919 ], [ 126.917654365448229, 37.492744710556082 ], [ 126.917552420489031, 37.492836178088616 ], [ 126.917460304913419, 37.492926769713854 ], [ 126.917362891303213, 37.493032703191403 ], [ 126.917278835693409, 37.493145667377419 ], [ 126.917208931191951, 37.493264596478802 ], [ 126.91715383740403, 37.493388368419723 ], [ 126.917116948593446, 37.4934860644696 ], [ 126.917044576806859, 37.493672197849243 ], [ 126.916737376214527, 37.494426984940084 ], [ 126.916734520793796, 37.49443538484487 ], [ 126.916730771382817, 37.494443573876403 ], [ 126.916723250715705, 37.494466882740994 ], [ 126.916713921929826, 37.494489753031175 ], [ 126.91609024766521, 37.496319727061291 ], [ 126.916053554800442, 37.496454059106277 ], [ 126.916034173018502, 37.496590665579916 ], [ 126.916017236005089, 37.496809091677953 ], [ 126.916015029587868, 37.49693939679532 ], [ 126.916028578914577, 37.497069265851863 ], [ 126.916057758184522, 37.497197492279376 ], [ 126.916102296381183, 37.49732288476465 ], [ 126.916161779787458, 37.4974442783179 ], [ 126.916312057898963, 37.497712088465313 ], [ 126.916384433386881, 37.497826246657482 ], [ 126.916470024075153, 37.497934445220778 ], [ 126.916568064082341, 37.498035715904052 ], [ 126.916677676109572, 37.498129152448712 ], [ 126.916797879290371, 37.498213918699577 ], [ 126.916927597967799, 37.498289256088391 ], [ 126.917231088572763, 37.498448566296666 ], [ 126.917373504816183, 37.498515630046995 ], [ 126.917523440689479, 37.498571326261931 ], [ 126.917679471150223, 37.498615125579391 ], [ 126.917690406794719, 37.498617725409268 ], [ 126.909736945931002, 37.498774613765654 ], [ 126.908652397426579, 37.498789196577597 ], [ 126.909632980860465, 37.4973969407677 ], [ 126.909696190920613, 37.497297855128288 ], [ 126.909879274850908, 37.496979052321549 ], [ 126.909942326243836, 37.496852864173938 ], [ 126.909989168972089, 37.496722272451045 ], [ 126.910019330382553, 37.496588595088845 ], [ 126.910113053020766, 37.496006643137669 ], [ 126.910853609629214, 37.49355617384483 ], [ 126.910888296410846, 37.493403234322642 ], [ 126.910900725838957, 37.493248133459346 ], [ 126.910906250199261, 37.492544781898232 ], [ 126.910898239929907, 37.492404832872957 ], [ 126.910872097533954, 37.49226629563308 ], [ 126.910828103800725, 37.492130657647415 ], [ 126.910651064992365, 37.491682169631545 ], [ 126.910598607588753, 37.491567609204914 ], [ 126.910533408894651, 37.4914572810371 ], [ 126.910455999382549, 37.491352082691805 ], [ 126.909378045543662, 37.49002786223749 ], [ 126.909374388569503, 37.490023819086531 ], [ 126.909371206040689, 37.490019527320612 ], [ 126.909369493336442, 37.490017662863394 ], [ 126.90936801040462, 37.490015678565115 ], [ 126.90644469765482, 37.48650764222095 ], [ 126.907607388016899, 37.486764263757777 ], [ 126.909329656499168, 37.487308225663988 ], [ 126.911038428764982, 37.487931262709324 ], [ 126.912621789856431, 37.48879446652824 ], [ 126.914280829998717, 37.489897712702039 ], [ 126.914423144032597, 37.489982676294211 ], [ 126.915390248308711, 37.490499293561975 ], [ 126.915551020674201, 37.490575296331862 ], [ 126.915721310269589, 37.490636745051141 ], [ 126.916478625232401, 37.490870874977311 ], [ 126.916645705740848, 37.490914734457938 ], [ 126.916817587466994, 37.490944573855657 ], [ 126.917697811758217, 37.491059671670158 ], [ 126.917910322378987, 37.491076605237751 ], [ 126.918825495544795, 37.491103371587158 ], [ 126.918974858037942, 37.491102497280501 ], [ 126.919123545274132, 37.491091159497522 ], [ 126.919270404970447, 37.491069446102202 ], [ 126.920091487370584, 37.490917981281321 ], [ 126.920289128435314, 37.490871279048925 ], [ 126.92084604222299, 37.490709756774862 ], [ 126.92097046657581, 37.490669152066097 ], [ 126.921090465222505, 37.490620824503544 ], [ 126.921816951630916, 37.490298832363706 ], [ 126.922019592586054, 37.490193267641928 ], [ 126.922623097643267, 37.489827364300361 ], [ 126.922730983061768, 37.48975616284563 ], [ 126.922831129515643, 37.489678112538762 ], [ 126.922922854368224, 37.489593745419526 ], [ 126.925015574288793, 37.487500070578683 ], [ 126.925041954002822, 37.48747297988259 ], [ 126.926143974783884, 37.486311107621162 ], [ 126.926755283267951, 37.485670060177547 ], [ 126.92713215390809, 37.485294801159561 ], [ 126.927207167719345, 37.485302521591294 ], [ 126.927803589414623, 37.485393036233155 ], [ 126.927845889216343, 37.485399014449541 ], [ 126.927854389545686, 37.485400127532728 ], [ 126.927839274536495, 37.485531277946826 ], [ 126.927812347091916, 37.485612898279591 ], [ 126.927709920162854, 37.485852889524878 ], [ 126.926047329150123, 37.489641902311917 ], [ 126.925436026334651, 37.490847184973148 ], [ 126.925365614775501, 37.491017871234227 ], [ 126.925262627497446, 37.491337804199937 ], [ 126.923162754496801, 37.491645689733325 ], [ 126.92315887683263, 37.491646416603842 ], [ 126.923154930945202, 37.491646851876567 ], [ 126.918701091971315, 37.492316969080051 ] ], [ [ 126.927692082121183, 37.482625948390137 ], [ 126.92714611356682, 37.482569756520611 ], [ 126.926983284159533, 37.482559316613177 ], [ 126.926819949616998, 37.482561404369982 ], [ 126.926657624115265, 37.482576000435969 ], [ 126.926497812477464, 37.482602969499034 ], [ 126.926031214727288, 37.482700627638323 ], [ 126.92585727618048, 37.482745136069397 ], [ 126.925690351089543, 37.482804290200846 ], [ 126.925532374828833, 37.482877404189104 ], [ 126.925088621460475, 37.483109100509402 ], [ 126.924944642504997, 37.483193224663644 ], [ 126.924812553540292, 37.483288939939605 ], [ 126.924693817227336, 37.483395186486646 ], [ 126.924092701054491, 37.483993713602594 ], [ 126.924066491668938, 37.484020492402664 ], [ 126.923440941765932, 37.484676449939826 ], [ 126.92343826962211, 37.48467925953917 ], [ 126.92234787223326, 37.485828834559037 ], [ 126.920400158399147, 37.487777373761382 ], [ 126.920061371902591, 37.487982775586133 ], [ 126.919558733986023, 37.488205552088473 ], [ 126.919225511199187, 37.488302196695109 ], [ 126.918724675730786, 37.488394585964585 ], [ 126.918141732007712, 37.48837753630832 ], [ 126.917541408953852, 37.48829903868792 ], [ 126.917123849953711, 37.488169947769926 ], [ 126.916386696780762, 37.487776172977455 ], [ 126.914733812207118, 37.486677039475737 ], [ 126.914732464108937, 37.486676228998043 ], [ 126.914731208328107, 37.486675310635349 ], [ 126.914667712515111, 37.48663729518087 ], [ 126.914604714772167, 37.486599205661939 ], [ 126.912834543212313, 37.485634171005813 ], [ 126.91271153166079, 37.485573085196258 ], [ 126.912582426455316, 37.485520588624624 ], [ 126.910701580871788, 37.484834817861611 ], [ 126.910620780373193, 37.484807349391211 ], [ 126.908773113954766, 37.484223784742355 ], [ 126.908600813699067, 37.484177707972108 ], [ 126.90703768267106, 37.483832703301687 ], [ 126.906948887814295, 37.483815144047043 ], [ 126.905750220309017, 37.483605267988658 ], [ 126.905584760011791, 37.483583065887544 ], [ 126.90541735694039, 37.483573996304585 ], [ 126.904434850432438, 37.483559573402026 ], [ 126.90441291931181, 37.48353956382973 ], [ 126.904388952637518, 37.483515232879647 ], [ 126.904358189137199, 37.483489628908039 ], [ 126.904328927091541, 37.483462930655669 ], [ 126.904300650836603, 37.48344174062813 ], [ 126.904273806962138, 37.483419398836489 ], [ 126.904240042421364, 37.483396321043024 ], [ 126.904207637511561, 37.483372036961555 ], [ 126.904176891139514, 37.483353157583302 ], [ 126.904147428586413, 37.483333020105754 ], [ 126.904110988173727, 37.483312690733285 ], [ 126.904075752474768, 37.48329105468251 ], [ 126.904042832085793, 37.483274667764633 ], [ 126.904011034590951, 37.483256928528171 ], [ 126.903972269240597, 37.483239543351111 ], [ 126.90393454208504, 37.483220763689147 ], [ 126.903899764712534, 37.483207027039398 ], [ 126.903865938495827, 37.483191856875074 ], [ 126.903825221528265, 37.483177583314252 ], [ 126.903785366238637, 37.48316184089132 ], [ 126.903749066796294, 37.483150886794682 ], [ 126.903713537611779, 37.483138431792675 ], [ 126.903671261138882, 37.483127407303357 ], [ 126.903629661528953, 37.483114853720338 ], [ 126.903622290023293, 37.483113266961666 ], [ 126.901157338489256, 37.480124213955307 ], [ 126.900851104162257, 37.479605477298186 ], [ 126.900607643407639, 37.478756680503011 ], [ 126.899704869339686, 37.469420155071681 ], [ 126.899683951134691, 37.469288526827299 ], [ 126.899646946763852, 37.469159166620102 ], [ 126.899594212677655, 37.469033320245551 ], [ 126.899526256803668, 37.468912199653246 ], [ 126.899443733652248, 37.468796971275886 ], [ 126.899347438011191, 37.468688744796921 ], [ 126.899238297289514, 37.468588562464724 ], [ 126.899117362585059, 37.468497389056409 ], [ 126.898985798561284, 37.468416102587845 ], [ 126.898844872231095, 37.468345485859096 ], [ 126.89869594075553, 37.468286218916973 ], [ 126.898540438375065, 37.468238872506923 ], [ 126.898379862598944, 37.468203902577628 ], [ 126.898215759785927, 37.468181645890674 ], [ 126.898049710254725, 37.468172316778215 ], [ 126.897883313067865, 37.468176005079208 ], [ 126.897718170635031, 37.468192675274402 ], [ 126.897555873284418, 37.468222166828483 ], [ 126.897397983950086, 37.468264195735649 ], [ 126.897246023123131, 37.468318357254361 ], [ 126.897101454211224, 37.468384129804377 ], [ 126.896965669447326, 37.468460879988911 ], [ 126.896839976483506, 37.468547868693491 ], [ 126.896725585798706, 37.46864425820285 ], [ 126.896623599041604, 37.468749120267255 ], [ 126.896534998420975, 37.468861445040716 ], [ 126.896460637245781, 37.46898015080518 ], [ 126.896401231705838, 37.469104094386836 ], [ 126.896357353972647, 37.469232082164417 ], [ 126.896329426686478, 37.469362881563548 ], [ 126.896317718883509, 37.469495232926469 ], [ 126.896322343401465, 37.469627861642678 ], [ 126.897234345605895, 37.479064215132503 ], [ 126.897248583701142, 37.479163465420335 ], [ 126.897271978588762, 37.479261606950843 ], [ 126.897584184170327, 37.480350241341633 ], [ 126.897634291834237, 37.480489926485482 ], [ 126.897702917979288, 37.480624520390258 ], [ 126.898138309585121, 37.48136209102168 ], [ 126.898255641947785, 37.481529042949809 ], [ 126.900426231509527, 37.484161289496456 ], [ 126.899699927741523, 37.48447246116752 ], [ 126.899573476423356, 37.484532408600188 ], [ 126.898558309764468, 37.485062462746079 ], [ 126.898396254172994, 37.485158529923304 ], [ 126.89733352295228, 37.485870592582692 ], [ 126.897224496750155, 37.48595036387826 ], [ 126.89643252607938, 37.486582721586572 ], [ 126.896326898753756, 37.486675250945716 ], [ 126.896232454703522, 37.486775163188888 ], [ 126.895693168312036, 37.48740424183643 ], [ 126.89558049598908, 37.487556071341466 ], [ 126.89523503960163, 37.488099668425221 ], [ 126.895189297355429, 37.488177720546787 ], [ 126.894813644401879, 37.488875901741615 ], [ 126.894744284450624, 37.489029949589337 ], [ 126.894498539343218, 37.489701035233161 ], [ 126.893682309062356, 37.489177812501708 ], [ 126.893660163751562, 37.489163856894635 ], [ 126.89111103784316, 37.487584670726825 ], [ 126.890141453303784, 37.486887452557454 ], [ 126.889683400329304, 37.486493589353181 ], [ 126.888890461557395, 37.48560981594121 ], [ 126.888225449039055, 37.484810604958007 ], [ 126.888219113908391, 37.484803046595502 ], [ 126.887859204297669, 37.484376749566898 ], [ 126.887754239113534, 37.484120614130099 ], [ 126.887434896369953, 37.482875896435893 ], [ 126.887233722713134, 37.481941903065639 ], [ 126.887218966456103, 37.481881635473208 ], [ 126.887003420740314, 37.481096583657248 ], [ 126.886960144208729, 37.480969126952296 ], [ 126.886901473110086, 37.480845642232914 ], [ 126.886827967112097, 37.480727307271316 ], [ 126.886740327365217, 37.480615250716916 ], [ 126.886639389813197, 37.480510541332308 ], [ 126.88652611721848, 37.48041417780054 ], [ 126.886179955001154, 37.480147112854674 ], [ 126.886053213431239, 37.48005861340642 ], [ 126.885916080675159, 37.479980570487236 ], [ 126.885769909642718, 37.479913754027081 ], [ 126.885616142398149, 37.479858823199613 ], [ 126.885216150770802, 37.479734552156138 ], [ 126.891034506364136, 37.466498997571698 ], [ 126.891037306302636, 37.46649146050445 ], [ 126.891040913213359, 37.466484144589998 ], [ 126.895235268448744, 37.456572111824578 ], [ 126.900182600030547, 37.445775900723326 ], [ 126.900186359496743, 37.445767611683749 ], [ 126.902751921338762, 37.440052288745512 ], [ 126.902809990764013, 37.439892564154185 ], [ 126.903348188251485, 37.437978979616894 ], [ 126.9033564644987, 37.437947839866744 ], [ 126.903695774448806, 37.436592681480775 ], [ 126.903765667746129, 37.43658443425651 ], [ 126.903927086918401, 37.436552240444712 ], [ 126.90408377135185, 37.436507585091228 ], [ 126.904234212022459, 37.436450898272454 ], [ 126.904376960049007, 37.436382725939147 ], [ 126.904510640648454, 37.436303724657655 ], [ 126.904633966377645, 37.436214655285752 ], [ 126.90474574953295, 37.43611637564382 ], [ 126.904844913588931, 37.436009832252338 ], [ 126.904930503565595, 37.435896051215074 ], [ 126.905001695224342, 37.435776128335846 ], [ 126.905057803004482, 37.435651218564253 ], [ 126.905098286623343, 37.43552252487175 ], [ 126.905122756276995, 37.435391286665634 ], [ 126.905130976391405, 37.435258767852091 ], [ 126.905122867887968, 37.435126244663849 ], [ 126.905098508941776, 37.434994993369095 ], [ 126.905058134225513, 37.43486627798044 ], [ 126.905002132646075, 37.434741338082119 ], [ 126.904931043596548, 37.434621376892778 ], [ 126.904845551758697, 37.434507549678514 ], [ 126.904746480507086, 37.43440095262811 ], [ 126.904634783977968, 37.434302612297209 ], [ 126.904511537879443, 37.434213475723311 ], [ 126.904377929131314, 37.434134401306558 ], [ 126.90426641541633, 37.434081060670493 ], [ 126.90540237398514, 37.428655820681549 ], [ 126.905707624727512, 37.42763392861351 ], [ 126.906000302424829, 37.426928267871261 ], [ 126.906757757267854, 37.425395992601182 ], [ 126.907903364324753, 37.423306864492623 ], [ 126.908627035474268, 37.422125839599815 ], [ 126.909961707918896, 37.420258851889237 ], [ 126.914952976750328, 37.414268034513803 ], [ 126.915043861244726, 37.414145373272824 ], [ 126.917547037656604, 37.410319881242685 ], [ 126.924226965679381, 37.40229050044843 ], [ 126.926538046489853, 37.399669620136642 ], [ 126.926560761693665, 37.399643199047787 ], [ 126.927195456199883, 37.398885863976631 ], [ 126.928441087390055, 37.39774696473269 ], [ 126.931558457509638, 37.395104634778797 ], [ 126.932295933961854, 37.394563512647196 ], [ 126.932414564077703, 37.394467316508837 ], [ 126.932520583406529, 37.394362163853458 ], [ 126.933307146368932, 37.393496910459589 ], [ 126.933372497611842, 37.393419536782801 ], [ 126.93402195396834, 37.392590212036431 ], [ 126.934117235448895, 37.392450976727694 ], [ 126.934630640791724, 37.391583254632984 ], [ 126.934681702087758, 37.391487586791975 ], [ 126.935010094533069, 37.390800100441041 ], [ 126.935052896531772, 37.390698580719132 ], [ 126.937179396357621, 37.384904367877162 ], [ 126.938084829651046, 37.382660818268043 ], [ 126.938163331686638, 37.382538974678319 ], [ 126.938356049347149, 37.383001341350187 ], [ 126.938381934588691, 37.383059043242504 ], [ 126.938778255846046, 37.38388312923022 ], [ 126.938875643992091, 37.384050486361112 ], [ 126.93912532601955, 37.384412586899231 ], [ 126.939202492401606, 37.384513738703973 ], [ 126.939290455067763, 37.38460911444519 ], [ 126.939388539242984, 37.384697982437849 ], [ 126.939763160911582, 37.38500882617975 ], [ 126.939867876048908, 37.385088593660548 ], [ 126.939980742519538, 37.385160937111522 ], [ 126.940100936363805, 37.38522532838897 ], [ 126.941112778147669, 37.3857187042398 ], [ 126.942006031514367, 37.386153378537543 ], [ 126.942717861308708, 37.386639321693963 ], [ 126.944151536430567, 37.387813287606043 ], [ 126.944169099606214, 37.387827458415408 ], [ 126.946400071020747, 37.389601109361742 ], [ 126.946585331392527, 37.38974996036319 ], [ 126.946700612794743, 37.389834402304018 ], [ 126.946825166171095, 37.389909998064226 ], [ 126.946957929161712, 37.389976102844692 ], [ 126.947097769372903, 37.390032152798497 ], [ 126.947243494036499, 37.39007766984107 ], [ 126.947530614025283, 37.390155355119347 ], [ 126.948272432458822, 37.3904179791868 ], [ 126.948303761771015, 37.390428770552283 ], [ 126.950043781398477, 37.391011588137481 ], [ 126.955114111003937, 37.392761300825192 ], [ 126.955119535215758, 37.392763163554278 ], [ 126.962970031381388, 37.395445821193768 ], [ 126.962975027634869, 37.395447301308465 ], [ 126.96297974166562, 37.395449106423534 ], [ 126.962980139277278, 37.395449221971866 ], [ 126.962980606567442, 37.395449400654677 ], [ 126.96889472051501, 37.397432149655664 ], [ 126.968936089174235, 37.397445508840612 ], [ 126.97276388027413, 37.398634980036512 ], [ 126.973134971139814, 37.398791543934159 ], [ 126.973748861386426, 37.39908932463748 ], [ 126.974034289083249, 37.399284523607541 ], [ 126.974486536233954, 37.399707676914481 ], [ 126.974790185419138, 37.39999636668405 ], [ 126.974989078638174, 37.400273947447417 ], [ 126.97501912679023, 37.40031424495217 ], [ 126.975077554384512, 37.400389596777543 ], [ 126.975078515781917, 37.400693461825483 ], [ 126.97499575958696, 37.401398359551223 ], [ 126.974992996340902, 37.401448087139578 ], [ 126.974988704937118, 37.401497745690612 ], [ 126.974972869448081, 37.40213743268383 ], [ 126.974979452318593, 37.402286125168906 ], [ 126.975006475149669, 37.40243334027744 ], [ 126.975053610812267, 37.402577295227879 ], [ 126.97617020351791, 37.405352707277089 ], [ 126.978297519966588, 37.414307157352333 ], [ 126.978358686823924, 37.414492005144666 ], [ 126.97850361271361, 37.41483080024927 ], [ 126.978820033884716, 37.415570490967468 ], [ 126.978826695470858, 37.415585763980374 ], [ 126.979593900364534, 37.417311368684217 ], [ 126.979596509685948, 37.417317195099216 ], [ 126.980239879943142, 37.418743452900785 ], [ 126.980290199822264, 37.418842521708285 ], [ 126.980350174771829, 37.418938110373098 ], [ 126.98121657913984, 37.420192468913278 ], [ 126.981350150392615, 37.420356521251279 ], [ 126.982382891073982, 37.421443738877564 ], [ 126.982389559609459, 37.421450711946186 ], [ 126.984308786658247, 37.423444075389526 ], [ 126.984365734001074, 37.423500064484081 ], [ 126.987647481187821, 37.426556126387297 ], [ 126.987700066724727, 37.426602851770852 ], [ 126.988649206541339, 37.427407796064742 ], [ 126.989305820507653, 37.427994196532133 ], [ 126.991852770906206, 37.430830802982953 ], [ 126.993405769353501, 37.432615165377065 ], [ 126.993451250023199, 37.432664958891706 ], [ 126.993842295521887, 37.433073205376573 ], [ 126.993946488188186, 37.43317184656626 ], [ 126.994061993256153, 37.433262122146907 ], [ 126.994187759701518, 37.43334321063643 ], [ 126.994322643113051, 37.433414374150125 ], [ 126.995082952499246, 37.433775154634269 ], [ 126.995213992180382, 37.433831279991125 ], [ 126.996005516265186, 37.434135405651489 ], [ 126.996037828224345, 37.434146297014728 ], [ 126.996069177781365, 37.434158583629142 ], [ 126.99607686883482, 37.434160882589957 ], [ 126.996084274995184, 37.434163714592884 ], [ 126.996107911685527, 37.434170572585757 ], [ 126.996131019542474, 37.434178744215139 ], [ 126.9969137009587, 37.434419611134068 ], [ 126.997109635136468, 37.434469254371116 ], [ 126.997311663875436, 37.434499622116086 ], [ 126.997780574260048, 37.434546852303825 ], [ 126.997947257755015, 37.434557016840422 ], [ 126.997981895975371, 37.434557762935107 ], [ 126.998888686005202, 37.434843237281967 ], [ 127.000739560367208, 37.43605200425138 ], [ 127.00301034236216, 37.439271673511541 ], [ 127.005897473014031, 37.444251405123516 ], [ 127.005732103830866, 37.444512405690524 ], [ 127.003192686405399, 37.447793105266335 ], [ 127.003180433250975, 37.447809183637695 ], [ 127.000592964277956, 37.451258073480737 ], [ 127.00047183822268, 37.451410657072017 ], [ 127.000344544140034, 37.451465960188592 ], [ 126.999808724010009, 37.451625710781379 ], [ 126.999666090464402, 37.451674271781677 ], [ 126.999529617942173, 37.451733018130085 ], [ 126.99940044782916, 37.451801458508449 ], [ 126.998083825294003, 37.452570494063814 ], [ 126.998054539190761, 37.452587989885046 ], [ 126.996710199280514, 37.453409300765664 ], [ 126.996613923480496, 37.453472737884653 ], [ 126.996523765120372, 37.453541651827329 ], [ 126.994532426694732, 37.455180096375031 ], [ 126.994525890075778, 37.455185504410395 ], [ 126.991638044381517, 37.457587952987147 ], [ 126.99155298480153, 37.457664283858527 ], [ 126.991475393186022, 37.457745513894636 ], [ 126.989025150233658, 37.46052210766706 ], [ 126.988942373508593, 37.460625585768689 ], [ 126.988871708696635, 37.460734620927582 ], [ 126.98881373808517, 37.460848314761961 ], [ 126.987498119370997, 37.463806775850784 ], [ 126.986779383313817, 37.465130122341982 ], [ 126.985897200309779, 37.466459025710122 ], [ 126.985384124850185, 37.467063516595658 ], [ 126.984597967481534, 37.467775263395311 ], [ 126.983488076617064, 37.468656662097992 ], [ 126.983329059307806, 37.468802416596994 ], [ 126.982753073868295, 37.469413563609109 ], [ 126.982621957583362, 37.469575566735543 ], [ 126.981994545933247, 37.470487558479221 ], [ 126.98190334681459, 37.470642698064303 ], [ 126.980913087744767, 37.472649160134431 ], [ 126.980866235632064, 37.472757315095286 ], [ 126.980195039547553, 37.474549138312845 ], [ 126.980145592050235, 37.474721594484834 ], [ 126.980032217305762, 37.475284394477463 ], [ 126.978595284895974, 37.475318032594828 ], [ 126.976533665872481, 37.475225989370017 ], [ 126.975121732414351, 37.475002988579305 ], [ 126.973564295933173, 37.474644507713926 ], [ 126.973530205238504, 37.47463696671614 ], [ 126.971535949092427, 37.474213609909569 ], [ 126.971514162911845, 37.474209107892527 ], [ 126.970638620022385, 37.474033108922832 ], [ 126.970482872698852, 37.474007919040957 ], [ 126.970324851225186, 37.47399445555174 ], [ 126.969528325782107, 37.473956546912092 ], [ 126.969358600540886, 37.473955248232855 ], [ 126.968712482209426, 37.473976086479759 ], [ 126.968535625116019, 37.473989207113874 ], [ 126.96780276755446, 37.474074610613151 ], [ 126.967679796048429, 37.474092652352951 ], [ 126.967558825919468, 37.474117864031193 ], [ 126.966746378534125, 37.474312945614017 ], [ 126.966609506564467, 37.474350964518422 ], [ 126.966477206252691, 37.474398156722636 ], [ 126.965533150591739, 37.474774271699566 ], [ 126.962627180018558, 37.475913625479635 ], [ 126.957894636546555, 37.477741049141748 ], [ 126.957859985754837, 37.477754819460806 ], [ 126.953466618720284, 37.479550809906129 ], [ 126.952274738577543, 37.479959212727671 ], [ 126.950719811167303, 37.48014952755134 ], [ 126.948314299367439, 37.480396388548598 ], [ 126.945228776945186, 37.480687918254418 ], [ 126.945224948941018, 37.480688283400006 ], [ 126.942580898141514, 37.480942892336046 ], [ 126.942488419958636, 37.480953864507754 ], [ 126.941535733217862, 37.48108837304202 ], [ 126.9415231916728, 37.481090654573002 ], [ 126.941510583833164, 37.481092084119844 ], [ 126.941505289015623, 37.481093114504404 ], [ 126.941499782230949, 37.481093767969007 ], [ 126.941436763178871, 37.481106377419174 ], [ 126.941373417591208, 37.481117901038786 ], [ 126.941361217721621, 37.481121151031019 ], [ 126.941348845202612, 37.481123558735732 ], [ 126.941343701958985, 37.481124997922024 ], [ 126.941338303233664, 37.48112607814366 ], [ 126.941277138465736, 37.48114354933724 ], [ 126.941215515181781, 37.481159965434685 ], [ 126.941203774993696, 37.481164152282794 ], [ 126.941191756427543, 37.481167515308066 ], [ 126.94118681382453, 37.481169349726436 ], [ 126.941181575607956, 37.481170845971349 ], [ 126.940449473061307, 37.481412884738731 ], [ 126.940311177272008, 37.481464537047877 ], [ 126.939452212687115, 37.481823776867699 ], [ 126.9393997322085, 37.481846674660204 ], [ 126.937485766952079, 37.482717035165315 ], [ 126.937453538304396, 37.482732067524267 ], [ 126.936567108303493, 37.483156023562969 ], [ 126.935918309518769, 37.483381936035777 ], [ 126.935895306681516, 37.483390108123125 ], [ 126.935640838775853, 37.483482321366957 ], [ 126.93553974028903, 37.483493020898877 ], [ 126.934966297204241, 37.483498848164658 ], [ 126.93431572826097, 37.483468784319044 ], [ 126.933311816967461, 37.483349202858378 ], [ 126.931507302304411, 37.483126338319884 ], [ 126.931587481949151, 37.482467621694113 ], [ 126.931680698021879, 37.481806154669393 ], [ 126.931726736156193, 37.481530553784708 ], [ 126.931772660333692, 37.481398585085138 ], [ 126.931859518164686, 37.481223220510046 ], [ 126.932569513796778, 37.480474890833293 ], [ 126.933097655288918, 37.479995115497111 ], [ 126.933465110989204, 37.479694654467188 ], [ 126.933487493609405, 37.479675999558772 ], [ 126.933670639035782, 37.479520409040653 ], [ 126.933709792234367, 37.479497585264248 ], [ 126.933915351191843, 37.479391796907116 ], [ 126.934099908819448, 37.479314190149452 ], [ 126.934615621082628, 37.479179930354242 ], [ 126.935255919393583, 37.47906741181167 ], [ 126.935883133625936, 37.478968286617821 ], [ 126.936565882390823, 37.478878026483692 ], [ 126.936708260897348, 37.478854163411803 ], [ 126.936847550101476, 37.478820665744507 ], [ 126.937297848389548, 37.478695346579165 ], [ 126.937488146542023, 37.478631793731843 ], [ 126.937747862145741, 37.478529844318125 ], [ 126.937872494084999, 37.478475642533212 ], [ 126.93799100235762, 37.478413325039753 ], [ 126.938189880026684, 37.478298945757338 ], [ 126.938327738589877, 37.478210594645404 ], [ 126.938453302710244, 37.478111282711261 ], [ 126.938565207030393, 37.478002089890907 ], [ 126.938726457275564, 37.477826833464455 ], [ 126.938818834813873, 37.477715255784879 ], [ 126.938896934860665, 37.477596953216683 ], [ 126.938959993973285, 37.477473082293315 ], [ 126.939007395759958, 37.47734485397914 ], [ 126.939069864856506, 37.477138779288161 ], [ 126.93909729892485, 37.477028306485451 ], [ 126.939113101737448, 37.476916397332992 ], [ 126.939117163705731, 37.476803828262049 ], [ 126.93911195215297, 37.476482107073451 ], [ 126.939096442649102, 37.476316331900939 ], [ 126.939059951836143, 37.476103717611522 ], [ 126.939048379087964, 37.476045704650851 ], [ 126.938982015679301, 37.475754041810383 ], [ 126.938928553305246, 37.475583277974692 ], [ 126.938808926798487, 37.475285292329744 ], [ 126.938736818809261, 37.475136535669137 ], [ 126.938643235582404, 37.474995580468168 ], [ 126.938462232534562, 37.474758000300938 ], [ 126.938365872979816, 37.474644846251365 ], [ 126.937972954932448, 37.474230235204196 ], [ 126.937961082719198, 37.474217856397395 ], [ 126.937469850431498, 37.473711729777776 ], [ 126.937349351567335, 37.473600613547156 ], [ 126.937046600260942, 37.473350311873034 ], [ 126.936861431243869, 37.473218135848178 ], [ 126.936702236539617, 37.473120261070662 ], [ 126.936562018921208, 37.473042696452822 ], [ 126.936412731799422, 37.472976754338632 ], [ 126.936192524056707, 37.47289072734025 ], [ 126.936135125823427, 37.472869353949967 ], [ 126.935892072634459, 37.472783217360288 ], [ 126.935764052268354, 37.472742724655703 ], [ 126.935632332309922, 37.472710642935027 ], [ 126.93553325026366, 37.472689975563554 ], [ 126.935672561640033, 37.472627176194933 ], [ 126.93576265665628, 37.472591808948515 ], [ 126.935840054811578, 37.472574583036625 ], [ 126.936564949665097, 37.472441670486653 ], [ 126.937242441459318, 37.472368601304204 ], [ 126.937256204429374, 37.472367071113652 ], [ 126.938976418363211, 37.472170073344166 ], [ 126.939711052567205, 37.472093046486215 ], [ 126.939717537103775, 37.47209289904756 ], [ 126.939918053299053, 37.47211244635259 ], [ 126.939929803261066, 37.472113558649333 ], [ 126.942159642666169, 37.472318338920907 ], [ 126.942301327284298, 37.472326576860745 ], [ 126.942443379902173, 37.472325337095668 ], [ 126.942831896543467, 37.472308960493571 ], [ 126.943001459919728, 37.472294976455899 ], [ 126.943168406068153, 37.472267499008325 ], [ 126.94333104898358, 37.472226805647907 ], [ 126.943857674925312, 37.472071472000451 ], [ 126.94402219685854, 37.472014901777179 ], [ 126.944178314073866, 37.471944815678768 ], [ 126.944324284705203, 37.471861995695917 ], [ 126.944676248978126, 37.471639069596861 ], [ 126.944848560957354, 37.471513582149846 ], [ 126.945224040616182, 37.471199718602293 ], [ 126.94531194588015, 37.471120220396436 ], [ 126.94539176947417, 37.471035479242971 ], [ 126.945661223465549, 37.470724770408026 ], [ 126.945786676402449, 37.470613207942975 ], [ 126.946070564569553, 37.47039466901289 ], [ 126.946654749434344, 37.469958252762872 ], [ 126.946670350316964, 37.469945395071136 ], [ 126.946687116416996, 37.469933425542536 ], [ 126.946728268065115, 37.469897661269037 ], [ 126.946770473346675, 37.469862877080956 ], [ 126.946784419716039, 37.469848860641498 ], [ 126.946799630925639, 37.469835640772736 ], [ 126.946836180992463, 37.469796839242349 ], [ 126.946873910799667, 37.469758919766157 ], [ 126.94688606805677, 37.469743879078891 ], [ 126.946899578176158, 37.469729536704271 ], [ 126.946931175627299, 37.46968807293446 ], [ 126.946964065652907, 37.469647382017421 ], [ 126.946974316307731, 37.46963146146777 ], [ 126.946985995645193, 37.469616135210053 ], [ 126.947012337473126, 37.469572409772177 ], [ 126.947040069700734, 37.469529338035478 ], [ 126.947048314511235, 37.469512690522279 ], [ 126.947058051124202, 37.469496528438931 ], [ 126.94707888523925, 37.469450963551111 ], [ 126.947101191032189, 37.46940592467633 ], [ 126.947107349972029, 37.469388710156558 ], [ 126.947115050732805, 37.469371868296385 ], [ 126.947130178351756, 37.469324903713208 ], [ 126.947146841077839, 37.469278330501801 ], [ 126.947150854122711, 37.469260714464866 ], [ 126.94715644559912, 37.469243355350123 ], [ 126.94716572311043, 37.469195444090289 ], [ 126.947176580275638, 37.469147784332002 ], [ 126.94717840800044, 37.469129936218145 ], [ 126.94718183714302, 37.469112227267004 ], [ 126.947185177432587, 37.469063831221433 ], [ 126.947190122301265, 37.469015543410514 ], [ 126.947189746281452, 37.468997634987851 ], [ 126.94719098091214, 37.468979746893019 ], [ 126.947188354138575, 37.468931332357108 ], [ 126.94718733682258, 37.468882881295876 ], [ 126.947184759834997, 37.468865085011515 ], [ 126.947183788932534, 37.468847190091033 ], [ 126.947175222747575, 37.468799223264362 ], [ 126.94716825075146, 37.468751075596309 ], [ 126.947163496771878, 37.46873356291713 ], [ 126.947160330552919, 37.468715833453274 ], [ 126.947145909766931, 37.468668775951087 ], [ 126.947133047981396, 37.468621395665707 ], [ 126.947126161977579, 37.468604335424722 ], [ 126.947120831773347, 37.468586942007128 ], [ 126.94710069747201, 37.468541246426227 ], [ 126.947082067613209, 37.468495090379292 ], [ 126.94707311513514, 37.468478647143655 ], [ 126.947065673065609, 37.468461757032664 ], [ 126.947040021188769, 37.468417862614274 ], [ 126.947015800686216, 37.468373376106797 ], [ 126.947004867255941, 37.468357708583397 ], [ 126.946995385706032, 37.468341484108961 ], [ 126.946964465104799, 37.468299812539314 ], [ 126.946934885446765, 37.468257424998896 ], [ 126.946922075753264, 37.468242684493205 ], [ 126.946910646656491, 37.468227281504454 ], [ 126.94687475664945, 37.468188232892679 ], [ 126.946840101198987, 37.468148353699668 ], [ 126.946825538105074, 37.468134682643282 ], [ 126.946812272042649, 37.468120249023293 ], [ 126.946771759496585, 37.468084198093351 ], [ 126.94673236079818, 37.468047212593817 ], [ 126.946716184168253, 37.4680347431553 ], [ 126.946701209292584, 37.468021417414604 ], [ 126.946656465257263, 37.467988709946823 ], [ 126.946612701858115, 37.467954975692116 ], [ 126.9465950672178, 37.467943828485318 ], [ 126.946578528011685, 37.46793173844717 ], [ 126.946529983941701, 37.467902688000962 ], [ 126.946482276757791, 37.467872531252432 ], [ 126.94646335379818, 37.467862814155481 ], [ 126.946445409681118, 37.467852075744588 ], [ 126.946393533282333, 37.467826960692733 ], [ 126.946342341543414, 37.46780067322657 ], [ 126.946322312483801, 37.46779248032346 ], [ 126.946303136280008, 37.46778319646949 ], [ 126.946248427019867, 37.467762257369692 ], [ 126.946194243832721, 37.467740093615447 ], [ 126.946173301658433, 37.467733504271436 ], [ 126.946153077939925, 37.467725763936492 ], [ 126.946096062264573, 37.467709201264036 ], [ 126.946039409838065, 37.467691375805835 ], [ 126.946017756429995, 37.46768645388601 ], [ 126.945996679751488, 37.467680331225388 ], [ 126.945937906055079, 37.467668303486597 ], [ 126.945879330633062, 37.4676549889532 ], [ 126.945857174807614, 37.467651782192561 ], [ 126.945835447849333, 37.467647335855638 ], [ 126.945775481241569, 37.467639958098729 ], [ 126.945715547795203, 37.46763128346435 ], [ 126.945693103274223, 37.467629822995974 ], [ 126.945670934909614, 37.467627095573754 ], [ 126.945610351831064, 37.467624438309777 ], [ 126.945549638562227, 37.46762048762352 ], [ 126.94552712189325, 37.467620787669908 ], [ 126.945504725199982, 37.467619805293843 ], [ 126.945444107933895, 37.467621893837233 ], [ 126.945383200645878, 37.467622705394369 ], [ 126.945360829093019, 37.467624763125109 ], [ 126.945338419325125, 37.46762553522084 ], [ 126.94527835045713, 37.467632349455151 ], [ 126.945217836848045, 37.467637915418997 ], [ 126.945195826275636, 37.467641710976508 ], [ 126.945173618815545, 37.467644230174663 ], [ 126.945114675690917, 37.467655704745134 ], [ 126.945055139628295, 37.467665971223603 ], [ 126.945033702397708, 37.467671467916695 ], [ 126.945011910707208, 37.467675710121519 ], [ 126.944954659937451, 37.467691735052917 ], [ 126.944896675770934, 37.467706602628851 ], [ 126.944876018672417, 37.467713747292066 ], [ 126.944854852260676, 37.467719671907297 ], [ 126.944799844328983, 37.467740093641524 ], [ 126.944743971299005, 37.467759418351328 ], [ 126.944724293538826, 37.467768141866522 ], [ 126.944703955966787, 37.467775692176666 ], [ 126.944651719982588, 37.467800315020725 ], [ 126.944598496780458, 37.467823909771028 ], [ 126.944579988044154, 37.467834127745739 ], [ 126.944560674983194, 37.467843231449322 ], [ 126.944511713633716, 37.467871819421198 ], [ 126.944461653168219, 37.467899455828828 ], [ 126.94444449177854, 37.467911069424332 ], [ 126.944426389141768, 37.467921639314568 ], [ 126.944381173887606, 37.467953918370434 ], [ 126.944334758309935, 37.467985329006389 ], [ 126.943741299163079, 37.468428663705808 ], [ 126.943722877645953, 37.468442633274122 ], [ 126.943385885561582, 37.46870204574698 ], [ 126.94330113570787, 37.468772158071808 ], [ 126.943063495801212, 37.468983479610834 ], [ 126.942931275536594, 37.469117102676755 ], [ 126.942676763213115, 37.469410570592615 ], [ 126.942473968717081, 37.469580082038753 ], [ 126.94242588688499, 37.469610535510981 ], [ 126.942399173251061, 37.46961841494138 ], [ 126.940324058055523, 37.469427843299158 ], [ 126.940002710690038, 37.469396516688832 ], [ 126.939875776774173, 37.469387983010201 ], [ 126.939748397328842, 37.469387065592727 ], [ 126.939527516397078, 37.469392087858502 ], [ 126.93935463527977, 37.469403087923652 ], [ 126.938523916968578, 37.469490189768145 ], [ 126.938503888193537, 37.469492386593743 ], [ 126.936780605649048, 37.469689736360756 ], [ 126.936032962748783, 37.469770371444689 ], [ 126.935880119726605, 37.469792577744421 ], [ 126.935041275832717, 37.469946383518561 ], [ 126.934965341610308, 37.469961786124571 ], [ 126.934698356971381, 37.470021206638734 ], [ 126.934549121014527, 37.470060444168588 ], [ 126.934405080991183, 37.470110520677757 ], [ 126.934130114266381, 37.470218459690841 ], [ 126.934044519683709, 37.470254514461857 ], [ 126.933524906452973, 37.47048874474563 ], [ 126.933398426122437, 37.470551763771596 ], [ 126.933146072607755, 37.470690157649052 ], [ 126.932964566259116, 37.470805014177657 ], [ 126.932765471412893, 37.470949732545058 ], [ 126.932639183534363, 37.471051815157885 ], [ 126.932527166994447, 37.471163981750202 ], [ 126.932381239106618, 37.471327164026853 ], [ 126.932275163437694, 37.471461903314271 ], [ 126.932189676564278, 37.471605639698161 ], [ 126.932093039579939, 37.471796372312632 ], [ 126.932073083736114, 37.471842103904294 ], [ 126.93205161217503, 37.471887397285876 ], [ 126.93204905649668, 37.471894960556419 ], [ 126.932045672546266, 37.471902357448975 ], [ 126.932042511392069, 37.471912164565694 ], [ 126.932038354901692, 37.471921689714648 ], [ 126.932024119130048, 37.471968760074901 ], [ 126.932008321053274, 37.472015512744761 ], [ 126.931918241800744, 37.472345880898452 ], [ 126.931889017717509, 37.472490353337648 ], [ 126.931856718715665, 37.47273298789171 ], [ 126.931847281871157, 37.472867475412301 ], [ 126.931854682106888, 37.473002043888435 ], [ 126.931876149990188, 37.47318423949077 ], [ 126.93189520063514, 37.47329578988645 ], [ 126.931925829488705, 37.473405690360551 ], [ 126.931992852465001, 37.473606314168734 ], [ 126.932043838633831, 37.47373336022455 ], [ 126.932110284257888, 37.473855783773189 ], [ 126.932238186080326, 37.474062769763151 ], [ 126.932312235944366, 37.4741700554302 ], [ 126.93239816120024, 37.474271561522819 ], [ 126.932495257091375, 37.474366455435501 ], [ 126.932638988387282, 37.474494610321791 ], [ 126.932644128478273, 37.47449917249822 ], [ 126.932802999636081, 37.474639539373889 ], [ 126.932918716006469, 37.474732327715074 ], [ 126.933045143192132, 37.474815768042575 ], [ 126.933181097434385, 37.474889079068355 ], [ 126.933408739779807, 37.474999426287319 ], [ 126.933561853011994, 37.475065320793135 ], [ 126.933722630727075, 37.475118367641556 ], [ 126.93388938118531, 37.475158008656337 ], [ 126.934178362128037, 37.475214020576956 ], [ 126.934236556826036, 37.475224440070093 ], [ 126.934459091012911, 37.475261020638456 ], [ 126.93463973812284, 37.475298701971816 ], [ 126.934727679536351, 37.475329868048128 ], [ 126.934729074362423, 37.47533041296083 ], [ 126.934842669400666, 37.475424330874134 ], [ 126.935271456463127, 37.47586613487077 ], [ 126.935606703026394, 37.476219904217132 ], [ 126.935637121062584, 37.476259832269967 ], [ 126.935301640868275, 37.476304182595442 ], [ 126.935249257571257, 37.47631178257005 ], [ 126.934578251344021, 37.476417828795896 ], [ 126.934542936846739, 37.476423721543654 ], [ 126.933803203864088, 37.476553713410922 ], [ 126.93364170412805, 37.47658883359852 ], [ 126.932909125136121, 37.476779551564192 ], [ 126.932774294796118, 37.476819774038155 ], [ 126.932644228962758, 37.476868962379442 ], [ 126.932267038688551, 37.477027570391868 ], [ 126.932267014392792, 37.477027579407391 ], [ 126.932266990699375, 37.477027590571154 ], [ 126.932266031529267, 37.477027993898517 ], [ 126.932201910881162, 37.477058251112872 ], [ 126.932137402665617, 37.477087980511477 ], [ 126.931827745339746, 37.477247340007132 ], [ 126.931746485848024, 37.477291877978168 ], [ 126.931539939400665, 37.477412279252405 ], [ 126.931417231726783, 37.477491031913914 ], [ 126.931304220059587, 37.477578517061382 ], [ 126.931024010928809, 37.477816561684371 ], [ 126.930636802366436, 37.478133165890974 ], [ 126.930576403908617, 37.478185213750493 ], [ 126.929978214259904, 37.478728605919784 ], [ 126.929900289058793, 37.478804811087763 ], [ 126.929040374034969, 37.479711119561756 ], [ 126.928939883792282, 37.479829564068702 ], [ 126.928855650510783, 37.479955803404643 ], [ 126.928770764743504, 37.480101066743529 ], [ 126.928730675145744, 37.480175406400868 ], [ 126.928583704441706, 37.480472112829538 ], [ 126.928526918137607, 37.48060719382282 ], [ 126.928425689051338, 37.480898051529785 ], [ 126.928378815210934, 37.481080948578359 ], [ 126.928314972342662, 37.481463033084282 ], [ 126.928310733497057, 37.481490555756707 ], [ 126.928214112179162, 37.482175968359144 ], [ 126.928211438263148, 37.482196324066749 ], [ 126.928150944248401, 37.482693130984167 ], [ 126.927792176192241, 37.482638682936113 ], [ 126.927692082121183, 37.482625948390137 ] ], [ [ 126.899268933016117, 37.524981026891133 ], [ 126.90358264758413, 37.524314911233859 ], [ 126.903594276664393, 37.524313081686259 ], [ 126.905430059091813, 37.524018943360126 ], [ 126.907576255429845, 37.523713871613445 ], [ 126.908544288421027, 37.523583714996967 ], [ 126.908702005296306, 37.523556308566334 ], [ 126.908853434647497, 37.523523916857592 ], [ 126.908982115425545, 37.523491978077857 ], [ 126.909107208885828, 37.523452008391743 ], [ 126.909219507571095, 37.523411934232328 ], [ 126.909376719985104, 37.523347812254677 ], [ 126.909524715391072, 37.523271026045357 ], [ 126.909661891431995, 37.523182406988745 ], [ 126.909786762910201, 37.523082914583711 ], [ 126.909899574556647, 37.522983150412976 ], [ 126.909980905627066, 37.522905581745263 ], [ 126.91008498606719, 37.522798415939022 ], [ 126.910135126726857, 37.522744037453585 ], [ 126.910549986418701, 37.52226974429022 ], [ 126.911113684103896, 37.521623913505103 ], [ 126.912344670741675, 37.520548922427473 ], [ 126.912370982000454, 37.520525400279574 ], [ 126.913156509141601, 37.519806440254506 ], [ 126.913864879959874, 37.519382220978088 ], [ 126.914172057949202, 37.519273790502503 ], [ 126.915234205894919, 37.51950432449928 ], [ 126.91904305258187, 37.521188547451722 ], [ 126.921389591758725, 37.522374984143084 ], [ 126.919686143740506, 37.524161429648231 ], [ 126.916139704976089, 37.52763419376992 ], [ 126.914992869469316, 37.528710815706255 ], [ 126.914839535030438, 37.52884063525488 ], [ 126.914811504696857, 37.528856127829236 ], [ 126.911877319601359, 37.529861452349735 ], [ 126.911811982706311, 37.529885153437483 ], [ 126.91105086113194, 37.53017687873367 ], [ 126.910776329070245, 37.530253476430012 ], [ 126.910675899200513, 37.530266194696097 ], [ 126.9104184841582, 37.530257677526151 ], [ 126.909442141433743, 37.5301840562406 ], [ 126.909241986259218, 37.530178413229947 ], [ 126.90863970297066, 37.530189750212237 ], [ 126.908479400277628, 37.530198826702062 ], [ 126.907774837654941, 37.530265530165259 ], [ 126.907582891080253, 37.530292678930785 ], [ 126.90655826557537, 37.53048650553594 ], [ 126.906411172706058, 37.530519971861089 ], [ 126.90626845973091, 37.530563847338172 ], [ 126.904795770712497, 37.531078451225426 ], [ 126.904656093591115, 37.531133477436668 ], [ 126.902502162197393, 37.532082369113965 ], [ 126.899231512658247, 37.527884048739352 ], [ 126.899206131852324, 37.527852453769967 ], [ 126.898802307870099, 37.52736479036232 ], [ 126.898676786126984, 37.52710028467456 ], [ 126.89831323979756, 37.525547616899658 ], [ 126.898218078384176, 37.525140841743983 ], [ 126.899264254750051, 37.524981743784465 ], [ 126.899268933016117, 37.524981026891133 ] ], [ [ 126.898625162269894, 37.522326089806882 ], [ 126.897596223925476, 37.522482566537398 ], [ 126.89725838436641, 37.521038306764659 ], [ 126.897256284929639, 37.521029493988564 ], [ 126.896851707284029, 37.519361398736621 ], [ 126.896544782509466, 37.51801860365677 ], [ 126.896543467771437, 37.518014114402604 ], [ 126.896542672725445, 37.518009548327719 ], [ 126.896183165525414, 37.516495257061635 ], [ 126.896124018278485, 37.516315119064402 ], [ 126.895698513141511, 37.515308294577032 ], [ 126.895641563296167, 37.515191685752136 ], [ 126.89557132412024, 37.515079769970612 ], [ 126.895488397237372, 37.514973505738404 ], [ 126.895393492926743, 37.514873803154615 ], [ 126.894639942716807, 37.514153927690614 ], [ 126.894542902274296, 37.51406885270567 ], [ 126.891991749098693, 37.512014828766056 ], [ 126.891943420948849, 37.511902207996386 ], [ 126.891948253705735, 37.511471284951085 ], [ 126.891980131238455, 37.511115525272288 ], [ 126.892003916551289, 37.511012541059472 ], [ 126.895716922933431, 37.512521226161347 ], [ 126.896912999830008, 37.513010049525455 ], [ 126.897285314531587, 37.513721773384447 ], [ 126.897368851633146, 37.513859078865821 ], [ 126.897471279078601, 37.513988012092355 ], [ 126.897591292374869, 37.51410693088075 ], [ 126.898428228346461, 37.514846544302067 ], [ 126.898554477683646, 37.514946955753807 ], [ 126.898693261709113, 37.515036256338753 ], [ 126.898843047032059, 37.515113459369182 ], [ 126.899002178691461, 37.515177711820982 ], [ 126.906181007459026, 37.517707544479975 ], [ 126.906181071345415, 37.517707570075331 ], [ 126.906181139312977, 37.517707590939999 ], [ 126.906181773290299, 37.517707814328034 ], [ 126.90618912170325, 37.517710067104126 ], [ 126.906196265331332, 37.517712859802941 ], [ 126.906202759410121, 37.517714795529088 ], [ 126.90620900874417, 37.517717188400603 ], [ 126.906235738026965, 37.517724958231078 ], [ 126.906261674246366, 37.517734051799643 ], [ 126.90883895545781, 37.518519799222361 ], [ 126.908974908124165, 37.518556080947377 ], [ 126.909114220128274, 37.518583093920256 ], [ 126.909863032210481, 37.518701851732501 ], [ 126.90982311972725, 37.518738380392044 ], [ 126.90852986862518, 37.519867711775987 ], [ 126.90839025573618, 37.520007069463986 ], [ 126.907763963393521, 37.520724587349903 ], [ 126.907544099325932, 37.52097593993804 ], [ 126.907003303281513, 37.521048651579171 ], [ 126.906987598808712, 37.521050823504311 ], [ 126.904815305458328, 37.5213596051873 ], [ 126.90480419564318, 37.521361636814525 ], [ 126.904792892940151, 37.521362914045973 ], [ 126.904785866584163, 37.521364278301846 ], [ 126.90477873098645, 37.521365134000362 ], [ 126.90293057232229, 37.521661255806549 ], [ 126.898625162269894, 37.522326089806882 ] ], [ [ 126.903420070809403, 37.512450261595276 ], [ 126.90039791448838, 37.511211572389854 ], [ 126.900459118271527, 37.511051324172399 ], [ 126.902186841292291, 37.508806087100588 ], [ 126.902225399115025, 37.508753341634225 ], [ 126.907109136370551, 37.501710955086075 ], [ 126.909882902396049, 37.501476574678549 ], [ 126.919030545515895, 37.501296081882622 ], [ 126.921180311097942, 37.506610001931421 ], [ 126.92315043631524, 37.511551823348739 ], [ 126.923383414684295, 37.512221887655095 ], [ 126.923289105682343, 37.512245806617209 ], [ 126.923120702591817, 37.512296499011171 ], [ 126.922834002950992, 37.512396945128138 ], [ 126.922650262387151, 37.51247226570019 ], [ 126.922403980026985, 37.512588847247599 ], [ 126.922281045108889, 37.512652932263677 ], [ 126.922165527991012, 37.512725246020509 ], [ 126.921959902834871, 37.512865849630124 ], [ 126.921955736579122, 37.512868707798049 ], [ 126.919784654951755, 37.51436296595822 ], [ 126.919752740798316, 37.514385494187216 ], [ 126.918541128046897, 37.515262645867779 ], [ 126.91812660797747, 37.51544373428483 ], [ 126.917710367258678, 37.515580967443221 ], [ 126.916996860323096, 37.515672332124531 ], [ 126.915990524990747, 37.515695445868296 ], [ 126.912825788661962, 37.515564576844504 ], [ 126.911444747445543, 37.515493109987929 ], [ 126.910408441226139, 37.515298685397944 ], [ 126.909276335204879, 37.514944854557356 ], [ 126.908301107606761, 37.514491524483674 ], [ 126.908295963493927, 37.514489395567338 ], [ 126.908291148552649, 37.51448693415994 ], [ 126.908286322670051, 37.514484969926507 ], [ 126.90828174314565, 37.514482661585149 ], [ 126.908268137764622, 37.514477210816196 ], [ 126.908255124671726, 37.51447090887492 ], [ 126.908244410577311, 37.514466806498724 ], [ 126.908234095280619, 37.514461967753427 ], [ 126.903432094563726, 37.512455237980852 ], [ 126.903420070809403, 37.512450261595276 ] ], [ [ 126.893511900500101, 37.508307527772068 ], [ 126.893990379555305, 37.507603224733529 ], [ 126.894066054558976, 37.507476538433217 ], [ 126.894303236408277, 37.507019786828927 ], [ 126.894363025281606, 37.506884832988803 ], [ 126.894404572441118, 37.506745600456597 ], [ 126.894427412458114, 37.506603649315785 ], [ 126.89446179898566, 37.506236795252036 ], [ 126.894465088354451, 37.506191461565884 ], [ 126.894505208211982, 37.505411306979347 ], [ 126.894497760916096, 37.505217917464051 ], [ 126.894124091278044, 37.502317549337008 ], [ 126.894179577970888, 37.501601564680691 ], [ 126.89452448145812, 37.500219844069996 ], [ 126.895210086173122, 37.497987891102518 ], [ 126.896347896665389, 37.494405656462867 ], [ 126.89641343140795, 37.494384211780798 ], [ 126.900018663962527, 37.496628079134972 ], [ 126.901551601197241, 37.49761190923217 ], [ 126.902199593705149, 37.498067272835421 ], [ 126.902491686797092, 37.498352166809788 ], [ 126.902979709797975, 37.499016554296766 ], [ 126.90298222803041, 37.499019971051673 ], [ 126.903818362071874, 37.500150625752582 ], [ 126.898992099263282, 37.507323381839605 ], [ 126.897205965072487, 37.509771959438694 ], [ 126.897140425063256, 37.50987171565027 ], [ 126.893511900500101, 37.508307527772068 ] ], [ [ 126.897973086159894, 37.48986602576781 ], [ 126.898286868284515, 37.489282791453576 ], [ 126.898557771463118, 37.488856481941106 ], [ 126.89894565676579, 37.488403993811843 ], [ 126.899574057024338, 37.487902227837395 ], [ 126.900502664181772, 37.487280021092083 ], [ 126.901371631024489, 37.48682629746812 ], [ 126.902002287271813, 37.48655610194993 ], [ 126.902342456841097, 37.486472786479538 ], [ 126.906535937069535, 37.491505404253992 ], [ 126.907483150390476, 37.492669072825016 ], [ 126.907511048356412, 37.492739753822441 ], [ 126.907508400256134, 37.493074973699045 ], [ 126.906792027739044, 37.495445067592172 ], [ 126.906758666549834, 37.495589505855506 ], [ 126.906685983337169, 37.496040693915745 ], [ 126.906639193013277, 37.496122163635192 ], [ 126.905732030016665, 37.49741010418537 ], [ 126.90535399160018, 37.496895472957313 ], [ 126.905283014191554, 37.496806930392189 ], [ 126.905203622173119, 37.496723046271669 ], [ 126.904740186453537, 37.496271048209032 ], [ 126.904648385009381, 37.496188611527657 ], [ 126.904548461872807, 37.496112405959224 ], [ 126.903768027922652, 37.495563984125205 ], [ 126.903710040081208, 37.49552503541517 ], [ 126.902137676871746, 37.494515920914758 ], [ 126.902117758348979, 37.494503332123173 ], [ 126.897735035960167, 37.491775578369356 ], [ 126.897362815167511, 37.491537001052976 ], [ 126.897642226153877, 37.490769646535803 ], [ 126.897973086159894, 37.48986602576781 ] ], [ [ 126.826813626383654, 37.494374815722431 ], [ 126.82697476456984, 37.494382690446074 ], [ 126.830123839385834, 37.494416941526886 ], [ 126.830151859857466, 37.494417061552696 ], [ 126.834855449835786, 37.494406170205856 ], [ 126.836672870352473, 37.49441858821433 ], [ 126.837565903316886, 37.494460883912751 ], [ 126.838488214990079, 37.494565297080932 ], [ 126.840202400509654, 37.494879043963557 ], [ 126.844336101882746, 37.495761982049636 ], [ 126.846788993329682, 37.496347849972061 ], [ 126.827000365982457, 37.501548287716801 ], [ 126.816989370065073, 37.504025905761729 ], [ 126.8177037955397, 37.502870883271839 ], [ 126.817706399956322, 37.502866654030427 ], [ 126.820247872275445, 37.498721116705994 ], [ 126.822866711091962, 37.494464599801745 ], [ 126.823332190665312, 37.493724743423911 ], [ 126.823372260437324, 37.493734555065004 ], [ 126.823427884419658, 37.493749584883652 ], [ 126.824541995563891, 37.494002786991373 ], [ 126.824663570575368, 37.494026589825744 ], [ 126.82665415685608, 37.494354774678271 ], [ 126.826813626383654, 37.494374815722431 ] ], [ [ 126.853178830468039, 37.523242428583664 ], [ 126.85448422237171, 37.520704574330985 ], [ 126.854497587782575, 37.520674454374316 ], [ 126.854512860898907, 37.52064491538934 ], [ 126.856220559691224, 37.516818700911728 ], [ 126.857989614345982, 37.513349670890342 ], [ 126.858926590975301, 37.511762487117998 ], [ 126.859114650725544, 37.511838299167351 ], [ 126.859198474585938, 37.511869830580345 ], [ 126.862403906648524, 37.512991306499799 ], [ 126.862429848720055, 37.51300017801325 ], [ 126.863134078317216, 37.513235497327926 ], [ 126.863315641061149, 37.513286724629879 ], [ 126.863503321291063, 37.513321234842977 ], [ 126.863867101810186, 37.51337100264314 ], [ 126.864764498437324, 37.51352367048387 ], [ 126.865163744511094, 37.5136652560888 ], [ 126.866205593197748, 37.514113703338523 ], [ 126.867634529302293, 37.514759099767964 ], [ 126.867746409716958, 37.514805344984055 ], [ 126.869052564772588, 37.515297085154387 ], [ 126.869091657780302, 37.515311322969744 ], [ 126.870456326957353, 37.515791781102251 ], [ 126.870494250547011, 37.515804696114088 ], [ 126.873089564971394, 37.516658943819685 ], [ 126.873221950014667, 37.516697472734144 ], [ 126.874211974527029, 37.516949011100913 ], [ 126.874448870598556, 37.516994571068473 ], [ 126.875409563476623, 37.517122034237858 ], [ 126.875558786972292, 37.517136457352329 ], [ 126.875709027341856, 37.517140307583851 ], [ 126.876886069121241, 37.517128925474218 ], [ 126.876949220137575, 37.517127377751088 ], [ 126.877958669217236, 37.517087643022997 ], [ 126.877975539904654, 37.51708691180896 ], [ 126.878705389709054, 37.517052373314876 ], [ 126.878851072498108, 37.517040437191682 ], [ 126.879796911068539, 37.516929914351863 ], [ 126.879836584563591, 37.516924895572238 ], [ 126.880997818810286, 37.516766747284841 ], [ 126.881178950041118, 37.516733862201114 ], [ 126.881354484178715, 37.516685406025132 ], [ 126.881522318287423, 37.516621959274097 ], [ 126.882577589333664, 37.516165069958205 ], [ 126.882740289678196, 37.516084847323967 ], [ 126.883577107260109, 37.515618293373642 ], [ 126.886678421714564, 37.514100778337081 ], [ 126.888347670033284, 37.513380301302817 ], [ 126.888437602602522, 37.513338593397044 ], [ 126.888878431652017, 37.513119465913221 ], [ 126.888905551057576, 37.513182668976114 ], [ 126.888961480422921, 37.513296046636967 ], [ 126.889029994178188, 37.513404953923562 ], [ 126.889110536151179, 37.513508506676835 ], [ 126.889202452511228, 37.513605864204756 ], [ 126.889304997076195, 37.513696236107911 ], [ 126.892078972667989, 37.515929732273122 ], [ 126.892582677309164, 37.516410944695785 ], [ 126.892869350239295, 37.517089333964641 ], [ 126.89320595320946, 37.518507414326287 ], [ 126.89351341681423, 37.519852829380142 ], [ 126.893516777569928, 37.519867099933087 ], [ 126.893921944061304, 37.521537930282292 ], [ 126.894261674808334, 37.522990551624453 ], [ 126.891199591869523, 37.523459581221466 ], [ 126.891197174637611, 37.523459952891201 ], [ 126.886159329815357, 37.524237466516098 ], [ 126.88466428941841, 37.52446570659307 ], [ 126.88464213154505, 37.524469211068109 ], [ 126.883194290493648, 37.524706177183354 ], [ 126.882968419907968, 37.524734457639667 ], [ 126.88269703750737, 37.524752444726566 ], [ 126.882552487833919, 37.524734445719886 ], [ 126.882211711540137, 37.524578767960769 ], [ 126.882117025792567, 37.524538623845494 ], [ 126.880860533614623, 37.52404582179993 ], [ 126.879729487314535, 37.523597590814141 ], [ 126.879703434873548, 37.523587486132385 ], [ 126.878965213560946, 37.523307339796055 ], [ 126.878649851189479, 37.523164893343548 ], [ 126.878481393016131, 37.523098338641688 ], [ 126.878304726078781, 37.523047032589012 ], [ 126.878122018316205, 37.523011604774204 ], [ 126.877837782123606, 37.522969615257686 ], [ 126.877724934544517, 37.522956052092056 ], [ 126.877464200256895, 37.522931821872845 ], [ 126.877280080032733, 37.522922748850384 ], [ 126.877095810901409, 37.52292964228306 ], [ 126.876618093956395, 37.52296831618736 ], [ 126.876495384726155, 37.522981868920184 ], [ 126.875088312935404, 37.523179185462475 ], [ 126.87508091321105, 37.52318052420943 ], [ 126.875073393128417, 37.52318133235849 ], [ 126.872694085801584, 37.523532424933855 ], [ 126.870586406160285, 37.523837364960656 ], [ 126.870566238202827, 37.523840383083076 ], [ 126.865225161385609, 37.524666192603533 ], [ 126.864340096996699, 37.524794848241605 ], [ 126.864336305553991, 37.524794640754756 ], [ 126.86412773333943, 37.524765088364049 ], [ 126.864122306879054, 37.524764326723322 ], [ 126.862325182918354, 37.524514468066187 ], [ 126.862322323472739, 37.524514072493098 ], [ 126.856491086857432, 37.523711321567731 ], [ 126.856483263561174, 37.523710556978898 ], [ 126.856475556384765, 37.523709242221649 ], [ 126.855709647073979, 37.523609600818702 ], [ 126.854053516661281, 37.523388778780053 ], [ 126.853178830468039, 37.523242428583664 ] ], [ [ 126.884706889007148, 37.485394993630173 ], [ 126.884762221090838, 37.485511530557517 ], [ 126.884830781643174, 37.485623513324377 ], [ 126.884911988403545, 37.485729990805908 ], [ 126.885400510088331, 37.486308650512107 ], [ 126.88607884896058, 37.487123913897356 ], [ 126.886096551092905, 37.487143076166127 ], [ 126.886112704345891, 37.487163088405318 ], [ 126.886985573553176, 37.488135987941469 ], [ 126.887121306182721, 37.488268643904213 ], [ 126.887704005238547, 37.488769700360429 ], [ 126.887811758893292, 37.488854437526548 ], [ 126.888883779638974, 37.489625333626208 ], [ 126.88897906846536, 37.489688966138992 ], [ 126.891566184517131, 37.491291716725989 ], [ 126.893473392650023, 37.492514283826715 ], [ 126.893283041771824, 37.493036952488886 ], [ 126.893276263483997, 37.493059676678371 ], [ 126.893267685193479, 37.49308201139435 ], [ 126.891918372294398, 37.497329586215955 ], [ 126.891915150927119, 37.497339896461547 ], [ 126.891219049619664, 37.499605696709764 ], [ 126.891202993300169, 37.499663389977748 ], [ 126.890828471539336, 37.501163497254488 ], [ 126.890799093215776, 37.501343896092024 ], [ 126.890727922248033, 37.502261731223655 ], [ 126.89072504180092, 37.502372502701796 ], [ 126.890733555586792, 37.502483090128123 ], [ 126.891108899405239, 37.505397480488305 ], [ 126.891074900011574, 37.50605803743737 ], [ 126.891062876114106, 37.506186253525904 ], [ 126.8909633246233, 37.506377948533334 ], [ 126.890627965887703, 37.50687155595012 ], [ 126.888500966287978, 37.505710531866256 ], [ 126.886285761041563, 37.504322408552504 ], [ 126.886272035516811, 37.504313897722255 ], [ 126.884518210443076, 37.503237821140921 ], [ 126.883657194932809, 37.502516079580928 ], [ 126.881742590750534, 37.50013025429849 ], [ 126.881352617069894, 37.499552529638635 ], [ 126.881117621642474, 37.499102310308906 ], [ 126.881020182395048, 37.498893052215529 ], [ 126.880947490313602, 37.498406594457556 ], [ 126.88154742582725, 37.491443419674454 ], [ 126.881551216278808, 37.491371229435941 ], [ 126.881596146577564, 37.488998687841395 ], [ 126.881797090833672, 37.487512494581232 ], [ 126.882616241888087, 37.485735476495464 ], [ 126.882628985439254, 37.48570684052244 ], [ 126.883942639529536, 37.482646050827483 ], [ 126.884095181258232, 37.483354403998106 ], [ 126.884105109031111, 37.483396494372016 ], [ 126.884449165657614, 37.484737771675341 ], [ 126.884498594521034, 37.484886661895814 ], [ 126.884706889007148, 37.485394993630173 ] ], [ [ 126.844367820671138, 37.652361711264732 ], [ 126.843299901497929, 37.65079090600144 ], [ 126.842773093812696, 37.649814386467881 ], [ 126.842550196705886, 37.649074612588656 ], [ 126.842315657182567, 37.646301764207223 ], [ 126.842117603377631, 37.642181088195137 ], [ 126.841960820440178, 37.638689483119549 ], [ 126.841953704869425, 37.638605114924644 ], [ 126.84176515399939, 37.637083823761223 ], [ 126.841737936147013, 37.636941914219356 ], [ 126.841691951045405, 37.636803099604123 ], [ 126.841382647521414, 37.636037067345775 ], [ 126.841324134129479, 37.635913299275181 ], [ 126.841250697540147, 37.635794668752482 ], [ 126.841163040264689, 37.635682310512031 ], [ 126.840565193860883, 37.634993612675053 ], [ 126.840464022302939, 37.634888475071264 ], [ 126.840350405491264, 37.634791710895094 ], [ 126.840225432943384, 37.63470424801767 ], [ 126.839234301352462, 37.63407631529067 ], [ 126.839070738870518, 37.633984660983486 ], [ 126.837842636468238, 37.633379191699568 ], [ 126.837693374665989, 37.633313605495111 ], [ 126.837536601801986, 37.633260241708442 ], [ 126.83737389535753, 37.633219637291745 ], [ 126.836715209132777, 37.633083704548895 ], [ 126.836569156376157, 37.633058952157853 ], [ 126.836420935792276, 37.633044488612512 ], [ 126.835312138396702, 37.632975425564069 ], [ 126.835126828430802, 37.63297194381208 ], [ 126.834942143373979, 37.632984528001536 ], [ 126.83248126875408, 37.633260328429373 ], [ 126.832467481794296, 37.633262426617947 ], [ 126.832453525552168, 37.633263623290496 ], [ 126.827785761747677, 37.633849232019799 ], [ 126.827774763502887, 37.633850640995846 ], [ 126.826285664711975, 37.634045381199392 ], [ 126.825409761369997, 37.634069533064292 ], [ 126.824710562531067, 37.6339545867041 ], [ 126.823858331736417, 37.633671770916663 ], [ 126.823071314585007, 37.633130292749144 ], [ 126.821625016907689, 37.631911801278605 ], [ 126.821537274533028, 37.63184304767509 ], [ 126.820966966052467, 37.631427446373237 ], [ 126.843695370388872, 37.628165593578544 ], [ 126.843775453291471, 37.628152503270464 ], [ 126.854009678744163, 37.626274041768617 ], [ 126.872024133300158, 37.62366390481094 ], [ 126.890087585064293, 37.621735484001611 ], [ 126.918201357378393, 37.621533701843283 ], [ 126.918216482552197, 37.625293518358305 ], [ 126.918216741639156, 37.625313189941252 ], [ 126.918236228237461, 37.626186241345721 ], [ 126.918172536521624, 37.62677733056038 ], [ 126.917938364904913, 37.627632363030507 ], [ 126.917936400117284, 37.627639633068526 ], [ 126.917715154563808, 37.628469368115461 ], [ 126.917685260479189, 37.628626499859259 ], [ 126.917605486061134, 37.629318997493598 ], [ 126.917599796975907, 37.62938746903707 ], [ 126.917454852605445, 37.632224831274364 ], [ 126.917120818830938, 37.636309850490775 ], [ 126.917120648348316, 37.636318401882271 ], [ 126.91711955985032, 37.636326910428913 ], [ 126.916899106856405, 37.639675790909614 ], [ 126.916703542058428, 37.642077846692594 ], [ 126.916704049692981, 37.642258568468847 ], [ 126.916837652833635, 37.643793118592924 ], [ 126.916847215108433, 37.643870540745297 ], [ 126.917088521034586, 37.645377184433663 ], [ 126.917079174405757, 37.645900012849332 ], [ 126.916944863176326, 37.64615274284025 ], [ 126.916936837697378, 37.646162531489608 ], [ 126.916813523142068, 37.646238154820509 ], [ 126.916518922458025, 37.646334922118349 ], [ 126.913603341540338, 37.64679187867192 ], [ 126.908942523872042, 37.64746516311277 ], [ 126.908803058050708, 37.647490164093092 ], [ 126.908666726543075, 37.64752439244733 ], [ 126.900794355477629, 37.649794098757035 ], [ 126.900653960669672, 37.649840312467319 ], [ 126.896705828571257, 37.651307389696832 ], [ 126.894859479441905, 37.651898428838493 ], [ 126.894856795613649, 37.651899412216807 ], [ 126.894853963477203, 37.651900201565432 ], [ 126.894825217657583, 37.651910831395654 ], [ 126.894795777120677, 37.651920028777944 ], [ 126.89440094520107, 37.65206152886617 ], [ 126.894263589523177, 37.652055145417172 ], [ 126.891785495836245, 37.651598307195052 ], [ 126.886836542364676, 37.65042778307491 ], [ 126.879280908838282, 37.648328410398364 ], [ 126.879100167035332, 37.648286947688511 ], [ 126.878914771176909, 37.648261613447623 ], [ 126.878726990363148, 37.648252717745571 ], [ 126.877755866638651, 37.64824949779333 ], [ 126.877564641520436, 37.648257436074573 ], [ 126.877375751467056, 37.648282419609714 ], [ 126.876202495489338, 37.648492173168613 ], [ 126.876045164808644, 37.648526683083006 ], [ 126.874531510911382, 37.648921748824336 ], [ 126.872662196303239, 37.649362547766579 ], [ 126.868542611248245, 37.650288947976698 ], [ 126.853579495370482, 37.653658960014987 ], [ 126.849270972954642, 37.654624361020517 ], [ 126.849220318568314, 37.654636388729365 ], [ 126.847339820830385, 37.655108322140237 ], [ 126.846814309886355, 37.655114553244289 ], [ 126.846430522688436, 37.655000287916629 ], [ 126.846036257046251, 37.654779457793531 ], [ 126.845848414238077, 37.654660122464875 ], [ 126.845390836228802, 37.653990646584077 ], [ 126.844393576928383, 37.652401129910579 ], [ 126.844384756487401, 37.652388644931719 ], [ 126.844377158256876, 37.652375637468857 ], [ 126.844372104346022, 37.652368825901732 ], [ 126.844367820671138, 37.652361711264732 ] ], [ [ 126.815486894637729, 37.625464653496614 ], [ 126.815920298602279, 37.624928356722087 ], [ 126.816681557890561, 37.62415645139076 ], [ 126.821589837640374, 37.620023255239111 ], [ 126.828102428647526, 37.614731676362908 ], [ 126.829016987287858, 37.614122267623095 ], [ 126.829756060424202, 37.613788702371252 ], [ 126.830243038871842, 37.613632519798792 ], [ 126.830992944978803, 37.613517856400946 ], [ 126.832079544022704, 37.613443726261622 ], [ 126.83430033174092, 37.613454158917122 ], [ 126.837012900742536, 37.613483139830819 ], [ 126.837016106150841, 37.613483171635089 ], [ 126.838691379057835, 37.613498524857455 ], [ 126.840676676317145, 37.613516898122768 ], [ 126.842610724519702, 37.61353860097001 ], [ 126.844465738801986, 37.613648660412665 ], [ 126.844467363047883, 37.613648693171783 ], [ 126.844468975815502, 37.613648849969039 ], [ 126.846499077251423, 37.613766162736859 ], [ 126.846639847700075, 37.613769641716296 ], [ 126.848863609623606, 37.613751240960148 ], [ 126.848880944995202, 37.613751027001044 ], [ 126.851018055318249, 37.613715956246757 ], [ 126.851176950433384, 37.613707410119972 ], [ 126.851334142250721, 37.613687069776716 ], [ 126.851488250404458, 37.613655113833303 ], [ 126.852948880447869, 37.613293301459919 ], [ 126.853115999606374, 37.613244120194302 ], [ 126.853275726836202, 37.613181289653632 ], [ 126.854325127332686, 37.612712495584788 ], [ 126.854507957974903, 37.612618064130231 ], [ 126.855851337888168, 37.611822315183716 ], [ 126.856769320818884, 37.611364171096717 ], [ 126.856875143576218, 37.611306826846523 ], [ 126.857646599401278, 37.610854014275084 ], [ 126.858997773039647, 37.610187100424305 ], [ 126.859649633399485, 37.609873984087756 ], [ 126.861989918916564, 37.608878697180586 ], [ 126.863296299296479, 37.608367624179657 ], [ 126.86422106772541, 37.608041669323562 ], [ 126.864387506323069, 37.607974062417739 ], [ 126.864543607317827, 37.607892325278087 ], [ 126.865403962636591, 37.607385770684644 ], [ 126.865503125327677, 37.607322691238664 ], [ 126.865596091399794, 37.607253897865093 ], [ 126.866232782274736, 37.606746162099938 ], [ 126.866281422981018, 37.606705732577545 ], [ 126.866939392572249, 37.606135663966455 ], [ 126.867640264483711, 37.60555301349121 ], [ 126.867662636350275, 37.605534053296289 ], [ 126.868676552205898, 37.604658008829048 ], [ 126.869476584646563, 37.603970108733051 ], [ 126.86948212858762, 37.603964845638409 ], [ 126.869488232627432, 37.60395999068151 ], [ 126.875319163398899, 37.598842544778051 ], [ 126.880786028389423, 37.594147288721075 ], [ 126.880787807924534, 37.594145757849191 ], [ 126.884743990700869, 37.590736897544808 ], [ 126.886909867615515, 37.58888450657178 ], [ 126.887816931854232, 37.588107733586831 ], [ 126.88856809087838, 37.587472494392721 ], [ 126.889096941070804, 37.587050702078571 ], [ 126.891565240009243, 37.585081178821206 ], [ 126.893746881639757, 37.583656880393242 ], [ 126.894574058102336, 37.583168204476138 ], [ 126.895750178775629, 37.58251493180471 ], [ 126.895835083339378, 37.582464567839224 ], [ 126.896541151643888, 37.58201783002422 ], [ 126.89655098742044, 37.582010953618507 ], [ 126.896561503916871, 37.58200474794905 ], [ 126.899009545367079, 37.580406187054272 ], [ 126.899057787682281, 37.580373466447412 ], [ 126.901651808628273, 37.578546408581694 ], [ 126.901655186733464, 37.578543782931881 ], [ 126.901658855488208, 37.578541417197322 ], [ 126.901696966691745, 37.578514271205876 ], [ 126.902637735929702, 37.579396581979822 ], [ 126.903906984447445, 37.580615355265664 ], [ 126.903917557209169, 37.580625407751988 ], [ 126.905348692247827, 37.581972758768785 ], [ 126.905357036791258, 37.5819805545202 ], [ 126.90699358414588, 37.583497751153537 ], [ 126.908236228214605, 37.584651707276052 ], [ 126.910051369108217, 37.586361693443692 ], [ 126.910489621398014, 37.586784717502574 ], [ 126.910943841828157, 37.587408964848571 ], [ 126.911122190424649, 37.587859560635572 ], [ 126.911257894544008, 37.588396589529069 ], [ 126.911622291586326, 37.589852749449292 ], [ 126.911919379307477, 37.591083569637185 ], [ 126.912316091757745, 37.592847144925031 ], [ 126.912327073903583, 37.592891647467944 ], [ 126.913123848124116, 37.595856353092749 ], [ 126.913124423414175, 37.595858485186163 ], [ 126.913656220097636, 37.597821619499136 ], [ 126.913836082302424, 37.598624782744217 ], [ 126.913838697461145, 37.598633856496491 ], [ 126.913840346331526, 37.598643097909914 ], [ 126.913842310638898, 37.59864950687367 ], [ 126.913843551182183, 37.598656004608976 ], [ 126.914361345360135, 37.600690001223974 ], [ 126.914343852658206, 37.600820260661656 ], [ 126.914342585728946, 37.600830030640076 ], [ 126.913906235908144, 37.604318884413701 ], [ 126.91360850255019, 37.606496676935301 ], [ 126.913601051240221, 37.606569373510062 ], [ 126.913570048997428, 37.607022419745356 ], [ 126.913570345317183, 37.607173618918068 ], [ 126.91359746282653, 37.6075483592696 ], [ 126.913622110016036, 37.607712699967969 ], [ 126.913713628979721, 37.608112810722126 ], [ 126.913774768566384, 37.608301595482622 ], [ 126.914001972513631, 37.608839234161955 ], [ 126.914085831641628, 37.609001825264002 ], [ 126.914806406280661, 37.610175280257948 ], [ 126.914838875748472, 37.610225471136609 ], [ 126.915512188731526, 37.611214924119452 ], [ 126.915542357385746, 37.611272757403889 ], [ 126.915644249664027, 37.611537464923842 ], [ 126.915776914441025, 37.612427956484687 ], [ 126.915779126803514, 37.612442162551069 ], [ 126.916030068297644, 37.613986432703939 ], [ 126.916155241883246, 37.614810407414886 ], [ 126.91617757684007, 37.614919661090759 ], [ 126.916242588423117, 37.615171982718351 ], [ 126.916271436223795, 37.615266515544342 ], [ 126.916353722218759, 37.615499285507582 ], [ 126.916404616122719, 37.615620831230025 ], [ 126.916469744171636, 37.615737999290737 ], [ 126.916762801343367, 37.616204153772998 ], [ 126.917475221116121, 37.617336051980089 ], [ 126.917970484163334, 37.618219218523798 ], [ 126.918037879845414, 37.618326367086453 ], [ 126.918116936643273, 37.618428348685867 ], [ 126.918430715299138, 37.618795625716167 ], [ 126.918460403041834, 37.618827740507925 ], [ 126.889951360056884, 37.61903239082195 ], [ 126.88974017785057, 37.619044370383627 ], [ 126.871532679768123, 37.620988180086904 ], [ 126.871453844878644, 37.620998093965945 ], [ 126.853361634469906, 37.623619501238856 ], [ 126.85328379381383, 37.623632275590751 ], [ 126.843051021934485, 37.625510474930159 ], [ 126.818028222652401, 37.629101343652778 ], [ 126.818017724978333, 37.629102875998726 ], [ 126.812969936994548, 37.629852621249618 ], [ 126.814489835103601, 37.627277594802329 ], [ 126.814508632617702, 37.627244604874619 ], [ 126.815486894637729, 37.625464653496614 ] ], [ [ 126.840722533971089, 37.610813207990063 ], [ 126.840718297755828, 37.610813164621369 ], [ 126.838730841467637, 37.61079477206475 ], [ 126.837056893611688, 37.610779431556239 ], [ 126.834339609904774, 37.610750401102578 ], [ 126.834334250460628, 37.61075055313799 ], [ 126.834328814012252, 37.610750309921386 ], [ 126.834327757037897, 37.61075034525507 ], [ 126.834326778453743, 37.610750302410466 ], [ 126.832021873792996, 37.61073947469233 ], [ 126.831866594177939, 37.6107443960802 ], [ 126.830614106368472, 37.610829843903765 ], [ 126.83043851822633, 37.610849203569131 ], [ 126.830367162842663, 37.610860114362815 ], [ 126.831239531844957, 37.609256158381747 ], [ 126.831305312565746, 37.609113778896301 ], [ 126.831350629853532, 37.608966433212139 ], [ 126.831768502929634, 37.607178422250499 ], [ 126.831789396027702, 37.607060171287046 ], [ 126.831797091864374, 37.606940914882571 ], [ 126.83181310712817, 37.605150627040622 ], [ 126.831808106057323, 37.605036915139387 ], [ 126.831791104552494, 37.604923940496704 ], [ 126.831762223086955, 37.604812503294916 ], [ 126.831137037686005, 37.602826756136409 ], [ 126.831088350081799, 37.602699168956313 ], [ 126.831024102838995, 37.602576017991488 ], [ 126.830944920946848, 37.602458501094631 ], [ 126.829197579348673, 37.600146665418855 ], [ 126.829111042634793, 37.600043245639284 ], [ 126.829012939056469, 37.599946583148252 ], [ 126.828904097131996, 37.599857494250742 ], [ 126.825710998480602, 37.597473434531743 ], [ 126.825679046880907, 37.597450179417393 ], [ 126.823192781202593, 37.595686319055879 ], [ 126.802569286324584, 37.572151732221926 ], [ 126.802097411890529, 37.571192163844273 ], [ 126.801766530623709, 37.568528515149708 ], [ 126.802635892665762, 37.56344350798895 ], [ 126.805458553982533, 37.563181971195 ], [ 126.806145848959957, 37.563119947940471 ], [ 126.806544590585347, 37.563141464919475 ], [ 126.806858582800942, 37.563186689504967 ], [ 126.807113973526526, 37.563273053168217 ], [ 126.807518032700685, 37.563474776682284 ], [ 126.807968803422597, 37.563753558954062 ], [ 126.808514840483483, 37.564173465286785 ], [ 126.809163788481357, 37.564717485659038 ], [ 126.809492779999843, 37.565059067353204 ], [ 126.810226729847201, 37.566070236416181 ], [ 126.810903204330728, 37.567000083704599 ], [ 126.810984583526135, 37.567101286421661 ], [ 126.811007746979286, 37.567127453648446 ], [ 126.811100093764637, 37.56722250518127 ], [ 126.811553381931731, 37.567648511985887 ], [ 126.811575356289879, 37.567668754106414 ], [ 126.811581282621461, 37.567674105315362 ], [ 126.811603755742993, 37.56769399725971 ], [ 126.811862292594228, 37.567918334078925 ], [ 126.811988835871063, 37.568017235114318 ], [ 126.812024216289586, 37.568042136464108 ], [ 126.812163026180755, 37.568129995510887 ], [ 126.812559328225447, 37.568354986988226 ], [ 126.812638209248334, 37.568397170411338 ], [ 126.81265962303064, 37.568407942351925 ], [ 126.812741345380203, 37.568446548438594 ], [ 126.813188761584513, 37.568644651497401 ], [ 126.813317772731807, 37.568696186750699 ], [ 126.813352846668977, 37.568708742121977 ], [ 126.813486889987203, 37.568751372085167 ], [ 126.813931374277772, 37.568875572702346 ], [ 126.813979401893377, 37.56888835588699 ], [ 126.813992270095383, 37.56889161197887 ], [ 126.814040753965116, 37.56890324950659 ], [ 126.814456456026804, 37.568997671327942 ], [ 126.814659150789339, 37.56903321343318 ], [ 126.814713727122921, 37.569040032070156 ], [ 126.814920354809061, 37.569055629744433 ], [ 126.815465136085152, 37.56907012358176 ], [ 126.815489158232239, 37.569070627245786 ], [ 126.815495564858523, 37.569070725477424 ], [ 126.815519592409345, 37.569070958563543 ], [ 126.816934498205228, 37.569076708399514 ], [ 126.816941808975272, 37.569076767015062 ], [ 126.817130897649633, 37.569069887153113 ], [ 126.81714368825827, 37.569068850941399 ], [ 126.817145494308761, 37.569068703850554 ], [ 126.8275089151999, 37.568219751745289 ], [ 126.827513996018197, 37.568219133497195 ], [ 126.827519126745543, 37.568218889936482 ], [ 126.829108471881653, 37.568080876765052 ], [ 126.82922470669341, 37.568158238764866 ], [ 126.829930543122643, 37.568745183563621 ], [ 126.830646822570728, 37.569439602682174 ], [ 126.831459877133213, 37.570487377992173 ], [ 126.832989810939452, 37.573548949269352 ], [ 126.835082328342395, 37.577857806044257 ], [ 126.835168086093262, 37.578006826628418 ], [ 126.835275872393083, 37.578146492525825 ], [ 126.840442450723543, 37.584010974064775 ], [ 126.840469184124245, 37.584040463879042 ], [ 126.843921957196557, 37.587743023739819 ], [ 126.84807891656358, 37.592239203493996 ], [ 126.848224698831956, 37.592376677968637 ], [ 126.849324683497656, 37.593283917402182 ], [ 126.849498770486818, 37.59340894926644 ], [ 126.851278617179631, 37.594519887860613 ], [ 126.851391448723319, 37.594584558167355 ], [ 126.851510548611543, 37.594641670248016 ], [ 126.853295900693766, 37.595420378009045 ], [ 126.853521750458043, 37.595502423676614 ], [ 126.855642830601084, 37.596128362528724 ], [ 126.855770212047716, 37.596161467376405 ], [ 126.855900476153707, 37.596186481872202 ], [ 126.857897843101668, 37.596504269744067 ], [ 126.858141267119848, 37.596528624442328 ], [ 126.859948412872527, 37.596604640592631 ], [ 126.860187645481005, 37.596601278370692 ], [ 126.861990802841774, 37.596474493399462 ], [ 126.862211997457436, 37.596447160807728 ], [ 126.863758364879359, 37.596172021902319 ], [ 126.863900779593237, 37.596141461402361 ], [ 126.865411226788169, 37.595760647642791 ], [ 126.865599673974728, 37.595703128693039 ], [ 126.867248641081517, 37.595108157443306 ], [ 126.869093891495908, 37.594443685466132 ], [ 126.870743600731828, 37.593872140676041 ], [ 126.870754489617568, 37.593868331962838 ], [ 126.880464094422067, 37.59043922819211 ], [ 126.878292309653858, 37.592310447212881 ], [ 126.872820040500727, 37.5970102135148 ], [ 126.872807562990005, 37.597021046124482 ], [ 126.866976195030446, 37.60213872978256 ], [ 126.866180612376397, 37.602822784645134 ], [ 126.866177808724061, 37.602825201127914 ], [ 126.865173560409531, 37.603692868481851 ], [ 126.864471865109522, 37.604276187811607 ], [ 126.864447883510124, 37.604296539739913 ], [ 126.863801846900131, 37.60485625411588 ], [ 126.863279861658711, 37.605272506802464 ], [ 126.8626726849363, 37.605629991442079 ], [ 126.861888514242466, 37.60590638721137 ], [ 126.861826966016196, 37.60592926226866 ], [ 126.860464262889963, 37.606462366033988 ], [ 126.860412971809325, 37.606483297982891 ], [ 126.858008123304316, 37.607506034285166 ], [ 126.857930882181151, 37.607540977742268 ], [ 126.857232173195655, 37.607876594233801 ], [ 126.857214607334726, 37.607885147665883 ], [ 126.855796655248781, 37.608585014111362 ], [ 126.855683625190053, 37.60864593611808 ], [ 126.854908756098851, 37.609100746148314 ], [ 126.853987616200598, 37.609560460011451 ], [ 126.853875782844511, 37.609621345936418 ], [ 126.852565630845319, 37.610397402395591 ], [ 126.851767488387623, 37.610753950303085 ], [ 126.850707411452603, 37.611016541671553 ], [ 126.848819547111219, 37.611047521003293 ], [ 126.846675007127018, 37.611065267524936 ], [ 126.84471688906774, 37.610952114497117 ], [ 126.842812395789167, 37.610839119618625 ], [ 126.842709931117099, 37.610835508406993 ], [ 126.840722533971089, 37.610813207990063 ] ], [ [ 126.835073072741991, 37.569698572434866 ], [ 126.835093421225338, 37.569711718552014 ], [ 126.835328106635245, 37.569860960530931 ], [ 126.835526734688614, 37.569969829263798 ], [ 126.835582018080672, 37.569995729040379 ], [ 126.835798015402943, 37.57008110862413 ], [ 126.836506021100234, 37.570312672777895 ], [ 126.836615437662516, 37.570345007902517 ], [ 126.836644952900201, 37.570352822937828 ], [ 126.836756900580212, 37.570379100595453 ], [ 126.838007810446584, 37.570635888408837 ], [ 126.838128775152796, 37.570657008357095 ], [ 126.838161247303546, 37.570661697466022 ], [ 126.838283823676065, 37.570675745837995 ], [ 126.838681198114159, 37.570709571961338 ], [ 126.838821090062737, 37.570716848689315 ], [ 126.838858431596094, 37.570717561512964 ], [ 126.838998601129646, 37.570715630951739 ], [ 126.839138093196411, 37.570704506283867 ], [ 126.83917507401901, 37.570700323926907 ], [ 126.83931293816822, 37.57068008092255 ], [ 126.840109109009433, 37.570535900498868 ], [ 126.840195084708427, 37.570518438752188 ], [ 126.840217843248368, 37.570513308946154 ], [ 126.840302556598388, 37.570492297118342 ], [ 126.841353689092116, 37.570207393440953 ], [ 126.841569511722952, 37.570135336606974 ], [ 126.841625131945875, 37.570113064061729 ], [ 126.841826460977572, 37.570018076836526 ], [ 126.843094892476614, 37.569321373005572 ], [ 126.85041311416434, 37.565473433917809 ], [ 126.850425998517693, 37.565466591159343 ], [ 126.850429422075393, 37.565464754927234 ], [ 126.850442221923956, 37.565457821971108 ], [ 126.855378416218215, 37.562757678762104 ], [ 126.860079954737159, 37.560299976176687 ], [ 126.860104668555493, 37.560286808268309 ], [ 126.860111216289809, 37.560283253059119 ], [ 126.860135663895107, 37.560269727332027 ], [ 126.861763903302773, 37.559351922247608 ], [ 126.863393081600947, 37.558477442934731 ], [ 126.863444726948771, 37.558448595862721 ], [ 126.863458314769886, 37.558440702382924 ], [ 126.863508578089679, 37.558410348371872 ], [ 126.863997495136203, 37.558103534352639 ], [ 126.864105091924557, 37.558030011959104 ], [ 126.864132707167968, 37.558009487343803 ], [ 126.864232224764294, 37.557929075021669 ], [ 126.864322968896019, 37.557842333751523 ], [ 126.864345913114931, 37.557818439582064 ], [ 126.864427250613815, 37.557725974708802 ], [ 126.864661814817126, 37.557434101803636 ], [ 126.86475163764463, 37.557307893005621 ], [ 126.864773256726934, 37.557273312682078 ], [ 126.864845577059455, 37.557140169060304 ], [ 126.864899562570798, 37.557001623320332 ], [ 126.864911431204291, 37.556964170160974 ], [ 126.864946460486266, 37.55682181716849 ], [ 126.865169420864945, 37.555560203477391 ], [ 126.865169703932452, 37.555558594715933 ], [ 126.865169778972273, 37.555558166368201 ], [ 126.865170058712081, 37.555556562516905 ], [ 126.865458431704042, 37.553895875830726 ], [ 126.865711634926384, 37.552437661017635 ], [ 126.866502342752554, 37.552063758913661 ], [ 126.866637328950219, 37.551992792708596 ], [ 126.870380111144257, 37.549814296745403 ], [ 126.870404249560124, 37.549799983044252 ], [ 126.870410643198497, 37.549796121109019 ], [ 126.870434457125299, 37.549781470308837 ], [ 126.871451579835025, 37.549144165729444 ], [ 126.872035014719756, 37.548861069333732 ], [ 126.872548245016418, 37.548678670690578 ], [ 126.873230203366106, 37.548529701386897 ], [ 126.873966805228818, 37.548486693385165 ], [ 126.874865727498545, 37.548511811177519 ], [ 126.876010510481663, 37.548583686314124 ], [ 126.876044464714795, 37.54858554554945 ], [ 126.876053524295088, 37.548585969041092 ], [ 126.876087516911099, 37.548587286018538 ], [ 126.877466114240391, 37.548629668103494 ], [ 126.877585245556972, 37.548630000000422 ], [ 126.877616978808746, 37.548629201643564 ], [ 126.877735846888754, 37.548622882028269 ], [ 126.87835874375051, 37.54857223697244 ], [ 126.878427953008796, 37.548565463802156 ], [ 126.878446354574322, 37.548563356718347 ], [ 126.878515157038748, 37.548554326734006 ], [ 126.880000294506033, 37.548334370681538 ], [ 126.880024731234542, 37.548330603577085 ], [ 126.88003123817478, 37.548329561031295 ], [ 126.880055603500466, 37.54832550903496 ], [ 126.880981580679929, 37.548165865164322 ], [ 126.881364009785983, 37.548117475741648 ], [ 126.881507982365605, 37.548094133675853 ], [ 126.881545965301342, 37.548086599487519 ], [ 126.881686864633053, 37.548053435149235 ], [ 126.88182363561144, 37.548010696918823 ], [ 126.881859420877404, 37.547998066199803 ], [ 126.881991039364635, 37.547946074053513 ], [ 126.882116520006591, 37.547885217297221 ], [ 126.882149037857829, 37.547867867629741 ], [ 126.882267441187565, 37.547798601827942 ], [ 126.882680930798145, 37.547534034438897 ], [ 126.882812705948325, 37.547440329966925 ], [ 126.88284612034748, 37.547413956091063 ], [ 126.882964953143443, 37.547309856523832 ], [ 126.883709955489849, 37.54658474906627 ], [ 126.883777089740875, 37.546514887084143 ], [ 126.883794212447555, 37.546495813475111 ], [ 126.883855498489382, 37.54642262342459 ], [ 126.884233737179457, 37.545937422656593 ], [ 126.884283750010127, 37.545868857269674 ], [ 126.884296402176744, 37.545850277663838 ], [ 126.884341280634345, 37.545779495989834 ], [ 126.884694351655156, 37.545179520039142 ], [ 126.885771472827784, 37.543733911982343 ], [ 126.885940598608855, 37.543545900109557 ], [ 126.886079804742081, 37.543445215255801 ], [ 126.886771117917334, 37.543057510262585 ], [ 126.887334185642629, 37.542783047113133 ], [ 126.890886178948477, 37.541113431145128 ], [ 126.890901262258836, 37.54110625678392 ], [ 126.890905271428551, 37.541104327345337 ], [ 126.890920256930286, 37.541097030940996 ], [ 126.894463968914849, 37.539351394118995 ], [ 126.897718405239814, 37.537763942976554 ], [ 126.90060652108599, 37.536377547520956 ], [ 126.90062015347759, 37.536370933429033 ], [ 126.900623777929724, 37.536369156276649 ], [ 126.900637487249298, 37.536362362471756 ], [ 126.901498459809602, 37.535931155797215 ], [ 126.902074934566301, 37.536685452043535 ], [ 126.902127645776474, 37.53675018746533 ], [ 126.906876878282404, 37.542232949654824 ], [ 126.909600736901766, 37.5453995613275 ], [ 126.910323795886868, 37.546623369236272 ], [ 126.91087819617313, 37.548176634018297 ], [ 126.91093082980575, 37.54830084589701 ], [ 126.910998324942668, 37.548420415300534 ], [ 126.911418258298212, 37.549077174432917 ], [ 126.911433326414027, 37.549100190963223 ], [ 126.911549315128326, 37.549273288700185 ], [ 126.911460082671695, 37.54946753753147 ], [ 126.911402693958848, 37.549619613253498 ], [ 126.91057953054414, 37.552379819090824 ], [ 126.910183562659597, 37.553686808605754 ], [ 126.909919270031594, 37.553983817498853 ], [ 126.908910442980215, 37.55504956393488 ], [ 126.908895290883407, 37.555067320777248 ], [ 126.908878691518751, 37.555084237628236 ], [ 126.906330181487547, 37.557962010907737 ], [ 126.901948172832959, 37.562824690878145 ], [ 126.900926064645375, 37.56386163618739 ], [ 126.900924339317072, 37.563863389500419 ], [ 126.900478566184972, 37.564317158817211 ], [ 126.900314103448977, 37.56441130866218 ], [ 126.899214367973826, 37.564793621806054 ], [ 126.899190173890432, 37.564802211961904 ], [ 126.898753516266396, 37.564960508414742 ], [ 126.898597952467682, 37.565024814465623 ], [ 126.898451543221668, 37.565101541004438 ], [ 126.898315847964355, 37.56518987081509 ], [ 126.89819231203154, 37.565288863092007 ], [ 126.898082251264782, 37.565397463459377 ], [ 126.897986837995575, 37.565514515200199 ], [ 126.89778280877114, 37.565795589192312 ], [ 126.897703452914314, 37.5659191445719 ], [ 126.897640425272783, 37.566048524046082 ], [ 126.897594389898373, 37.56618236466371 ], [ 126.897565831846123, 37.566319256470294 ], [ 126.897507975469992, 37.566724289376914 ], [ 126.897500486153589, 37.566791719459573 ], [ 126.897376819733594, 37.568348574678261 ], [ 126.897373457345935, 37.568426894812148 ], [ 126.897365928166707, 37.56958526362429 ], [ 126.897367417044549, 37.569612233366058 ], [ 126.897366930695142, 37.569639226357154 ], [ 126.897485205736956, 37.572347452134736 ], [ 126.897500335339572, 37.572486502640302 ], [ 126.897689991295579, 37.573573184993606 ], [ 126.897695433360354, 37.573602072789491 ], [ 126.897801367511974, 37.574125750130193 ], [ 126.897841773224428, 37.574272785970209 ], [ 126.897902462989677, 37.57441533595977 ], [ 126.898112761399986, 37.574831489507652 ], [ 126.898191480277177, 37.574965558334725 ], [ 126.898288138167771, 37.575091976294459 ], [ 126.898524244556626, 37.575365811438225 ], [ 126.896906600531693, 37.576421985211574 ], [ 126.896903361621909, 37.576424320629144 ], [ 126.896899872165903, 37.576426401637299 ], [ 126.896897860199189, 37.576427867404426 ], [ 126.896895674857092, 37.576429179427542 ], [ 126.891374867231349, 37.580095146665229 ], [ 126.886617608570205, 37.582710780363975 ], [ 126.88648461004567, 37.582791893123307 ], [ 126.886362298845157, 37.58288303818221 ], [ 126.886251864860483, 37.582983328874867 ], [ 126.885990893940246, 37.583245346604897 ], [ 126.882944808208748, 37.586163316832057 ], [ 126.882248816129064, 37.586729213666587 ], [ 126.880893895871793, 37.587329021598286 ], [ 126.86938159910612, 37.591394878513718 ], [ 126.867726211376947, 37.59196838769104 ], [ 126.867703930212471, 37.591976258564074 ], [ 126.865847028902266, 37.592644922562201 ], [ 126.864288392048451, 37.593207298774836 ], [ 126.862944734098676, 37.593546060911684 ], [ 126.861579917854044, 37.593788897530878 ], [ 126.860008015149845, 37.593899422944084 ], [ 126.858443510967561, 37.593833613837042 ], [ 126.85669851726513, 37.593555980358651 ], [ 126.854820128918362, 37.593001663709636 ], [ 126.853266203267651, 37.592323902938674 ], [ 126.851688538447817, 37.591339178847718 ], [ 126.850748810402408, 37.590564136099637 ], [ 126.846656803566276, 37.586138380036125 ], [ 126.846652587687387, 37.586133839851307 ], [ 126.843211253776488, 37.582443693169381 ], [ 126.838176563652013, 37.576729169587438 ], [ 126.836155569374824, 37.572567946262645 ], [ 126.836149519562269, 37.572555667407848 ], [ 126.834561420742801, 37.569377965972421 ], [ 126.834538062035634, 37.569336584712524 ], [ 126.835047588842329, 37.569681638754659 ], [ 126.83506768069131, 37.569695033633025 ], [ 126.835073072741991, 37.569698572434866 ] ], [ [ 126.819482445843931, 37.562351440531273 ], [ 126.819889521594831, 37.562536390828335 ], [ 126.821429123850464, 37.563460771948677 ], [ 126.821440932535495, 37.563467797949293 ], [ 126.823075955567873, 37.564431813297901 ], [ 126.825070509661131, 37.565615059980985 ], [ 126.825078306495783, 37.565619657709654 ], [ 126.825199613131886, 37.56569076478533 ], [ 126.816876821093004, 37.566372487521079 ], [ 126.815554637611442, 37.566367047704915 ], [ 126.815215302004617, 37.566358020067646 ], [ 126.815009452558357, 37.566311103797638 ], [ 126.814730409508343, 37.566233132324641 ], [ 126.814464679136321, 37.566115475683198 ], [ 126.814261431808774, 37.566000088508638 ], [ 126.814123991137237, 37.565880723719694 ], [ 126.813776980909594, 37.565554609534239 ], [ 126.813167495273817, 37.564716887212967 ], [ 126.812378552033906, 37.563630011174659 ], [ 126.812255811099263, 37.563483779612767 ], [ 126.811804924058421, 37.563015655334517 ], [ 126.811688675032798, 37.562907301938793 ], [ 126.811449760694515, 37.562707024693701 ], [ 126.813209488685047, 37.562531563739995 ], [ 126.813230020305724, 37.562529415104727 ], [ 126.816777668791516, 37.56214056863918 ], [ 126.817375692361637, 37.562079903453977 ], [ 126.817695541180129, 37.562061548647996 ], [ 126.818034131824845, 37.562054528483706 ], [ 126.818322640431973, 37.562067057509545 ], [ 126.818581572925495, 37.562103814736183 ], [ 126.819053037158625, 37.562207141900323 ], [ 126.819482445843931, 37.562351440531273 ] ], [ [ 126.904664217749541, 37.564447234480802 ], [ 126.904686932421711, 37.564424476117033 ], [ 126.909094180596853, 37.55953359306347 ], [ 126.909102219566677, 37.559524593809762 ], [ 126.911639144098828, 37.556659786016333 ], [ 126.912646775327019, 37.555595262303413 ], [ 126.912676264053559, 37.555563135036493 ], [ 126.913003666849278, 37.555195188408838 ], [ 126.913085699900961, 37.555093674313525 ], [ 126.913243346777094, 37.554878000264281 ], [ 126.913319020642192, 37.554761889866114 ], [ 126.913380245738509, 37.554640500705133 ], [ 126.913426448983998, 37.554514969154596 ], [ 126.913881890831505, 37.553011457064486 ], [ 126.913883295192278, 37.553006784453537 ], [ 126.914282830968588, 37.551666902865414 ], [ 126.918055982981201, 37.554414745417731 ], [ 126.922682200896418, 37.557862925283729 ], [ 126.923129523504116, 37.558242518323567 ], [ 126.923204407925766, 37.558302216509098 ], [ 126.923474572323343, 37.558504552772334 ], [ 126.922825980880788, 37.559341720662765 ], [ 126.922196155697208, 37.560099409662854 ], [ 126.922186654569614, 37.560110967371529 ], [ 126.921105515220631, 37.561440874984498 ], [ 126.919805753906957, 37.562873375522216 ], [ 126.919738978997941, 37.562952729893205 ], [ 126.918559494085429, 37.56446748909903 ], [ 126.917635124478906, 37.565580528211406 ], [ 126.916660627422416, 37.566108009190351 ], [ 126.915158171350299, 37.566800378314184 ], [ 126.91279759350418, 37.567849012338733 ], [ 126.912761479550312, 37.567865519937619 ], [ 126.910432052684286, 37.568960698956673 ], [ 126.907888371042915, 37.570120966319259 ], [ 126.907886701217379, 37.57012172895935 ], [ 126.905335009781908, 37.571288617785029 ], [ 126.905211549686499, 37.571350843947592 ], [ 126.902610143907538, 37.572790338914501 ], [ 126.902547526586645, 37.572826701333135 ], [ 126.901181767707158, 37.573658449667427 ], [ 126.901125234702107, 37.573546587430634 ], [ 126.901052402282104, 37.573186625246038 ], [ 126.900877306500547, 37.572183628777218 ], [ 126.900763140950971, 37.569572215079724 ], [ 126.900770190323385, 37.568480033836011 ], [ 126.900874420472391, 37.567167119335991 ], [ 126.901839033049711, 37.566831776156441 ], [ 126.901999680206544, 37.566767669321322 ], [ 126.902150918845422, 37.566690410477925 ], [ 126.902658778555477, 37.566399672121292 ], [ 126.902784531121085, 37.566320242404444 ], [ 126.902900300891758, 37.566231716879926 ], [ 126.90300505365326, 37.566134886406417 ], [ 126.903599347239023, 37.565529912585021 ], [ 126.904643114706744, 37.564470955583701 ], [ 126.904664217749541, 37.564447234480802 ] ], [ [ 126.968348050504403, 37.563470005459749 ], [ 126.968867052905921, 37.563274144069339 ], [ 126.970984171159245, 37.563765720027092 ], [ 126.973219122153424, 37.56430659963646 ], [ 126.973611480019812, 37.564436363377098 ], [ 126.974586884490733, 37.564811695055319 ], [ 126.975275125883385, 37.5656775531167 ], [ 126.975237180624248, 37.566088095105542 ], [ 126.975233920801259, 37.566134035120285 ], [ 126.975075876667589, 37.569324762086509 ], [ 126.975060368235077, 37.569454187182707 ], [ 126.974553810488544, 37.569895885426376 ], [ 126.974467370360657, 37.569977508323213 ], [ 126.974427805058866, 37.570021490600759 ], [ 126.973658608838619, 37.569447532847981 ], [ 126.973542082753127, 37.569368138624988 ], [ 126.973417033812311, 37.569297435307753 ], [ 126.972365256790098, 37.568757906532461 ], [ 126.970503794598855, 37.567491443569949 ], [ 126.967992698384819, 37.564935779758578 ], [ 126.967220386518676, 37.564002352174427 ], [ 126.967033051894177, 37.563735926054022 ], [ 126.967986234209619, 37.563568614939179 ], [ 126.968170640254868, 37.563527442873763 ], [ 126.968348050504403, 37.563470005459749 ] ], [ [ 126.966106448166457, 37.590467432533778 ], [ 126.963256554567053, 37.592599083782034 ], [ 126.963230191663371, 37.59261923106974 ], [ 126.955973966447843, 37.598284634650724 ], [ 126.94068242469065, 37.610181684703662 ], [ 126.940654357515697, 37.610204032199661 ], [ 126.939403073177516, 37.611223858358407 ], [ 126.9393186620498, 37.611297947676498 ], [ 126.938108326933687, 37.61244262417587 ], [ 126.936965314220529, 37.613063718673772 ], [ 126.935338941335644, 37.61374110393028 ], [ 126.935170114773427, 37.613821656331368 ], [ 126.935014130206582, 37.613917198527119 ], [ 126.934191658751672, 37.614484249829871 ], [ 126.933991888311112, 37.614147587904959 ], [ 126.933729995750937, 37.61340435710688 ], [ 126.933334880053422, 37.612228487525677 ], [ 126.933274592816218, 37.612082771314341 ], [ 126.933193943280202, 37.611943426108468 ], [ 126.932789359302916, 37.611337460813878 ], [ 126.932715377254183, 37.611237294380658 ], [ 126.932630858713722, 37.611142550436227 ], [ 126.93253642779699, 37.611053928560331 ], [ 126.93215337415802, 37.610724266054469 ], [ 126.932051123774343, 37.610643431943579 ], [ 126.931940630422176, 37.610569781924383 ], [ 126.931920169655726, 37.610557279275888 ], [ 126.933920956279835, 37.608297783171565 ], [ 126.935272093514698, 37.606849167565038 ], [ 126.935376645427297, 37.606722877132356 ], [ 126.93591589143746, 37.605984691593058 ], [ 126.935958059804719, 37.60592336958878 ], [ 126.936168365331724, 37.605597823288086 ], [ 126.936227897557757, 37.605495359734078 ], [ 126.936276478456278, 37.6053893023063 ], [ 126.936313769410958, 37.605280390343871 ], [ 126.936430768330638, 37.604872177944344 ], [ 126.936464833264054, 37.604706366016096 ], [ 126.936682519797898, 37.602977426062331 ], [ 126.936785322673614, 37.602551831107611 ], [ 126.936903129048275, 37.602229974870333 ], [ 126.937419022955552, 37.601313349136909 ], [ 126.937421306868814, 37.601308690744716 ], [ 126.937424112194506, 37.601304216280219 ], [ 126.93793606788698, 37.600376238929726 ], [ 126.938037562754843, 37.600270167186011 ], [ 126.93929677745227, 37.599213937262618 ], [ 126.939403611170121, 37.599115201332197 ], [ 126.93949800400685, 37.599008741981599 ], [ 126.93998168869372, 37.598403253069669 ], [ 126.940066112910017, 37.598284779482704 ], [ 126.940135128216298, 37.598160148905237 ], [ 126.940370732118652, 37.597669013078161 ], [ 126.940397597411177, 37.597608772219978 ], [ 126.940658719401895, 37.596976175907187 ], [ 126.94088742335795, 37.596675952574174 ], [ 126.941823655682768, 37.595785053472355 ], [ 126.941936136036688, 37.595665104400901 ], [ 126.942031265223719, 37.595535998146666 ], [ 126.942280537576536, 37.595150221389858 ], [ 126.942356168618019, 37.595015581851541 ], [ 126.942412919288273, 37.594875188641524 ], [ 126.942522354837777, 37.59454334820866 ], [ 126.9425638531511, 37.594374269485058 ], [ 126.942888681928821, 37.592383487464588 ], [ 126.94297419319571, 37.592161238790958 ], [ 126.943287373046616, 37.591716530995647 ], [ 126.944026926025302, 37.59079817696901 ], [ 126.945284035316334, 37.589741636309121 ], [ 126.946570519341137, 37.588726960446706 ], [ 126.946678892437959, 37.588633014128987 ], [ 126.947727305279798, 37.58763333928453 ], [ 126.947743560041047, 37.587617600326915 ], [ 126.949422301482528, 37.585966882145634 ], [ 126.950618056933351, 37.584809738738436 ], [ 126.950692271822902, 37.584732405599269 ], [ 126.951074255012713, 37.58430318486527 ], [ 126.951157470942675, 37.584200066923373 ], [ 126.951228611393589, 37.584091375821401 ], [ 126.951757603526858, 37.583185111552602 ], [ 126.951769213265393, 37.58316236169938 ], [ 126.951782581265562, 37.583140203843712 ], [ 126.951786117375889, 37.583132481288438 ], [ 126.951790465398801, 37.58312504436541 ], [ 126.95218607623211, 37.582351204673976 ], [ 126.952343466464399, 37.582124531940622 ], [ 126.952714110049087, 37.581754120108421 ], [ 126.95445131673435, 37.580140993056631 ], [ 126.954502778237284, 37.580090821935116 ], [ 126.956185826558752, 37.578367245571549 ], [ 126.956258298398396, 37.578287155303556 ], [ 126.957710424953149, 37.57655211843398 ], [ 126.959250264364911, 37.575195112989896 ], [ 126.959250274913529, 37.575195102722589 ], [ 126.959250286675527, 37.575195093327459 ], [ 126.960735048686018, 37.573886507657733 ], [ 126.961106869572163, 37.573850157464349 ], [ 126.963257632168592, 37.573784423663732 ], [ 126.963268450431343, 37.573798554631523 ], [ 126.963592668199212, 37.574201890992939 ], [ 126.963696262407112, 37.574317005627435 ], [ 126.963814415530095, 37.574422865230055 ], [ 126.964283333389901, 37.574801092470025 ], [ 126.964430413866097, 37.574906644231916 ], [ 126.964591930114722, 37.574997853801882 ], [ 126.96506802899475, 37.575234766546323 ], [ 126.965200553323996, 37.575294312795407 ], [ 126.965339241965822, 37.575344179747603 ], [ 126.965482981721721, 37.57538396713641 ], [ 126.966128400348936, 37.57553719405 ], [ 126.966387389701509, 37.575603515004929 ], [ 126.966678916749601, 37.575778707893726 ], [ 126.967986260207581, 37.576832771903426 ], [ 126.96810395178106, 37.576919116687094 ], [ 126.968231332332948, 37.576996261596364 ], [ 126.968367270861677, 37.577063521650587 ], [ 126.968510560367804, 37.577120299636285 ], [ 126.968935189417863, 37.577269121243638 ], [ 126.969087894036633, 37.577315790852289 ], [ 126.969245530794808, 37.577350554407239 ], [ 126.969406637952787, 37.5773730895501 ], [ 126.96979944228184, 37.577412628393589 ], [ 126.96995045226457, 37.577422408139029 ], [ 126.970101956492371, 37.577421440078062 ], [ 126.970254020474002, 37.577415063486441 ], [ 126.968099305924298, 37.586159488717904 ], [ 126.967024653112148, 37.589483268036332 ], [ 126.966106448166457, 37.590467432533778 ] ], [ [ 126.976036005036562, 37.572991827460683 ], [ 126.976274018646265, 37.572990152635903 ], [ 126.979238959079851, 37.573014267684052 ], [ 126.979273253978093, 37.573014270615005 ], [ 126.98005003892824, 37.573008092698586 ], [ 126.980657147633778, 37.573023793655793 ], [ 126.98153851865429, 37.573112049375375 ], [ 126.982062258643566, 37.573195165823286 ], [ 126.982764393986201, 37.573368984644659 ], [ 126.982785316113052, 37.573374046671979 ], [ 126.984107091497634, 37.57368645313835 ], [ 126.984350250409847, 37.573728781542357 ], [ 126.98547205429324, 37.57385641101564 ], [ 126.985572787258775, 37.57386543914243 ], [ 126.986746838483541, 37.573942502372773 ], [ 126.986884672170419, 37.573947075079396 ], [ 126.989335677336072, 37.573949077022547 ], [ 126.989153667419203, 37.574497629938129 ], [ 126.989137959806968, 37.57454902189928 ], [ 126.988722049588304, 37.576035808286939 ], [ 126.987875171188307, 37.576019003577244 ], [ 126.987752971829025, 37.575993868020959 ], [ 126.98723723053979, 37.575770518468154 ], [ 126.986200490908161, 37.575280368545975 ], [ 126.98618051071243, 37.575271949089135 ], [ 126.986161338160613, 37.575262413972943 ], [ 126.985170117680624, 37.574821726739081 ], [ 126.985019870756503, 37.574762472262449 ], [ 126.983979996141969, 37.574402082524429 ], [ 126.983816593051756, 37.574353235788401 ], [ 126.983647754837236, 37.574317993019463 ], [ 126.98347526413994, 37.574296726318899 ], [ 126.982779869558286, 37.574239914103984 ], [ 126.982615111875774, 37.574232864546758 ], [ 126.982450272107755, 37.574238570356798 ], [ 126.982286905392371, 37.574256977703463 ], [ 126.981731370195206, 37.574341653201905 ], [ 126.98003690780692, 37.574572314390863 ], [ 126.979301440158537, 37.574472523894613 ], [ 126.979259972081763, 37.574467316084871 ], [ 126.977113345581714, 37.574219306827047 ], [ 126.976911708489894, 37.57420570290283 ], [ 126.976709469640255, 37.574211279900076 ], [ 126.975017357801818, 37.57433855482055 ], [ 126.975089447807449, 37.574196879287612 ], [ 126.975653062356272, 37.57345512347208 ], [ 126.976036005036562, 37.572991827460683 ] ], [ [ 126.976893405520926, 37.559361019075602 ], [ 126.977126159915002, 37.559594323775158 ], [ 126.977198053641558, 37.559661736907955 ], [ 126.977503881537658, 37.559930190016424 ], [ 126.977528004567205, 37.559949381860193 ], [ 126.977550688878807, 37.559969655099273 ], [ 126.977552636892639, 37.559971085197127 ], [ 126.977554351625272, 37.55997260822884 ], [ 126.977588692092183, 37.55999766368658 ], [ 126.97762176933584, 37.56002397926548 ], [ 126.97764813927725, 37.560041196377199 ], [ 126.977673210576995, 37.560059601939756 ], [ 126.97767532799115, 37.560060874767338 ], [ 126.977677219796618, 37.560062255060103 ], [ 126.97771447441842, 37.560084506975095 ], [ 126.977750637644391, 37.560108118118038 ], [ 126.977779000538035, 37.560123194680692 ], [ 126.977806217373654, 37.56013955530409 ], [ 126.978215965098201, 37.560361600302379 ], [ 126.978361537880858, 37.560432245704554 ], [ 126.978515274708442, 37.560490916342388 ], [ 126.980334564131923, 37.561097785485948 ], [ 126.980474343707058, 37.56114859446425 ], [ 126.980886669662439, 37.561417787492623 ], [ 126.981009987302215, 37.561491115604028 ], [ 126.981141138422416, 37.561555254644603 ], [ 126.981430511187909, 37.561682767862152 ], [ 126.981582785333714, 37.561742165160311 ], [ 126.981741741210925, 37.561789178385844 ], [ 126.982008592113473, 37.561856238957105 ], [ 126.982197317282029, 37.561894349409179 ], [ 126.982801614546233, 37.561987402097309 ], [ 126.982942286384642, 37.562004232747846 ], [ 126.984160882037017, 37.562108705401293 ], [ 126.985543656399699, 37.562228109133244 ], [ 126.986669708459956, 37.562340651573543 ], [ 126.986681009705848, 37.562341750395987 ], [ 126.988502453386332, 37.562513904787501 ], [ 126.989010738419879, 37.562561700008672 ], [ 126.989145211261317, 37.562570051164371 ], [ 126.989280092538962, 37.562569881247462 ], [ 126.990000229611098, 37.562546188675178 ], [ 126.990110226211627, 37.562539715979888 ], [ 126.991131842400037, 37.562452965246571 ], [ 126.991406981252183, 37.562444474572004 ], [ 126.991388117612416, 37.562534726524568 ], [ 126.99128211408285, 37.563265961386875 ], [ 126.991278242251965, 37.563295518824894 ], [ 126.991085333183534, 37.564943538945215 ], [ 126.988620746132412, 37.564814617949914 ], [ 126.988556547132475, 37.564812229071165 ], [ 126.984065465988593, 37.564712765466453 ], [ 126.980310552706257, 37.564010041795747 ], [ 126.978327677897028, 37.562982928628415 ], [ 126.97741897308282, 37.560615578208818 ], [ 126.977370102947702, 37.560505506399537 ], [ 126.977085616169632, 37.559943272512868 ], [ 126.977003933942854, 37.559804961531782 ], [ 126.976903165145444, 37.559674873051193 ], [ 126.976234672453415, 37.558912024048873 ], [ 126.976505769222101, 37.559037404542963 ], [ 126.976669167180049, 37.559153389115998 ], [ 126.976893405520926, 37.559361019075602 ] ], [ [ 126.973593324545917, 37.532890818499347 ], [ 126.971065465749419, 37.530303507470393 ], [ 126.969254623450638, 37.528418298002492 ], [ 126.967943466032295, 37.527008254356261 ], [ 126.967683258498099, 37.52672061350551 ], [ 126.967649844899498, 37.526662862448205 ], [ 126.967643918196373, 37.526644808580748 ], [ 126.967638450861557, 37.526540847548866 ], [ 126.968011693410759, 37.526331584205501 ], [ 126.968032296439517, 37.526319848715545 ], [ 126.969760022095656, 37.525320108626225 ], [ 126.969766735899725, 37.525316203572572 ], [ 126.970937511136896, 37.524631707869389 ], [ 126.970956483567463, 37.524626603746896 ], [ 126.971337706202021, 37.524559312593702 ], [ 126.971881542685111, 37.52449820322704 ], [ 126.972035194938783, 37.524475145377217 ], [ 126.973054643797909, 37.524283054491882 ], [ 126.97318053373111, 37.524255217834295 ], [ 126.973303362679104, 37.524219752162054 ], [ 126.974999756076869, 37.523670212305454 ], [ 126.977715884679213, 37.522845879925605 ], [ 126.97774924417304, 37.522835432381143 ], [ 126.981515574450484, 37.521619085581868 ], [ 126.981559448452757, 37.521604341327887 ], [ 126.982905890587801, 37.521134018692244 ], [ 126.982986249774342, 37.521103927953746 ], [ 126.983352899456293, 37.520957187846122 ], [ 126.983511947220208, 37.520884717767494 ], [ 126.983572662503889, 37.520849633526623 ], [ 126.983792747080329, 37.52079943166639 ], [ 126.985012727327558, 37.520734229851605 ], [ 126.988271807748575, 37.520929303604298 ], [ 126.988299402013141, 37.520929873040011 ], [ 126.988326889890459, 37.520931883486426 ], [ 126.99215487459557, 37.52106142654781 ], [ 126.992997884808815, 37.52116300070864 ], [ 126.993175343861083, 37.52117683790275 ], [ 126.993831149564414, 37.521200377837282 ], [ 126.994624454802576, 37.52143134143332 ], [ 126.995416568549643, 37.521702699818746 ], [ 126.997427441146826, 37.522531718929812 ], [ 126.997442146306298, 37.522537709141879 ], [ 126.998846335514003, 37.523102851717709 ], [ 126.999371513478494, 37.523393321821281 ], [ 126.999754719441981, 37.52365211802568 ], [ 127.000137334794346, 37.52410453597922 ], [ 127.000425015016276, 37.524577432452212 ], [ 127.000433300343772, 37.524590862096559 ], [ 127.000953594924596, 37.525422534762477 ], [ 127.000988669228477, 37.525475615500639 ], [ 127.001266548359723, 37.525874424363337 ], [ 127.001349483730721, 37.525981403595161 ], [ 127.001839329983909, 37.526552073929707 ], [ 127.001955003687314, 37.526671866960598 ], [ 127.002287846877309, 37.526979342800438 ], [ 127.002346764519956, 37.527031010737652 ], [ 127.002997870825908, 37.527573189234282 ], [ 127.003066559066653, 37.527627222220893 ], [ 127.003592406723087, 37.528017978836878 ], [ 127.003727116648136, 37.528108146531928 ], [ 127.004335395789582, 37.528474184975131 ], [ 127.00526190509261, 37.52914182203466 ], [ 127.005359575488228, 37.529207061373938 ], [ 127.006543983508678, 37.529939652129571 ], [ 127.006710470849882, 37.530030528324772 ], [ 127.006889324606874, 37.530105025944643 ], [ 127.008536133394173, 37.530694487698405 ], [ 127.009735031063698, 37.531237132062714 ], [ 127.010257842834079, 37.531678527529373 ], [ 127.01088617235358, 37.53250842827466 ], [ 127.011827101119977, 37.534027375391169 ], [ 126.99917237041852, 37.533854044302906 ], [ 126.99910500880091, 37.533819363413812 ], [ 126.998975436671486, 37.533764655846475 ], [ 126.998840419377544, 37.533719057420797 ], [ 126.998241006505481, 37.533540529313058 ], [ 126.998046951418857, 37.533493050945388 ], [ 126.997447060288351, 37.533377024982933 ], [ 126.997320854489431, 37.53335661762479 ], [ 126.997193069394399, 37.533343887132936 ], [ 126.99443640842378, 37.533153448285624 ], [ 126.994425060678552, 37.53315310961117 ], [ 126.994413789743263, 37.533152006658213 ], [ 126.993193966343597, 37.533080783327868 ], [ 126.989746320239746, 37.532865529363264 ], [ 126.988455982945595, 37.532777574494951 ], [ 126.988317349425046, 37.532772656929318 ], [ 126.988178674708323, 37.532776772373232 ], [ 126.987797995174603, 37.53280050555415 ], [ 126.987647628775122, 37.532815279832235 ], [ 126.987499515005382, 37.532840670757423 ], [ 126.987354833377694, 37.532876476127562 ], [ 126.986991397276242, 37.532980792420879 ], [ 126.986852555597068, 37.533026262111093 ], [ 126.986719300440456, 37.533081321451554 ], [ 126.986592673714583, 37.53314553994386 ], [ 126.986332600837329, 37.533290691511979 ], [ 126.985848161027548, 37.53346496190597 ], [ 126.985446909974016, 37.533569868320413 ], [ 126.985099384353006, 37.533595898136596 ], [ 126.983952027854528, 37.533556015743542 ], [ 126.983944191127435, 37.533555757740658 ], [ 126.978685127632176, 37.533392189778802 ], [ 126.978673498672464, 37.533391859614866 ], [ 126.976026815553936, 37.533323917907268 ], [ 126.975896335956008, 37.533324562084317 ], [ 126.975766303828351, 37.533333184394806 ], [ 126.975484479593703, 37.533360590133192 ], [ 126.975322112067602, 37.533382791790054 ], [ 126.97516321096731, 37.533417421134239 ], [ 126.975009272471965, 37.533464152103619 ], [ 126.974861746041029, 37.533522544689383 ], [ 126.974663239348757, 37.533610928243512 ], [ 126.974500890599145, 37.5336931595862 ], [ 126.974432158438802, 37.533732499718042 ], [ 126.974194926397729, 37.533537156391382 ], [ 126.973617809894407, 37.532916504890636 ], [ 126.973593324545917, 37.532890818499347 ] ], [ [ 126.984991823826078, 37.516732843619401 ], [ 126.984988070508493, 37.51663229829294 ], [ 126.984931600454885, 37.515961285178825 ], [ 126.9849184667153, 37.515861205865647 ], [ 126.984896024914207, 37.515762181805378 ], [ 126.98469173942101, 37.515019938145869 ], [ 126.983172889560066, 37.509242505660495 ], [ 126.983169253026531, 37.50922901537011 ], [ 126.981918148053609, 37.504700261706127 ], [ 126.981807847131506, 37.504145440484358 ], [ 126.981843364696033, 37.503811763588338 ], [ 126.981945295469117, 37.503447256993439 ], [ 126.98205371429529, 37.503103921399358 ], [ 126.982147652269603, 37.502933284436622 ], [ 126.982555823245121, 37.502443389753218 ], [ 126.982701230647905, 37.502292056548306 ], [ 126.983321523760765, 37.502316389033759 ], [ 126.984851239878893, 37.502527626498072 ], [ 126.986286311353183, 37.502781790338041 ], [ 126.986866277272355, 37.502932308891623 ], [ 126.986978319411776, 37.502958030424431 ], [ 126.991573276164814, 37.503877844696177 ], [ 126.992869609527133, 37.504181460412141 ], [ 126.995447946810856, 37.504928865913605 ], [ 126.999689167485087, 37.50620282638036 ], [ 127.001467125808105, 37.50678315182715 ], [ 127.001689647521488, 37.506855780384548 ], [ 127.001707464890885, 37.506861502143941 ], [ 127.001712226598173, 37.506863006386794 ], [ 127.00173015380507, 37.506868576177013 ], [ 127.00222997306669, 37.507021268299852 ], [ 127.002172949045715, 37.507415092284468 ], [ 127.002161828904036, 37.507558712405356 ], [ 127.002169931793716, 37.5077024606137 ], [ 127.00219716604289, 37.507844708666056 ], [ 127.002325534443287, 37.508337544682547 ], [ 127.002333609219349, 37.50836690137637 ], [ 127.002511664798817, 37.508981483890501 ], [ 127.002545643953681, 37.50908120748629 ], [ 127.002589084496933, 37.509178572526771 ], [ 127.002683432235713, 37.509366899572207 ], [ 127.002780658521374, 37.509528825834913 ], [ 127.002881759576155, 37.509671941076412 ], [ 127.003064731249111, 37.509931756159126 ], [ 127.003150705951725, 37.510041232846092 ], [ 127.00324939991998, 37.510143676035881 ], [ 127.003467942070813, 37.510349380518697 ], [ 127.003563194058444, 37.510431847593466 ], [ 127.003884636577794, 37.510687975986926 ], [ 127.003982273028441, 37.510759902812858 ], [ 127.004086679370388, 37.510825519137761 ], [ 127.004443772838954, 37.511032388315492 ], [ 127.004473934746997, 37.511049464112126 ], [ 127.005030115631641, 37.511357122720057 ], [ 127.005079849882875, 37.511383611021699 ], [ 127.00605624399644, 37.511884019622769 ], [ 127.00609218409636, 37.511901937272754 ], [ 127.010695478563491, 37.514133464697956 ], [ 127.01070560327021, 37.514137845315659 ], [ 127.010715227010934, 37.514142891829152 ], [ 127.014810354204002, 37.516067675217229 ], [ 127.015020262844814, 37.516151320978175 ], [ 127.017797439661692, 37.517072679288866 ], [ 127.017798321541562, 37.517074904907453 ], [ 127.017809248951025, 37.517095270206859 ], [ 127.017818491615571, 37.51711618319856 ], [ 127.017827503559303, 37.517131563948325 ], [ 127.017835081511208, 37.517147427784735 ], [ 127.017850340248344, 37.517171851523074 ], [ 127.017863785586641, 37.517196909388197 ], [ 127.017877164960979, 37.517216321297994 ], [ 127.01788893786393, 37.517236414136192 ], [ 127.017899799114261, 37.517251017218115 ], [ 127.017909292722905, 37.517266213018758 ], [ 127.017927485292219, 37.51728933011907 ], [ 127.017943947846362, 37.517313215293484 ], [ 127.017959649901087, 37.517331487202348 ], [ 127.017973840112617, 37.517350566054603 ], [ 127.017986446075582, 37.517364250829395 ], [ 127.017997763918657, 37.517378632246817 ], [ 127.018018715562405, 37.517400219661653 ], [ 127.018038036361389, 37.517422702505492 ], [ 127.018055909529465, 37.517439658816286 ], [ 127.018072380748734, 37.517457539578892 ], [ 127.01808661002589, 37.51747017425069 ], [ 127.018099643110887, 37.517483602779947 ], [ 127.018123152390984, 37.517503452162593 ], [ 127.018145145039867, 37.517524316571013 ], [ 127.018165016938212, 37.517539794377548 ], [ 127.018183610798744, 37.517556304463284 ], [ 127.01819932635614, 37.517567767349057 ], [ 127.01821394916972, 37.517580113661779 ], [ 127.018239789902253, 37.517598033390136 ], [ 127.018264242382358, 37.517617078857747 ], [ 127.018285921475396, 37.517630929498502 ], [ 127.018306459066565, 37.517645909514229 ], [ 127.018323509554392, 37.517656090215851 ], [ 127.018339581271164, 37.517667235405867 ], [ 127.018367504703278, 37.517683052445534 ], [ 127.018394181415218, 37.517700095980089 ], [ 127.018417458858792, 37.517712186454752 ], [ 127.018439742449416, 37.517725491752188 ], [ 127.018457963659586, 37.517734292219728 ], [ 127.01847532949823, 37.517744128948429 ], [ 127.018505066707121, 37.517757690536776 ], [ 127.018533710736463, 37.517772568404489 ], [ 127.018558362385264, 37.517782782639785 ], [ 127.018582177331908, 37.517794284723919 ], [ 127.018601393779591, 37.51780162020016 ], [ 127.01861988649361, 37.517810053730308 ], [ 127.0186511509838, 37.517821228864477 ], [ 127.018681486568298, 37.517833798150534 ], [ 127.018707275126744, 37.517842038104142 ], [ 127.018732391948973, 37.517851625885058 ], [ 127.01875241856284, 37.517857425721878 ], [ 127.018771860051316, 37.517864374830218 ], [ 127.018804350525514, 37.517873055544044 ], [ 127.018836085699661, 37.517883195514123 ], [ 127.018862762996363, 37.517889382106247 ], [ 127.018888939598156, 37.517896962982014 ], [ 127.018909583502833, 37.517901171320894 ], [ 127.018929786525987, 37.517906569080452 ], [ 127.018963189801852, 37.517912671497506 ], [ 127.018996019194432, 37.517920284747696 ], [ 127.019023328558461, 37.517924358612184 ], [ 127.019050312574251, 37.517929859371463 ], [ 127.019071374948211, 37.517932435681523 ], [ 127.019092144930866, 37.517936230106351 ], [ 127.019126138975224, 37.517939695258335 ], [ 127.019159746733123, 37.517944708642915 ], [ 127.019187425450028, 37.517946630690723 ], [ 127.019214956691798, 37.517949998226328 ], [ 127.019236234682495, 37.517950917694826 ], [ 127.019257371588225, 37.517953072240658 ], [ 127.019291628638953, 37.517953866643019 ], [ 127.01932569144968, 37.517956231971461 ], [ 127.019353473273895, 37.517955983761496 ], [ 127.019381286255737, 37.517957185587676 ], [ 127.019402574933537, 37.517956439358933 ], [ 127.019423875191592, 37.517956933275272 ], [ 127.019458064936273, 37.517955049254063 ], [ 127.019492255120781, 37.517954743750899 ], [ 127.019519872820965, 37.517952327665085 ], [ 127.019547699335533, 37.517951352232991 ], [ 127.019568793667844, 37.517948947493799 ], [ 127.019590052133964, 37.517947776023753 ], [ 127.019623844913411, 37.517943231790447 ], [ 127.019657833560743, 37.517940258313772 ], [ 127.019685021474587, 37.517935697534341 ], [ 127.01971259319609, 37.517932554343083 ], [ 127.01973329002216, 37.517928514253413 ], [ 127.019754301954848, 37.517925688679512 ], [ 127.020083492507254, 37.517868060888553 ], [ 127.02361674283253, 37.519310817273741 ], [ 127.023629474682807, 37.519315962127799 ], [ 127.02648740089883, 37.520458767098198 ], [ 127.026734636500336, 37.5249902155564 ], [ 127.02679440000405, 37.526766867560099 ], [ 127.026791782549594, 37.526783660582275 ], [ 127.026763745356149, 37.526818051276635 ], [ 127.02660237842062, 37.526992067115501 ], [ 127.026254238199357, 37.527292710499097 ], [ 127.02483333972836, 37.528521055489605 ], [ 127.024762659147555, 37.528586202184123 ], [ 127.024057837357446, 37.529279265398571 ], [ 127.023939466918137, 37.52941109246882 ], [ 127.02374354173358, 37.529659516826399 ], [ 127.023697246486748, 37.529721864800841 ], [ 127.022153020272299, 37.531934700916587 ], [ 127.022148350847885, 37.531941436917663 ], [ 127.021635991557176, 37.532685542111885 ], [ 127.019018500358314, 37.533218792598596 ], [ 127.015395485933283, 37.533675723774195 ], [ 127.0138995248669, 37.531260972030502 ], [ 127.013830869028496, 37.531160998130005 ], [ 127.01307154440552, 37.530158128774985 ], [ 127.012969795009312, 37.530038665742239 ], [ 127.012852632907169, 37.529928522940445 ], [ 127.012030174276731, 37.529234162802538 ], [ 127.011908659829402, 37.529141270698723 ], [ 127.011776185405125, 37.529058425548236 ], [ 127.011634055066153, 37.528986442847255 ], [ 127.010144057548899, 37.528312049617362 ], [ 127.010128375817487, 37.528305741367141 ], [ 127.010113293814911, 37.528298456637884 ], [ 127.010056783307576, 37.528276882920963 ], [ 127.010001154875653, 37.528254296772147 ], [ 127.008466300752332, 37.527704914483529 ], [ 127.007492537381779, 37.527102623019246 ], [ 127.006557650103147, 37.526428962625253 ], [ 127.006442063837696, 37.526352792180042 ], [ 127.005844175923144, 37.525993013450119 ], [ 127.005418055682114, 37.525676371305067 ], [ 127.004830623217472, 37.525187227619718 ], [ 127.004588445840213, 37.524963514826723 ], [ 127.004196811259519, 37.524507280848624 ], [ 127.003975541313977, 37.524189734790326 ], [ 127.003476209171311, 37.523391621481508 ], [ 127.003140118350899, 37.522839182728127 ], [ 127.003020372576501, 37.522673381130588 ], [ 127.002439392747092, 37.521986439764312 ], [ 127.002346764490312, 37.521887057136347 ], [ 127.002243113578146, 37.521794837901489 ], [ 127.002129308715482, 37.521710554920183 ], [ 127.001504721922387, 37.52128875256043 ], [ 127.001375121582896, 37.521209444608367 ], [ 127.000685626708758, 37.520828098000855 ], [ 127.000482963833349, 37.520731905156126 ], [ 126.998980640892768, 37.520127273046526 ], [ 126.996923261726579, 37.519279087476669 ], [ 126.996813633248337, 37.519237775790934 ], [ 126.995922318924769, 37.518932435827921 ], [ 126.995834383323654, 37.518904597946509 ], [ 126.994751283605297, 37.51858926375683 ], [ 126.994586245333281, 37.518548666564136 ], [ 126.994416881847201, 37.518521639102914 ], [ 126.994244946867269, 37.518508461235285 ], [ 126.993417373332434, 37.518478757187971 ], [ 126.992572197821531, 37.518376921725434 ], [ 126.992390322658949, 37.518362929467507 ], [ 126.988498631013499, 37.518231233443757 ], [ 126.985146776368396, 37.518030605373028 ], [ 126.984964594644367, 37.518030023679287 ], [ 126.984985862994591, 37.517340938538467 ], [ 126.984986328178906, 37.51731782722657 ], [ 126.984991823826078, 37.516732843619401 ] ], [ [ 126.946017923127215, 37.555401029216689 ], [ 126.945992132630138, 37.555398908213469 ], [ 126.944270557224968, 37.555325020921686 ], [ 126.942373109029376, 37.55524134679402 ], [ 126.941914653710342, 37.555204078084202 ], [ 126.941587355946666, 37.555131423822417 ], [ 126.940913060295983, 37.554902296471724 ], [ 126.940900798155553, 37.554898174868654 ], [ 126.939738051019887, 37.554511606847605 ], [ 126.938287306860204, 37.554025428730618 ], [ 126.938139922360307, 37.553982306134934 ], [ 126.937988165095604, 37.553950205682604 ], [ 126.937833332472621, 37.55392940180613 ], [ 126.93700830210976, 37.55384956725819 ], [ 126.936994022587911, 37.553848748824507 ], [ 126.936979969099795, 37.553847020614256 ], [ 126.936952814322453, 37.553845828700439 ], [ 126.936925699473889, 37.553843200124476 ], [ 126.936883841072273, 37.553842433690058 ], [ 126.936842079687239, 37.553840040078484 ], [ 126.936827767327401, 37.553840339889348 ], [ 126.936813569192921, 37.553839716668207 ], [ 126.936786399273146, 37.553840649456696 ], [ 126.936759090920248, 37.55384014940558 ], [ 126.936717339714164, 37.553842653034273 ], [ 126.936675484728468, 37.553843529750338 ], [ 126.936661277828136, 37.553844945002758 ], [ 126.936647071309324, 37.553845432718532 ], [ 126.936620147314144, 37.553848481159676 ], [ 126.936592909014337, 37.553850114485066 ], [ 126.936551667069097, 37.553855864066456 ], [ 126.936510121547371, 37.553860002667363 ], [ 126.936496157388817, 37.553862519706442 ], [ 126.936482078828234, 37.553864113718745 ], [ 126.936455659464798, 37.553869248524528 ], [ 126.936428754093015, 37.553872999398159 ], [ 126.936388418570317, 37.553881939563183 ], [ 126.936347582597691, 37.553889300194093 ], [ 126.936333996098909, 37.553892894646573 ], [ 126.936320180634084, 37.553895579769431 ], [ 126.936294519791687, 37.553902751691652 ], [ 126.936268206976166, 37.553908583761547 ], [ 126.935538237474063, 37.554101563834983 ], [ 126.935367184354789, 37.554155128712182 ], [ 126.93506170653562, 37.554266339464121 ], [ 126.936364478134507, 37.553340389212188 ], [ 126.936382098802625, 37.553326569705995 ], [ 126.936400875266003, 37.553313751193016 ], [ 126.938471669865777, 37.551753259466011 ], [ 126.938584343653829, 37.551659803382378 ], [ 126.9386852656977, 37.551558190758726 ], [ 126.938773509483283, 37.551449354497947 ], [ 126.939474104327488, 37.550486997351648 ], [ 126.93995139651588, 37.549982555070983 ], [ 126.940038074134748, 37.549981736488675 ], [ 126.940218336382401, 37.54996460224644 ], [ 126.940604738652951, 37.549911062316426 ], [ 126.940782148052691, 37.549878594836962 ], [ 126.940954172677991, 37.54983119348195 ], [ 126.9413220604537, 37.549711882259828 ], [ 126.941526473954809, 37.549632493274679 ], [ 126.943285207009694, 37.548829136067191 ], [ 126.944394142276025, 37.548354744390231 ], [ 126.94440517538446, 37.548349982534347 ], [ 126.948468329354597, 37.546580726279785 ], [ 126.948474115760931, 37.546578194842965 ], [ 126.950365472732727, 37.545746923809112 ], [ 126.952443451354071, 37.548721540050806 ], [ 126.952834393974882, 37.549402121435136 ], [ 126.953279289520651, 37.55028418761173 ], [ 126.955093773627894, 37.553914158352249 ], [ 126.955978139058345, 37.555701651985927 ], [ 126.956125585224058, 37.555999761511288 ], [ 126.954175376998663, 37.555920262710103 ], [ 126.951335904283198, 37.555757928995817 ], [ 126.946043834731228, 37.555401757281814 ], [ 126.946017923127215, 37.555401029216689 ] ], [ [ 126.958986363722005, 37.541862355536821 ], [ 126.962010974010141, 37.540530171859686 ], [ 126.964284098007141, 37.539976297436425 ], [ 126.964316276011289, 37.539968177080667 ], [ 126.965910737221463, 37.539551856663984 ], [ 126.967646046430445, 37.540967394866534 ], [ 126.968857944921112, 37.541999228057982 ], [ 126.968891138943079, 37.542026702571441 ], [ 126.969229069506667, 37.542298624427744 ], [ 126.969201058368967, 37.545562735943655 ], [ 126.969037310291171, 37.546318669942664 ], [ 126.969017458294843, 37.546446303057529 ], [ 126.968718570487937, 37.549586533535397 ], [ 126.968433842260097, 37.550279804820228 ], [ 126.968396809532067, 37.550383901306596 ], [ 126.968370349592334, 37.550490022045174 ], [ 126.968160952336078, 37.551550387502665 ], [ 126.968144243049423, 37.551668817657507 ], [ 126.968012974975139, 37.55320847281213 ], [ 126.96801286843116, 37.553213011259025 ], [ 126.968012242220297, 37.553217518703732 ], [ 126.968012038052279, 37.55323108119233 ], [ 126.968010504978224, 37.553244589625862 ], [ 126.968010658783498, 37.553259772757443 ], [ 126.968009369306401, 37.553274921636856 ], [ 126.968009704208328, 37.553283658012489 ], [ 126.968009103474444, 37.553292385360706 ], [ 126.968009829303043, 37.55330568323668 ], [ 126.968009243075727, 37.553318985477212 ], [ 126.9680094566055, 37.55332167590921 ], [ 126.968009351356059, 37.553324370404191 ], [ 126.968010057686286, 37.553332740132802 ], [ 126.968009860755785, 37.553341128733422 ], [ 126.968010313312945, 37.553345652027858 ], [ 126.968010245024672, 37.553350188264645 ], [ 126.968011711582051, 37.553363701378352 ], [ 126.968011848975777, 37.553377264399572 ], [ 126.968013871309822, 37.553392362417554 ], [ 126.968014453092579, 37.553407538976103 ], [ 126.968015861960907, 37.553416207149077 ], [ 126.968016338585926, 37.553424939351324 ], [ 126.968018698088969, 37.55343811655333 ], [ 126.968019752389594, 37.55345140048631 ], [ 126.968020296124322, 37.55345406130008 ], [ 126.968020523114475, 37.55345675103348 ], [ 126.968022256843966, 37.553465027054429 ], [ 126.968023093451933, 37.553473388897707 ], [ 126.96802410035491, 37.553477853490747 ], [ 126.968024591050963, 37.553482374834807 ], [ 126.968400440840469, 37.555680770502228 ], [ 126.968403651259834, 37.555694475910485 ], [ 126.968405518043653, 37.555708338160663 ], [ 126.968406027542002, 37.55571028922521 ], [ 126.968406300757593, 37.555712263248594 ], [ 126.968409805746262, 37.555725489829513 ], [ 126.968412002262824, 37.555738893962989 ], [ 126.968413532773212, 37.555744147555949 ], [ 126.968414464157078, 37.555749498299157 ], [ 126.968415240196308, 37.555752068805205 ], [ 126.968415708867283, 37.555754686052843 ], [ 126.968417087768771, 37.555759176174973 ], [ 126.968417946455688, 37.555763747713193 ], [ 126.968425211671502, 37.55578672399524 ], [ 126.968430641336226, 37.555810019456437 ], [ 126.968430853547588, 37.555810603361017 ], [ 126.968430993521579, 37.555811200913652 ], [ 126.968435875887678, 37.555824589805454 ], [ 126.968439440396779, 37.555838239632614 ], [ 126.968440188784498, 37.555840144415264 ], [ 126.968440702957395, 37.555842084714499 ], [ 126.968445819523268, 37.555854974098345 ], [ 126.968449655776197, 37.555868142284517 ], [ 126.968451824465745, 37.555873248150895 ], [ 126.968453411060409, 37.555878503474425 ], [ 126.96845449984356, 37.555881001045535 ], [ 126.968455288492791, 37.55588356911818 ], [ 126.968457213578517, 37.555887930018287 ], [ 126.968458630977779, 37.555892412536643 ], [ 126.969092905861984, 37.557549975403369 ], [ 126.969042587648715, 37.55902918576669 ], [ 126.969045192777671, 37.559149098571375 ], [ 126.969061136235922, 37.559268355802118 ], [ 126.969090292630526, 37.55938601904446 ], [ 126.969114220398851, 37.559451399401603 ], [ 126.968901066889941, 37.559841619624692 ], [ 126.968614688841669, 37.560203760877577 ], [ 126.968420897257346, 37.560348941336002 ], [ 126.968014949697363, 37.560217666192052 ], [ 126.967746351897674, 37.560123238955178 ], [ 126.967188008880612, 37.55978230046982 ], [ 126.965641689636726, 37.55875181251028 ], [ 126.965638969536258, 37.558750173540609 ], [ 126.965636384316454, 37.558748286803265 ], [ 126.965616244890043, 37.558736254239427 ], [ 126.965597187865228, 37.558723151937414 ], [ 126.965563334357952, 37.558704147485727 ], [ 126.965530852835641, 37.558683925266017 ], [ 126.961840694397338, 37.556610383947842 ], [ 126.961739631469257, 37.556557775476669 ], [ 126.961062752461544, 37.556232164464888 ], [ 126.960914360274757, 37.556168558476386 ], [ 126.960758779993924, 37.556116974926795 ], [ 126.960597543787713, 37.556077921810811 ], [ 126.960432239515711, 37.556051783722523 ], [ 126.960094429810923, 37.556012120479579 ], [ 126.959830086080032, 37.555771557134378 ], [ 126.959594181053575, 37.555485254322342 ], [ 126.959457704527068, 37.555293346034347 ], [ 126.959316252945271, 37.555070475777534 ], [ 126.959138362243053, 37.55471084399553 ], [ 126.958252725181836, 37.552920933200213 ], [ 126.958251484966624, 37.552918747677907 ], [ 126.958250509686295, 37.552916478635069 ], [ 126.956433802367442, 37.549282367568324 ], [ 126.956431833676717, 37.549278447056174 ], [ 126.955971015763524, 37.54836488871026 ], [ 126.955939480148942, 37.548306390751222 ], [ 126.955504089247484, 37.547548484941515 ], [ 126.955443814620168, 37.547453611371679 ], [ 126.953385364939919, 37.544507123970909 ], [ 126.95341501978352, 37.544405393115227 ], [ 126.954926389167255, 37.543738674614012 ], [ 126.9549559325133, 37.543725332465755 ], [ 126.958986363722005, 37.541862355536821 ] ], [ [ 126.950010740940925, 37.540707132968457 ], [ 126.947069531965099, 37.538617649203509 ], [ 126.946374230488161, 37.538082287391305 ], [ 126.944461263526662, 37.536436630386135 ], [ 126.942192805452407, 37.534268727490506 ], [ 126.938654261069814, 37.530293401911237 ], [ 126.938581411374429, 37.530217400901336 ], [ 126.935866220372731, 37.527583228184952 ], [ 126.935020526684355, 37.526749649176566 ], [ 126.934920995875032, 37.526659972298908 ], [ 126.934811897026577, 37.526577657387712 ], [ 126.934547126936607, 37.5263949018467 ], [ 126.949177348124152, 37.526943682906769 ], [ 126.958668368871329, 37.528190739766586 ], [ 126.960496896597192, 37.529183902356991 ], [ 126.963119530047337, 37.530827438388236 ], [ 126.963127403586853, 37.530831892125626 ], [ 126.963134762621465, 37.530836872728635 ], [ 126.964541332791342, 37.531697845728992 ], [ 126.9653911423284, 37.532275711558398 ], [ 126.965403726111248, 37.532284184599717 ], [ 126.966591464375071, 37.53307607000562 ], [ 126.967510449536633, 37.53399712060142 ], [ 126.96751338488103, 37.534083049267984 ], [ 126.967284751439919, 37.534668185358022 ], [ 126.966836876331939, 37.535254537335938 ], [ 126.966401527342484, 37.535745251144753 ], [ 126.966119084202177, 37.535992793592278 ], [ 126.965598927239057, 37.536299380267799 ], [ 126.965110502163697, 37.536527422506602 ], [ 126.964945926241512, 37.536578001661439 ], [ 126.964900527436555, 37.536581893202744 ], [ 126.964711897655036, 37.536606683317373 ], [ 126.964527963501467, 37.536648203601992 ], [ 126.964074886573329, 37.536772815183802 ], [ 126.962278571038937, 37.537221918008584 ], [ 126.962263912540735, 37.537225640880692 ], [ 126.95719682136756, 37.538532588179436 ], [ 126.957029134315562, 37.538583785064993 ], [ 126.956150691568681, 37.538895352694965 ], [ 126.9559987333717, 37.538956699979479 ], [ 126.955855260850001, 37.539029865125414 ], [ 126.955247455711017, 37.539375242453694 ], [ 126.955233553666446, 37.53938322667338 ], [ 126.954482034314523, 37.539819442932192 ], [ 126.953710998740604, 37.540212344878391 ], [ 126.951953814023838, 37.541038248824066 ], [ 126.951205020846288, 37.541388054609193 ], [ 126.951019363711623, 37.541472246606503 ], [ 126.950801129572469, 37.541307022584398 ], [ 126.950052995442363, 37.540738188945518 ], [ 126.950010740940925, 37.540707132968457 ] ], [ [ 126.927718894952335, 37.522115226801198 ], [ 126.926785035049988, 37.521530662588326 ], [ 126.929899675453655, 37.518422654508434 ], [ 126.929909274183771, 37.518419781553249 ], [ 126.929911899026905, 37.518418751894941 ], [ 126.929914580347273, 37.518417941039985 ], [ 126.929969867239038, 37.518396066532269 ], [ 126.930026025645645, 37.518375240888695 ], [ 126.930042029872567, 37.518367704809052 ], [ 126.930058708594828, 37.518361162146725 ], [ 126.930061193550983, 37.518359932780484 ], [ 126.930063762979159, 37.518358916170719 ], [ 126.930116094406941, 37.518332829209925 ], [ 126.930169416646478, 37.518307720718902 ], [ 126.930184416414377, 37.518298971415724 ], [ 126.930200209677167, 37.518291158085688 ], [ 126.930202530660992, 37.518289741068777 ], [ 126.930204963599081, 37.518288528256825 ], [ 126.930253836038588, 37.518258479181419 ], [ 126.93030380810788, 37.518229330587943 ], [ 126.930317658957321, 37.518219452325447 ], [ 126.930332414658949, 37.518210443577736 ], [ 126.930334549231176, 37.518208852814858 ], [ 126.930336822329309, 37.518207455202649 ], [ 126.930381765310656, 37.518173732374457 ], [ 126.930427905739606, 37.518140825467867 ], [ 126.930440474277745, 37.5181299133829 ], [ 126.930454050310587, 37.518119795980304 ], [ 126.930455977902795, 37.518118047078616 ], [ 126.930458069275403, 37.518116477818737 ], [ 126.93049864988663, 37.518079404888773 ], [ 126.93054051440329, 37.518043057745054 ], [ 126.930551679588589, 37.518031216930787 ], [ 126.930563945207595, 37.5180200883132 ], [ 126.930565647325921, 37.518018198419725 ], [ 126.930567536756996, 37.518016472300914 ], [ 126.930603363796436, 37.517976405138974 ], [ 126.930640549622424, 37.517936969010051 ], [ 126.930650203930213, 37.517924313503805 ], [ 126.930661041012428, 37.517912280849544 ], [ 126.930662501418226, 37.517910268473074 ], [ 126.930664170553243, 37.517908401790763 ], [ 126.930694898292018, 37.517865725106347 ], [ 126.930727048026441, 37.517823580988235 ], [ 126.930735098484448, 37.517810232672957 ], [ 126.930744402666193, 37.517797411866582 ], [ 126.930745607531904, 37.517795296686366 ], [ 126.930747040055309, 37.517793307098742 ], [ 126.930772371573383, 37.517748430784373 ], [ 126.930799176627445, 37.517703985698695 ], [ 126.930805545710967, 37.517690073129145 ], [ 126.930813227393017, 37.517676587645234 ], [ 126.930814165431343, 37.517674390308727 ], [ 126.93081534722748, 37.517672296679343 ], [ 126.930835037291487, 37.517625651909015 ], [ 126.930856240840939, 37.517579334936471 ], [ 126.930860867219266, 37.517564992100972 ], [ 126.930866852429418, 37.517550971814849 ], [ 126.930867514995171, 37.517548713726974 ], [ 126.930868434291042, 37.517546535954963 ], [ 126.930880786581724, 37.517503780907283 ], [ 126.931520878963681, 37.516911331217656 ], [ 126.932446665196522, 37.516336695895099 ], [ 126.93350351623593, 37.515830055654959 ], [ 126.934587710367239, 37.515337731402361 ], [ 126.936064099602788, 37.515020356883184 ], [ 126.938187151820131, 37.515056404164021 ], [ 126.941906788910856, 37.515380154128984 ], [ 126.943848204325107, 37.515616496262574 ], [ 126.944983532589077, 37.515802665503792 ], [ 126.945894877307126, 37.516029690862823 ], [ 126.946302572536482, 37.516169049159096 ], [ 126.946722112484323, 37.516536552493143 ], [ 126.946857037624824, 37.516642250867839 ], [ 126.947005896393748, 37.516735328130082 ], [ 126.947437084445141, 37.516975244111293 ], [ 126.951928541083774, 37.521509789143423 ], [ 126.951933638080106, 37.521514909138141 ], [ 126.955200679827172, 37.524780264818261 ], [ 126.955296948627321, 37.524868382181666 ], [ 126.955493206073328, 37.525033078628923 ], [ 126.949632426946636, 37.52426291344549 ], [ 126.949435750268577, 37.524246362758127 ], [ 126.93481723497564, 37.523698037821156 ], [ 126.927718894952335, 37.522115226801198 ] ], [ [ 126.925801315783616, 37.616841402938178 ], [ 126.925840159778303, 37.616814007580984 ], [ 126.926932241560678, 37.616019761337625 ], [ 126.927003722138863, 37.61596463102601 ], [ 126.92767386011046, 37.615416581098145 ], [ 126.927765704751209, 37.615335116798775 ], [ 126.927848966314599, 37.615248010762571 ], [ 126.929351281221898, 37.613536722454953 ], [ 126.929360242250311, 37.613526413168188 ], [ 126.929946953777517, 37.612844684726497 ], [ 126.930101137867183, 37.613075627401898 ], [ 126.930448824622857, 37.614110481306334 ], [ 126.930454251334226, 37.614126250276698 ], [ 126.930757442894617, 37.614986790505597 ], [ 126.930801614884729, 37.61509455467688 ], [ 126.930856979461069, 37.615198996773877 ], [ 126.931252494907724, 37.615865581946601 ], [ 126.931146946422544, 37.616125814693596 ], [ 126.931136587420625, 37.616152280419172 ], [ 126.931100164166452, 37.61624881174545 ], [ 126.93106168861145, 37.616371282829412 ], [ 126.931037740732023, 37.616496074660759 ], [ 126.931028529385699, 37.61662209926822 ], [ 126.931027410296451, 37.616700366217067 ], [ 126.931035218877881, 37.616846096490683 ], [ 126.93106271866408, 37.616990309457854 ], [ 126.931079497336952, 37.617054659706334 ], [ 126.931106969308559, 37.61713149089131 ], [ 126.929466078828355, 37.617766520912433 ], [ 126.926588823018278, 37.618444716763769 ], [ 126.924152011882498, 37.618585562363648 ], [ 126.923870836329712, 37.618435934514814 ], [ 126.924331153747602, 37.617981068627472 ], [ 126.925003609150451, 37.617386912277226 ], [ 126.925801315783616, 37.616841402938178 ] ], [ [ 126.949586425832976, 37.514872769459764 ], [ 126.94910570438654, 37.514605298137035 ], [ 126.949014638944774, 37.514525530226756 ], [ 126.949143063012571, 37.514497388126578 ], [ 126.950055386190002, 37.514297462297158 ], [ 126.950332118464019, 37.514255063614321 ], [ 126.951216335940856, 37.514247483549923 ], [ 126.953098170150753, 37.514231039389614 ], [ 126.953947805813911, 37.514243615701972 ], [ 126.954056181035597, 37.514262477324138 ], [ 126.95412504991134, 37.514299671938986 ], [ 126.954312989075916, 37.514418215080447 ], [ 126.954382686617066, 37.514459903036567 ], [ 126.954401618629376, 37.514470632504086 ], [ 126.954473911199443, 37.514509415549533 ], [ 126.954784696469574, 37.514667057382731 ], [ 126.954916406649829, 37.514727440714005 ], [ 126.954952363011856, 37.514742259412017 ], [ 126.955090325733948, 37.51479301640196 ], [ 126.955233435059057, 37.514833740243589 ], [ 126.955272130795194, 37.514843218645431 ], [ 126.955419239215871, 37.514873582770512 ], [ 126.955799065545349, 37.514937678155079 ], [ 126.955959013464778, 37.514958370553941 ], [ 126.956001899346973, 37.514962255936162 ], [ 126.956163595509537, 37.514970703910393 ], [ 126.956325566139554, 37.514966830534327 ], [ 126.956368598074619, 37.514964159485444 ], [ 126.956529366962357, 37.514947999979825 ], [ 126.956944350815348, 37.514890141017027 ], [ 126.957080862548409, 37.514866457648495 ], [ 126.957116878000932, 37.514858960323174 ], [ 126.957250482070549, 37.51482641375452 ], [ 126.957380272974916, 37.514785224593496 ], [ 126.957414258175035, 37.514773125686467 ], [ 126.957539356320822, 37.514723573036754 ], [ 126.958088024062846, 37.514483313547771 ], [ 126.958128156798338, 37.51446516919053 ], [ 126.958138774429727, 37.51446021565684 ], [ 126.958178273905546, 37.514441208497857 ], [ 126.959214921537509, 37.513926914451865 ], [ 126.960075870237887, 37.513641246009264 ], [ 126.961181324698302, 37.513295270909026 ], [ 126.961293673972278, 37.51325632291995 ], [ 126.961323124503252, 37.513245089401593 ], [ 126.961431654193376, 37.513199785956267 ], [ 126.96195278770314, 37.512962767392089 ], [ 126.962086675222778, 37.512895077736829 ], [ 126.962121243182679, 37.512875739369605 ], [ 126.962246615267958, 37.5127983913397 ], [ 126.962670887019343, 37.512510398814769 ], [ 126.962772604120545, 37.512435432939611 ], [ 126.962798659836594, 37.512414593991352 ], [ 126.962892360592107, 37.512333267747202 ], [ 126.963458941874322, 37.511799294907824 ], [ 126.963521611322676, 37.511736548306494 ], [ 126.963537685894664, 37.511719435971891 ], [ 126.96359557572903, 37.511653840049405 ], [ 126.964265627827714, 37.510844597710836 ], [ 126.96499116079147, 37.510123006489913 ], [ 126.965057618849727, 37.510052292374255 ], [ 126.965754979870724, 37.509257398417979 ], [ 126.96624686963024, 37.508910181319351 ], [ 126.967035658458116, 37.508594784098655 ], [ 126.970458732394036, 37.507330163293609 ], [ 126.970655241603367, 37.507269666668385 ], [ 126.970851142285767, 37.50724568881283 ], [ 126.971140623745825, 37.507229208090848 ], [ 126.971463604144802, 37.507249682899811 ], [ 126.97147266937057, 37.507250238099303 ], [ 126.971475088411609, 37.507250381061851 ], [ 126.971484166021241, 37.507250898045406 ], [ 126.971911909393341, 37.507274339738352 ], [ 126.972058278131726, 37.507277317502037 ], [ 126.972097280182098, 37.507276770026998 ], [ 126.97224342674474, 37.507269686175711 ], [ 126.972619030919532, 37.507238478156083 ], [ 126.972766323075163, 37.507221006732358 ], [ 126.97280526902324, 37.507214985155912 ], [ 126.972950071430503, 37.507187294770375 ], [ 126.973428862038872, 37.507077830673161 ], [ 126.973614557759277, 37.507025918391903 ], [ 126.973662904328251, 37.507009838228512 ], [ 126.973839807875933, 37.50694114925593 ], [ 126.974735470515569, 37.506540592735455 ], [ 126.975785974445557, 37.506086503730664 ], [ 126.975966798289747, 37.50599617534639 ], [ 126.976012929797164, 37.505969772191222 ], [ 126.97617809217941, 37.505862076911214 ], [ 126.977294698281725, 37.50503528618659 ], [ 126.978103005433397, 37.504687713471178 ], [ 126.978105501370067, 37.504686638055155 ], [ 126.978106168563471, 37.504686350009102 ], [ 126.978109513427754, 37.504684902068824 ], [ 126.978449312260281, 37.504537414095687 ], [ 126.978573649316644, 37.505162978842854 ], [ 126.978592414125416, 37.505242068131089 ], [ 126.979852327136911, 37.509803439278286 ], [ 126.981370786958095, 37.515580362697499 ], [ 126.981374121142679, 37.515592756580958 ], [ 126.98155297425356, 37.516242700692587 ], [ 126.981596727973056, 37.516762889448742 ], [ 126.981591790015528, 37.517285987190924 ], [ 126.981568249461745, 37.518047572304454 ], [ 126.981533669102234, 37.518359796862441 ], [ 126.981504898657406, 37.518508569373715 ], [ 126.981368415405655, 37.518539699749198 ], [ 126.981186514154757, 37.5185902475476 ], [ 126.978385079822246, 37.519513830268096 ], [ 126.975066929027477, 37.520520441497546 ], [ 126.973133596692989, 37.521068499175897 ], [ 126.971573488126651, 37.521499363091081 ], [ 126.971175325942056, 37.521554620175813 ], [ 126.970429714632431, 37.521538680982474 ], [ 126.968087319449879, 37.521146523085648 ], [ 126.96639161516957, 37.52083211698811 ], [ 126.966202655617778, 37.520805940990662 ], [ 126.966011194953822, 37.520796910339037 ], [ 126.964089727490176, 37.52079287760764 ], [ 126.963921807925715, 37.520799153735972 ], [ 126.963755491137519, 37.520818628060184 ], [ 126.96359240821856, 37.520851109592115 ], [ 126.963434158551806, 37.520896279779848 ], [ 126.962109979320886, 37.521334309499466 ], [ 126.961979820310276, 37.521382601840862 ], [ 126.961855251024872, 37.52143948288527 ], [ 126.961091984727062, 37.521823046134166 ], [ 126.960955879262002, 37.521899110883048 ], [ 126.960829769548823, 37.521985416249933 ], [ 126.960714865508479, 37.522081134228358 ], [ 126.960612269568131, 37.522185346504891 ], [ 126.959912096902983, 37.522973147618622 ], [ 126.959806647285689, 37.523107936711035 ], [ 126.959721769577584, 37.523251644426864 ], [ 126.959292729741264, 37.524104862754982 ], [ 126.959238360487888, 37.524230566408221 ], [ 126.959237622580559, 37.524233038838332 ], [ 126.958179894106124, 37.523359740627448 ], [ 126.95780998154541, 37.523049325285605 ], [ 126.95459119514301, 37.519832312104569 ], [ 126.949947024224002, 37.515143743891997 ], [ 126.94983811317941, 37.515044193352161 ], [ 126.949717530304511, 37.514953580434273 ], [ 126.949586425832976, 37.514872769459764 ] ], [ [ 126.964460415298149, 37.525446039790069 ], [ 126.964411145499383, 37.525558340214516 ], [ 126.964374460630253, 37.525673655244127 ], [ 126.964328162028167, 37.52585176971192 ], [ 126.964306069593718, 37.525957856042353 ], [ 126.964251420780016, 37.526305406791231 ], [ 126.964239716912459, 37.52641747939424 ], [ 126.964239748270487, 37.526529938965382 ], [ 126.964259346472446, 37.526902918748739 ], [ 126.964276610168127, 37.527046769225848 ], [ 126.964313052877657, 37.527188330563554 ], [ 126.96440296204031, 37.527462247759779 ], [ 126.964425143875204, 37.527519416127944 ], [ 126.96401189177044, 37.52721764452334 ], [ 126.962645998042859, 37.526014282069895 ], [ 126.962458002346096, 37.525666895799198 ], [ 126.962538250823613, 37.524923588690299 ], [ 126.962798937391995, 37.524405125945187 ], [ 126.963188588777214, 37.52396669138232 ], [ 126.963545088655067, 37.523787537513094 ], [ 126.964421575871114, 37.523497600979333 ], [ 126.965809556889482, 37.523500513556478 ], [ 126.966808423973447, 37.523685718841172 ], [ 126.966047016243635, 37.524126291051303 ], [ 126.965351202697079, 37.524516400711846 ], [ 126.965225943203478, 37.524593840237827 ], [ 126.965110302359193, 37.524680250590983 ], [ 126.965005289188284, 37.524774877822971 ], [ 126.964840765216749, 37.524937878877743 ], [ 126.964722135885779, 37.52507116457268 ], [ 126.964595089296665, 37.525233930203733 ], [ 126.9645218885465, 37.525337623350488 ], [ 126.964460415298149, 37.525446039790069 ] ], [ [ 126.978820883484161, 37.567276379114183 ], [ 126.979027512318012, 37.567321014620624 ], [ 126.979206108921943, 37.567351493912994 ], [ 126.979387784720458, 37.567366530898326 ], [ 126.97975052708459, 37.567380925106193 ], [ 126.97984353938206, 37.567382585085369 ], [ 126.98073610878896, 37.567379047564039 ], [ 126.982185494156113, 37.567376128776282 ], [ 126.983624970234331, 37.567408049533952 ], [ 126.990609579881664, 37.568714833180657 ], [ 126.990572814725454, 37.56899906178991 ], [ 126.990100562286528, 37.568979663403852 ], [ 126.987084446621282, 37.56882727154148 ], [ 126.987013359888451, 37.568824867467512 ], [ 126.984842203825409, 37.568787658264483 ], [ 126.984776525886844, 37.568787543023248 ], [ 126.982931186150083, 37.568812692703951 ], [ 126.978829099365328, 37.568851583951364 ], [ 126.978825622188097, 37.568851619691138 ], [ 126.978744028263534, 37.56885252481149 ], [ 126.978820883484161, 37.567276379114183 ] ], [ [ 127.00421648403838, 37.435113526413481 ], [ 127.004451241741648, 37.435492258297089 ], [ 127.004480399146857, 37.435537163222406 ], [ 127.005027883052861, 37.436343048159131 ], [ 127.005880134095321, 37.437744429688927 ], [ 127.005952027522753, 37.43785034971642 ], [ 127.006522496870204, 37.438608105519563 ], [ 127.006664242371784, 37.438940964228642 ], [ 127.006687209018949, 37.439112851337732 ], [ 127.006682665809222, 37.439161747554763 ], [ 127.006060307537254, 37.438088315165921 ], [ 127.005999098922672, 37.437992869535528 ], [ 127.003579871086231, 37.434562909281489 ], [ 127.003843713173126, 37.434560175146174 ], [ 127.003988082548204, 37.434715845353381 ], [ 127.004193874046308, 37.435075576466446 ], [ 127.00421648403838, 37.435113526413481 ] ], [ [ 127.006190876393148, 37.508701064130193 ], [ 127.006013447860852, 37.508559690949504 ], [ 127.005945466842391, 37.508495705447174 ], [ 127.005841524545886, 37.508348118092087 ], [ 127.005840418413115, 37.508346549939354 ], [ 127.005794136638869, 37.508281038770683 ], [ 127.005789825295906, 37.508272433646255 ], [ 127.005740390351505, 37.508101828940156 ], [ 127.005918443075544, 37.508127156372296 ], [ 127.007090151095639, 37.508228073873831 ], [ 127.00731150256081, 37.508235550261738 ], [ 127.007370441189551, 37.508234472747311 ], [ 127.007591129308281, 37.508218914979558 ], [ 127.008156171702808, 37.508149233073581 ], [ 127.008160843597622, 37.5081545460448 ], [ 127.008246918798406, 37.50824421851145 ], [ 127.008342084442916, 37.508327858156136 ], [ 127.008445677117237, 37.508404881888644 ], [ 127.008870936515194, 37.508695578698109 ], [ 127.009023519356944, 37.508788474582985 ], [ 127.009188299603196, 37.508867043682457 ], [ 127.009363167410029, 37.508930279981918 ], [ 127.010009210832607, 37.509129609904328 ], [ 127.010020413801229, 37.509133030196004 ], [ 127.010875552119629, 37.509391344103634 ], [ 127.019206600746912, 37.511907787227877 ], [ 127.018728212809663, 37.513016251793765 ], [ 127.018682353437114, 37.513142020632486 ], [ 127.01832949225431, 37.514320010850099 ], [ 127.016434071014217, 37.513691181159196 ], [ 127.012450252781818, 37.511818733063791 ], [ 127.007874990204911, 37.509600820681484 ], [ 127.00694160213277, 37.50912245912933 ], [ 127.006425200826328, 37.508836809202215 ], [ 127.006190876393148, 37.508701064130193 ] ], [ [ 127.003745852946594, 37.495629790391234 ], [ 127.003736382429409, 37.495575132764436 ], [ 127.002945010603952, 37.49160709135824 ], [ 127.002922289670792, 37.491514245643884 ], [ 127.002592950768815, 37.490381041442404 ], [ 127.002545117328495, 37.490247893474248 ], [ 127.00248044056616, 37.490119343259671 ], [ 127.00209396366931, 37.489452305502425 ], [ 127.002024546609846, 37.489345296511388 ], [ 127.001943452190005, 37.489243635542039 ], [ 127.001851324174254, 37.489148129567688 ], [ 127.001748893902274, 37.48905953670095 ], [ 127.001636974482921, 37.488978560176612 ], [ 127.001090624633179, 37.488617299173058 ], [ 127.000919174736609, 37.488517670262091 ], [ 127.000449172607418, 37.488278924665686 ], [ 127.000295655591998, 37.488209612275348 ], [ 127.000133935477265, 37.488153378684274 ], [ 126.999318806334287, 37.487909301039529 ], [ 126.999290365898375, 37.487901014897638 ], [ 126.997904172949291, 37.487508275006881 ], [ 126.994268370125724, 37.486415327706332 ], [ 126.991415253694583, 37.485537429071385 ], [ 126.991363908430372, 37.485522382823746 ], [ 126.989947245283744, 37.485127774345315 ], [ 126.98930226864789, 37.484933319573798 ], [ 126.989169459590386, 37.484898194815521 ], [ 126.989033470063134, 37.484871910654952 ], [ 126.988527491840941, 37.484791559228562 ], [ 126.988434619160444, 37.484778935919763 ], [ 126.986968850844008, 37.484612927399091 ], [ 126.983752514158709, 37.484240371664676 ], [ 126.983405452476063, 37.477713099056238 ], [ 126.983468166764283, 37.477706396982803 ], [ 126.984001862786869, 37.477677371250557 ], [ 126.984018255116339, 37.477678487056579 ], [ 126.984789010707274, 37.478005490975214 ], [ 126.985426374872816, 37.478292566269538 ], [ 126.986544073658294, 37.478859541664228 ], [ 126.986567966745682, 37.478871440695094 ], [ 126.988513878655851, 37.479822684622917 ], [ 126.988631960838717, 37.479875360640889 ], [ 126.990109065922553, 37.480473917558243 ], [ 126.990215259453848, 37.48051333264884 ], [ 126.992137145056688, 37.48116327491654 ], [ 126.992164817670172, 37.481172404059357 ], [ 126.994648223765353, 37.48197125146644 ], [ 126.996956347302159, 37.482723494895069 ], [ 126.996979535277589, 37.482730013062536 ], [ 126.9970021021458, 37.482737793424619 ], [ 126.997049992919528, 37.482750024627649 ], [ 126.99709738883007, 37.482763766965789 ], [ 126.997105513168322, 37.482765425498279 ], [ 126.99711336092173, 37.482767631499357 ], [ 126.997137238981907, 37.482772307028689 ], [ 126.997160654174351, 37.482778287190349 ], [ 126.997209815444478, 37.482786718095127 ], [ 126.997258676488372, 37.482796692707545 ], [ 126.99726696716364, 37.482797708826837 ], [ 126.997275047315739, 37.482799290978896 ], [ 126.997299385490905, 37.482802078839661 ], [ 126.997323423495857, 37.482806201205769 ], [ 126.998721865250502, 37.482989331995121 ], [ 127.000109119729601, 37.483232977656719 ], [ 127.001314106618111, 37.48349384690485 ], [ 127.001537159595358, 37.483550583683773 ], [ 127.001650956024562, 37.483600969324151 ], [ 127.001725037738893, 37.483642024000318 ], [ 127.00174734666011, 37.483672226163826 ], [ 127.001866441275311, 37.483922872725024 ], [ 127.002116427965419, 37.48490392460004 ], [ 127.002441517106149, 37.486468468690255 ], [ 127.002791019148447, 37.488592424584887 ], [ 127.002943608377024, 37.489536067323577 ], [ 127.002970852251607, 37.489659262727407 ], [ 127.003231041743348, 37.490583347294532 ], [ 127.003267418211649, 37.490691397798194 ], [ 127.003314880867862, 37.490796682097354 ], [ 127.003507415617875, 37.491173931336938 ], [ 127.00358129280049, 37.491299743110368 ], [ 127.003670980466282, 37.491418851104413 ], [ 127.003899211940848, 37.491689400037515 ], [ 127.00398638433937, 37.491783648046081 ], [ 127.004083463160825, 37.491871533387197 ], [ 127.004278156840741, 37.492033109487863 ], [ 127.004380039014066, 37.492110909947378 ], [ 127.004489682387884, 37.492181695694775 ], [ 127.004713386978366, 37.492314230921394 ], [ 127.004854361531386, 37.492389337375215 ], [ 127.00500404112671, 37.492452856116415 ], [ 127.005160930627, 37.492504152652643 ], [ 127.005517584718362, 37.492604484503197 ], [ 127.007094508131601, 37.493074372239555 ], [ 127.00996874053223, 37.493973113651698 ], [ 127.009979852606691, 37.493976552259817 ], [ 127.011789691714043, 37.494530763677929 ], [ 127.011552841285578, 37.4955000337741 ], [ 127.01155136600245, 37.49550614600431 ], [ 127.011096565653474, 37.497414044347586 ], [ 127.011067548824187, 37.497521598687321 ], [ 127.011005657682063, 37.497628845525576 ], [ 127.010829373180982, 37.497784587392601 ], [ 127.010207993411314, 37.498081843535161 ], [ 127.010178740119173, 37.498096160349007 ], [ 127.008061053914275, 37.499156195406954 ], [ 127.008028946501724, 37.499172671008452 ], [ 127.006995994155758, 37.499715910118198 ], [ 127.006333210979264, 37.500048342963666 ], [ 127.006265156709418, 37.50008432718203 ], [ 127.006009930160147, 37.500226445027103 ], [ 127.005867375715212, 37.500315197164952 ], [ 127.005737490356424, 37.500415535934309 ], [ 127.005621750341547, 37.500526320939635 ], [ 127.005407351852881, 37.500755345867496 ], [ 127.005282762407816, 37.50090916408935 ], [ 127.004985735897336, 37.50133690535894 ], [ 127.004877028742015, 37.501248303517357 ], [ 127.004686172676003, 37.500933128660058 ], [ 127.004286273768088, 37.499299957799934 ], [ 127.003745852946594, 37.495629790391234 ] ], [ [ 127.006597260962721, 37.490040598614293 ], [ 127.006585006360723, 37.490026072472276 ], [ 127.006511421309284, 37.489881903014428 ], [ 127.006299216392463, 37.489128357469205 ], [ 127.006156387320644, 37.488245318039709 ], [ 127.006155897608537, 37.488242316862539 ], [ 127.005802335159402, 37.486094270965772 ], [ 127.005793942193421, 37.486049186133357 ], [ 127.005459086886489, 37.484437987176172 ], [ 127.005447941300631, 37.484389793299357 ], [ 127.005164443268583, 37.483277421479308 ], [ 127.005131757616184, 37.483171339782459 ], [ 127.005088432639099, 37.483067706975227 ], [ 127.004869456065748, 37.482606889886078 ], [ 127.004812698355948, 37.482501239719916 ], [ 127.004744886836875, 37.482399812430451 ], [ 127.004561957197168, 37.482152172477058 ], [ 127.004476741274431, 37.482048073040247 ], [ 127.004379889668982, 37.481950649742338 ], [ 127.004209877795759, 37.481794913039785 ], [ 127.004050885328056, 37.481667466929181 ], [ 127.003919254663614, 37.481575126837654 ], [ 127.003766857142708, 37.481479948387673 ], [ 127.003518169405808, 37.481342132446912 ], [ 127.003373527809231, 37.48127028564079 ], [ 127.003037712061698, 37.481121597834779 ], [ 127.002886959831528, 37.481062436229372 ], [ 127.002729603234428, 37.481015449403699 ], [ 127.002310550906103, 37.480908858038063 ], [ 127.002239429485584, 37.480892122990895 ], [ 127.000959100691716, 37.480614943781667 ], [ 127.000879446564738, 37.480599336426913 ], [ 126.999407374397535, 37.480340794789868 ], [ 126.99931730610372, 37.48032699848256 ], [ 126.998063047196524, 37.480162750663503 ], [ 126.99592904320653, 37.479467256763776 ], [ 126.995921824858712, 37.479464919547169 ], [ 126.993448761557573, 37.478669404088372 ], [ 126.991594662747687, 37.478042390365552 ], [ 126.990230192460771, 37.477489480499813 ], [ 126.988354046276498, 37.476572351198726 ], [ 126.987210722319773, 37.475992383764925 ], [ 126.987134463367809, 37.475955902304975 ], [ 126.986439755767762, 37.47564300226621 ], [ 126.986402241813565, 37.475626599590001 ], [ 126.985444514528169, 37.47522027313947 ], [ 126.985283407358509, 37.475160332780867 ], [ 126.985115313643973, 37.475114160195432 ], [ 126.984808103791693, 37.475043893088134 ], [ 126.984647746996842, 37.475013846395207 ], [ 126.98448448977139, 37.474996336637197 ], [ 126.984160745290424, 37.474974299891457 ], [ 126.984030852986464, 37.474969444565062 ], [ 126.9839008756488, 37.47497253284083 ], [ 126.983570493432765, 37.474990501843472 ], [ 126.984096661501226, 37.473585677705316 ], [ 126.985021133886008, 37.471712354617736 ], [ 126.985538452635382, 37.47096034873217 ], [ 126.985968648242007, 37.470503874246788 ], [ 126.987031760029936, 37.469659601845336 ], [ 126.987107673764484, 37.469595239815789 ], [ 126.988001771812407, 37.46878574430071 ], [ 126.988133548770222, 37.468649937848298 ], [ 126.988758506998323, 37.467913598018185 ], [ 126.988852856850158, 37.467788344059983 ], [ 126.989808925400311, 37.466348055532031 ], [ 126.989866258037523, 37.466252867181289 ], [ 126.990634164686497, 37.46483888008472 ], [ 126.990637270754149, 37.464832291201738 ], [ 126.990641099147638, 37.464825928386325 ], [ 126.990657777294345, 37.464789397839212 ], [ 126.990676289708901, 37.464753470874598 ], [ 126.991933384622769, 37.461926353159221 ], [ 126.994175986423059, 37.459384948907022 ], [ 126.996971764208027, 37.457059028656047 ], [ 126.99887273128904, 37.455494901951397 ], [ 127.000103218785227, 37.454743135145456 ], [ 127.00121617775757, 37.454093051089401 ], [ 127.001644889679511, 37.453965232771438 ], [ 127.001862354280917, 37.453886053761792 ], [ 127.00248115071939, 37.45361721325235 ], [ 127.002627890940332, 37.453545532381597 ], [ 127.002764763012365, 37.453462364641872 ], [ 127.002890357487701, 37.453368566477771 ], [ 127.003003381066989, 37.453265103800604 ], [ 127.003102669917425, 37.453153042040604 ], [ 127.003470456094433, 37.452689718592374 ], [ 127.003480983771979, 37.452674892872174 ], [ 127.003492839565098, 37.452660718678231 ], [ 127.006085130601775, 37.449205226297337 ], [ 127.007620058914014, 37.447222180203667 ], [ 127.012884859837072, 37.456300262341209 ], [ 127.020717123435801, 37.471999056371132 ], [ 127.020760072498774, 37.472077753167952 ], [ 127.025797313995326, 37.480559812308428 ], [ 127.025893134398189, 37.480699285312163 ], [ 127.026008839884199, 37.48082882841571 ], [ 127.027563773906422, 37.482369203418251 ], [ 127.027546025535557, 37.482366838458042 ], [ 127.027530268609993, 37.482364799532938 ], [ 127.020191731197102, 37.481443180022509 ], [ 127.020030003743159, 37.481429156374539 ], [ 127.018746433342912, 37.481367270131358 ], [ 127.018523534481218, 37.481368212391061 ], [ 127.018384923965144, 37.481376073028521 ], [ 127.018359924914392, 37.481377638771626 ], [ 127.018125452844913, 37.481393714274972 ], [ 127.017952815405835, 37.48141270962153 ], [ 127.017783533919769, 37.481445718194784 ], [ 127.01749430738127, 37.481514838147412 ], [ 127.017265416335462, 37.481584244276789 ], [ 127.017084335213497, 37.481651445653917 ], [ 127.016957513640662, 37.481703795341524 ], [ 127.016836666476451, 37.481764460052446 ], [ 127.016727760915927, 37.48182437637697 ], [ 127.016626383689143, 37.481884720122828 ], [ 127.016530931861865, 37.481950917218228 ], [ 127.016412464014635, 37.482039474957965 ], [ 127.016306479584557, 37.482126124850659 ], [ 127.016210640901633, 37.482219979054776 ], [ 127.016125715631048, 37.482320285838576 ], [ 127.015942382358418, 37.482559230747576 ], [ 127.015861044491942, 37.482678264072426 ], [ 127.015399374741108, 37.483442809563606 ], [ 127.014793171532077, 37.484382622610511 ], [ 127.014786089628473, 37.484395068459442 ], [ 127.014777812656931, 37.48440703688825 ], [ 127.013660271042809, 37.486229122825023 ], [ 127.013626302352918, 37.486288046330728 ], [ 127.013333314350461, 37.486830179166446 ], [ 127.013253787697423, 37.487011991572764 ], [ 127.013073299906694, 37.487543798745349 ], [ 127.013030578010657, 37.487710850652796 ], [ 127.012318838907518, 37.49179594463385 ], [ 127.011202864773722, 37.491454207187758 ], [ 127.008321525892597, 37.490553248428988 ], [ 127.008308549786094, 37.490549765849558 ], [ 127.008295975534125, 37.490545447582058 ], [ 127.006691595186894, 37.490067380772928 ], [ 127.00666212071846, 37.490058844385622 ], [ 127.006597260962721, 37.490040598614293 ] ], [ [ 126.990218373477589, 37.488067778235575 ], [ 126.99305216627863, 37.488939735336999 ], [ 126.993058397680727, 37.488941377553147 ], [ 126.993064417464467, 37.488943461547301 ], [ 126.996721615385042, 37.490042846015612 ], [ 126.996752034064784, 37.490051726136954 ], [ 126.99813926334383, 37.490444761763648 ], [ 126.998774393050226, 37.490634942922433 ], [ 126.999005364342153, 37.490752270098668 ], [ 126.999174061416383, 37.490863819587489 ], [ 126.999326244055325, 37.491126496489692 ], [ 126.999602775870017, 37.492078143078217 ], [ 127.000379221164664, 37.49597221348737 ], [ 127.000922947839584, 37.499665956823279 ], [ 127.000942781369233, 37.499767292635148 ], [ 127.001396893298406, 37.501622201272902 ], [ 127.001430774442255, 37.501734725222079 ], [ 127.001476608758438, 37.501844528850491 ], [ 127.001534060543605, 37.50195080780162 ], [ 127.001940820601476, 37.502622565942005 ], [ 127.002029357312693, 37.502750595084521 ], [ 127.002134725801739, 37.502870260963114 ], [ 127.002255694461283, 37.50298016476625 ], [ 127.003168648056942, 37.503724282992025 ], [ 127.003173805461799, 37.50372910576305 ], [ 127.002989061962722, 37.504162911236328 ], [ 127.00103658832235, 37.503525629478744 ], [ 127.000991856874421, 37.503511614805007 ], [ 126.996716046000628, 37.502227271910769 ], [ 126.996706650967582, 37.502224862020334 ], [ 126.996697552590518, 37.502221814108012 ], [ 126.994050551599273, 37.501454494914029 ], [ 126.993948889591167, 37.501427883732511 ], [ 126.992557670267388, 37.501102046108301 ], [ 126.992492339003718, 37.50108786620531 ], [ 126.987932044385886, 37.500175429734959 ], [ 126.98731964176838, 37.500016493172375 ], [ 126.987162258777118, 37.499982219163364 ], [ 126.985592621641032, 37.49970422372273 ], [ 126.985514150437808, 37.499691863913647 ], [ 126.984892613489578, 37.49960603931266 ], [ 126.984895170541606, 37.499600436534749 ], [ 126.984936405073555, 37.499472208077222 ], [ 126.984961703360909, 37.499341381584088 ], [ 126.984970822987776, 37.499209211106923 ], [ 126.984976061090535, 37.498507280989287 ], [ 126.984969167424367, 37.498377234994088 ], [ 126.984946610043977, 37.498248319809115 ], [ 126.984908598098627, 37.49812173026266 ], [ 126.98430374468353, 37.496464429460133 ], [ 126.98426711445785, 37.494372034692418 ], [ 126.984307997739592, 37.48989429387192 ], [ 126.984303832474239, 37.489789273816918 ], [ 126.984289444857694, 37.489684828644791 ], [ 126.983973582495025, 37.487998884032862 ], [ 126.983904489259416, 37.48699043748919 ], [ 126.986483424727581, 37.487289155047449 ], [ 126.986488699763072, 37.487289759254281 ], [ 126.987910499354385, 37.487450788743971 ], [ 126.988232686949502, 37.487501953732291 ], [ 126.988766628436323, 37.487662932805627 ], [ 126.988807142995299, 37.487674680809725 ], [ 126.990218373477589, 37.488067778235575 ] ], [ [ 126.998445573494209, 37.56389159548052 ], [ 126.998312651714315, 37.56396959577711 ], [ 126.998189873694912, 37.564057502762587 ], [ 126.997648078946384, 37.564485125741292 ], [ 126.997534588356416, 37.564584046161436 ], [ 126.997433952825602, 37.564691421505465 ], [ 126.996986294819436, 37.565222009333951 ], [ 126.996978185105306, 37.565232669971842 ], [ 126.995663666408333, 37.565157300211517 ], [ 126.995640814756513, 37.565156113058514 ], [ 126.994478409285819, 37.565101981544657 ], [ 126.99465870357308, 37.563561133101679 ], [ 126.994733128761325, 37.563047574108303 ], [ 126.994797553857367, 37.56293109390802 ], [ 126.994870415889181, 37.562835239670548 ], [ 126.995607057284943, 37.562997701995151 ], [ 126.998766847384232, 37.563721612720371 ], [ 126.998445573494209, 37.56389159548052 ] ], [ [ 127.015948328051948, 37.505622468007068 ], [ 127.016123813622272, 37.505552313691027 ], [ 127.017705205394776, 37.504825980506979 ], [ 127.018094053175091, 37.504648605884569 ], [ 127.018250389335606, 37.504635166841659 ], [ 127.018814987598773, 37.504609138327957 ], [ 127.01927237139607, 37.504658305198866 ], [ 127.020235933682571, 37.50490672236419 ], [ 127.022203022538022, 37.505484642333954 ], [ 127.020350562738685, 37.509361432164098 ], [ 127.012279335548968, 37.506923488803693 ], [ 127.013456512685323, 37.506456497276567 ], [ 127.014471435776457, 37.506129507708486 ], [ 127.014488624708747, 37.506123882223285 ], [ 127.014493198178656, 37.506122362079743 ], [ 127.014511844795663, 37.50611605991913 ], [ 127.015948328051948, 37.505622468007068 ] ], [ [ 127.012793549764055, 37.499998982949968 ], [ 127.012932720601555, 37.499924722216349 ], [ 127.013062024340925, 37.499839892041287 ], [ 127.013180201209693, 37.4997453189252 ], [ 127.013699476271384, 37.499286542263626 ], [ 127.013807592963019, 37.499180741933884 ], [ 127.013901775766698, 37.499066798938614 ], [ 127.013981065673875, 37.498945873570996 ], [ 127.014229139377008, 37.498515973910507 ], [ 127.014297433008025, 37.498378196495146 ], [ 127.014346398360445, 37.498235293371927 ], [ 127.014418938486315, 37.497966371236629 ], [ 127.014427028099149, 37.497934522764652 ], [ 127.014884822890323, 37.496013705697315 ], [ 127.015004192294711, 37.495525121341188 ], [ 127.01989645804062, 37.497067809150181 ], [ 127.019912723111545, 37.497072860661206 ], [ 127.025440111583322, 37.498763314157991 ], [ 127.023495506209002, 37.502790182508825 ], [ 127.02145221122413, 37.502189875568178 ], [ 127.021387508265946, 37.502172038321625 ], [ 127.02022297199089, 37.50187180839108 ], [ 127.02007668186485, 37.501839771176975 ], [ 127.019927385004749, 37.50181827102746 ], [ 127.019115629763562, 37.50173101087443 ], [ 127.018953441076036, 37.501719852751847 ], [ 127.018790656677893, 37.501721126895028 ], [ 127.017993539816246, 37.501757875438877 ], [ 127.017909514998678, 37.50176342024524 ], [ 127.017305560243855, 37.501815336925176 ], [ 127.017132827699172, 37.501837410161215 ], [ 127.016963865110128, 37.50187353333861 ], [ 127.016800467923687, 37.501923322602153 ], [ 127.016644372456284, 37.501986248876321 ], [ 127.015903806449359, 37.502324059805169 ], [ 127.015899419063174, 37.502326068023827 ], [ 127.014401494620174, 37.503014058734259 ], [ 127.01309682660353, 37.503461141204532 ], [ 127.012029836278657, 37.503804903819329 ], [ 127.011909601298854, 37.503848042841582 ], [ 127.010024063992276, 37.504596031682233 ], [ 127.009581694926297, 37.504732169526193 ], [ 127.009369270461463, 37.504424431069836 ], [ 127.009278468548175, 37.504307411446909 ], [ 127.008777072469073, 37.503729233384483 ], [ 127.008680092191497, 37.503627957668655 ], [ 127.008571578912083, 37.503534402632049 ], [ 127.008452495879155, 37.503449398706273 ], [ 127.008323900151396, 37.503373700417129 ], [ 127.008186933214787, 37.503307979687968 ], [ 127.00769288245499, 37.503095514892586 ], [ 127.007840048405768, 37.5028123094256 ], [ 127.008185758704897, 37.502314433650106 ], [ 127.008819714399806, 37.501996456013515 ], [ 127.008850471590605, 37.501980657276988 ], [ 127.009882775887064, 37.501437752643447 ], [ 127.011969795559807, 37.500393056527507 ], [ 127.012793549764055, 37.499998982949968 ] ], [ [ 127.017119096796748, 37.536457727826416 ], [ 127.01696873423495, 37.536215043458881 ], [ 127.019418318557186, 37.535906094734393 ], [ 127.018827217239775, 37.536764450271839 ], [ 127.018055290199953, 37.537865788360882 ], [ 127.017119096796748, 37.536457727826416 ] ], [ [ 127.054835092059264, 37.669254097105693 ], [ 127.054827127089709, 37.669285679497115 ], [ 127.054271510293688, 37.671633500880155 ], [ 127.053858212375303, 37.673223942133639 ], [ 127.05384792477615, 37.673267049150503 ], [ 127.053718522029939, 37.673861819383276 ], [ 127.053705853509939, 37.673930505936355 ], [ 127.053617708764023, 37.674512091064223 ], [ 127.053605708002792, 37.674652609567808 ], [ 127.05359180028421, 37.675358118024761 ], [ 127.053591786856387, 37.675399787927127 ], [ 127.053646251156493, 37.678255928576824 ], [ 127.053646671079449, 37.678261116616049 ], [ 127.053646499402831, 37.678266313588644 ], [ 127.053726791386694, 37.681060006554397 ], [ 127.053692589338212, 37.681533500642864 ], [ 127.053647978331497, 37.681579195119433 ], [ 127.053173612697023, 37.682011712601998 ], [ 127.053127021549798, 37.682056072397643 ], [ 127.052005640820013, 37.683171332917851 ], [ 127.050434004241808, 37.684296198333953 ], [ 127.048218510424633, 37.685859883719459 ], [ 127.048150699205507, 37.68458704927162 ], [ 127.048141592487482, 37.684493340920099 ], [ 127.04786076343197, 37.682506167370931 ], [ 127.047450007978568, 37.679262104559122 ], [ 127.04744525307585, 37.679228719346099 ], [ 127.046834862454816, 37.675372201677924 ], [ 127.046825004811211, 37.675318609120808 ], [ 127.046285136159469, 37.672744743845684 ], [ 127.046052885473117, 37.670883963404165 ], [ 127.045946918040102, 37.669678907439433 ], [ 127.045984613295985, 37.668944881567768 ], [ 127.046133685713301, 37.667662965261556 ], [ 127.046138363344184, 37.667612419467027 ], [ 127.046322301729603, 37.664941264552716 ], [ 127.046461725591712, 37.663150762767692 ], [ 127.046720228728901, 37.66061611445182 ], [ 127.046944666123736, 37.659730870555585 ], [ 127.047590882931217, 37.658219754715049 ], [ 127.047593213630364, 37.658214265920641 ], [ 127.048544018729658, 37.6559591160945 ], [ 127.048989051354596, 37.655159271376263 ], [ 127.04911426803757, 37.654936783578954 ], [ 127.051747273778176, 37.655580472249817 ], [ 127.051931996164043, 37.65561677358582 ], [ 127.052813245372249, 37.655748861069959 ], [ 127.053039183667963, 37.655770407029351 ], [ 127.053739252049525, 37.655799606002674 ], [ 127.054569647966304, 37.655835689157627 ], [ 127.055110815309462, 37.655921492361962 ], [ 127.056629035150536, 37.656222250089883 ], [ 127.058260025376271, 37.656591632944533 ], [ 127.057316224402413, 37.660091499609592 ], [ 127.055940132189008, 37.665127908062686 ], [ 127.055939553195358, 37.665130675505345 ], [ 127.055938649894856, 37.665133387508277 ], [ 127.054835092059264, 37.669254097105693 ] ], [ [ 127.057478787343527, 37.653603934410391 ], [ 127.055894030250982, 37.653289996558726 ], [ 127.055815447535849, 37.653275991359557 ], [ 127.055115986987317, 37.653165090457236 ], [ 127.054876204764781, 37.653140996301197 ], [ 127.053923004057836, 37.653099577605502 ], [ 127.053919275566273, 37.653099418843119 ], [ 127.053331241815314, 37.653074893111075 ], [ 127.052655716714384, 37.652973641108105 ], [ 127.050101551793134, 37.652349227650816 ], [ 127.051360735548371, 37.649423732721615 ], [ 127.051370186043911, 37.649401127015878 ], [ 127.053163970753857, 37.644980358507937 ], [ 127.053706904624491, 37.643705457829903 ], [ 127.053968867508758, 37.643241405460444 ], [ 127.054331066916518, 37.642626771950511 ], [ 127.05489897125571, 37.64198678028793 ], [ 127.058405323380285, 37.639101091073357 ], [ 127.058534604399654, 37.638981443240866 ], [ 127.059387073957751, 37.63809239767042 ], [ 127.059466318611058, 37.638002387909701 ], [ 127.059536110215433, 37.637907558094561 ], [ 127.060082836614129, 37.637090200765201 ], [ 127.060158082511904, 37.636961929478275 ], [ 127.060216052407043, 37.636828105087389 ], [ 127.060456584138564, 37.636161344343975 ], [ 127.060497628229186, 37.636018943761762 ], [ 127.060646677190007, 37.635333632882634 ], [ 127.060671034452241, 37.635136486568214 ], [ 127.060715796827282, 37.633690451670667 ], [ 127.061181980856702, 37.633303024604217 ], [ 127.066208127645353, 37.636440605150803 ], [ 127.06237768078536, 37.644954386627283 ], [ 127.061336590177035, 37.646962885373341 ], [ 127.061318017843632, 37.647000283522758 ], [ 127.060565783201397, 37.648583505775683 ], [ 127.060528804116672, 37.648670081595633 ], [ 127.060192586996124, 37.64955436409609 ], [ 127.060164525751105, 37.649637672621189 ], [ 127.059261049532722, 37.652708642349957 ], [ 127.059246396708247, 37.652763563968172 ], [ 127.05896457858988, 37.653939653058686 ], [ 127.057533552468399, 37.653615556930937 ], [ 127.057478787343527, 37.653603934410391 ] ], [ [ 127.061196132954947, 37.629530172927048 ], [ 127.061859787359325, 37.628060368775479 ], [ 127.06380621871422, 37.624377050943302 ], [ 127.063806364887611, 37.624376731236453 ], [ 127.063806566725574, 37.624376395850113 ], [ 127.063819953497159, 37.624347068362283 ], [ 127.063835239802003, 37.62431833432143 ], [ 127.063845278400137, 37.624292714754148 ], [ 127.063857164019211, 37.62426764813641 ], [ 127.065850098353778, 37.619345187615338 ], [ 127.066974461810176, 37.616593549126883 ], [ 127.067898322247132, 37.616783806022589 ], [ 127.069388202664896, 37.617116645092956 ], [ 127.071353486370469, 37.617668937723316 ], [ 127.073435869455892, 37.618356424763846 ], [ 127.073565541350547, 37.618627677871729 ], [ 127.07242514656302, 37.622150489256434 ], [ 127.07139565686559, 37.625194074310642 ], [ 127.068605602535513, 37.63109690005767 ], [ 127.068595664573948, 37.631118478662827 ], [ 127.067413095681985, 37.633755306246655 ], [ 127.062077302313355, 37.630424381315315 ], [ 127.06111379882087, 37.629807375709021 ], [ 127.061196132954947, 37.629530172927048 ] ], [ [ 127.077716023350391, 37.616726723910404 ], [ 127.07915631707192, 37.612278564523741 ], [ 127.079191081373921, 37.612142681940036 ], [ 127.079466729984603, 37.610686596233769 ], [ 127.07946713024792, 37.610683434932383 ], [ 127.079467899697363, 37.610680317155882 ], [ 127.079673662728524, 37.609557584304177 ], [ 127.081039825793567, 37.60249576686185 ], [ 127.081279141938467, 37.601317182908296 ], [ 127.081284508881168, 37.601288847237981 ], [ 127.081316968118145, 37.60110421436417 ], [ 127.08138796172635, 37.600882760622994 ], [ 127.081950378274186, 37.600562253401989 ], [ 127.085559529799369, 37.598579783465809 ], [ 127.086518607155014, 37.599060143717161 ], [ 127.088310163471903, 37.600166872733332 ], [ 127.088460377296968, 37.60024975977565 ], [ 127.088620913066592, 37.600319328365458 ], [ 127.090941748904228, 37.601199734333193 ], [ 127.090943873875744, 37.601200440802558 ], [ 127.090945874912478, 37.601201292646678 ], [ 127.090980140228581, 37.60121259851838 ], [ 127.091013634371393, 37.601225392988233 ], [ 127.092281443424426, 37.601650103394327 ], [ 127.09250225954851, 37.601710237612089 ], [ 127.09382130454172, 37.601990593264247 ], [ 127.094306581379357, 37.602107463475647 ], [ 127.09438633728719, 37.602124996414062 ], [ 127.095307227223103, 37.6023083563271 ], [ 127.096160993431923, 37.602536044159571 ], [ 127.097006595564338, 37.602844064542353 ], [ 127.097670980333007, 37.603100122743072 ], [ 127.099439828696092, 37.603913551521579 ], [ 127.099767221409223, 37.604090314800047 ], [ 127.100080191943874, 37.604294097621782 ], [ 127.100492609760465, 37.604589499858342 ], [ 127.100864933471598, 37.604985652683105 ], [ 127.10128938432382, 37.605470281457073 ], [ 127.101452382145098, 37.605730445113124 ], [ 127.101534599792714, 37.605898911885667 ], [ 127.101552277891741, 37.605982789312741 ], [ 127.101626718305724, 37.606789252896853 ], [ 127.101671838745219, 37.60800321572917 ], [ 127.101677066458024, 37.608408985038949 ], [ 127.101677158897232, 37.608414898170928 ], [ 127.101681598185579, 37.608656394552867 ], [ 127.101636386134828, 37.609001291187866 ], [ 127.101632149594025, 37.609038617029299 ], [ 127.101502889683047, 37.610385641930471 ], [ 127.101499775338908, 37.61042606460687 ], [ 127.101415770298644, 37.61187035617921 ], [ 127.10141430890603, 37.611960481475343 ], [ 127.101416694297157, 37.612053303785018 ], [ 127.097277012455891, 37.613386299944942 ], [ 127.097209076763207, 37.613409554910987 ], [ 127.096395464298823, 37.613704908703845 ], [ 127.095497270692292, 37.614016951716465 ], [ 127.095373426825859, 37.614064817019774 ], [ 127.090946599778277, 37.615955642876173 ], [ 127.090926573754032, 37.615965231485028 ], [ 127.090905746389495, 37.615973671043697 ], [ 127.089407475414333, 37.616656413807497 ], [ 127.085546821800762, 37.618394364796643 ], [ 127.085250090986847, 37.618526478770754 ], [ 127.085075395452733, 37.618559206100763 ], [ 127.084565144483605, 37.618585210480461 ], [ 127.084080627629632, 37.618518776566525 ], [ 127.084057063296598, 37.61851648575491 ], [ 127.084033759267029, 37.618512884774084 ], [ 127.083169696376061, 37.618414073248928 ], [ 127.08269281520397, 37.618301566420996 ], [ 127.082531538981669, 37.618270244090695 ], [ 127.081624061212821, 37.618130951201493 ], [ 127.081022740997795, 37.618032508325051 ], [ 127.080490071535905, 37.617893622952955 ], [ 127.079278710649305, 37.617457136665045 ], [ 127.079271670586394, 37.617454615201119 ], [ 127.077663945125465, 37.616882267974169 ], [ 127.077712365372605, 37.61673782512127 ], [ 127.077716023350391, 37.616726723910404 ] ], [ [ 127.076313254133154, 37.60915149281734 ], [ 127.07631125289852, 37.60916211430569 ], [ 127.076105042121, 37.610287014358889 ], [ 127.075842923384769, 37.611671302530198 ], [ 127.074511144106026, 37.615783782676552 ], [ 127.072614306513231, 37.615157553318632 ], [ 127.072528907823028, 37.615131478572884 ], [ 127.070467777215072, 37.614552253226513 ], [ 127.070361135853332, 37.614525388972858 ], [ 127.068800673416447, 37.614176783340781 ], [ 127.06876707457215, 37.614169571518303 ], [ 127.068063999013077, 37.614024783659374 ], [ 127.068429063422357, 37.613401343215443 ], [ 127.068464743380048, 37.613335960208516 ], [ 127.069020430829852, 37.612239386847342 ], [ 127.069070484645209, 37.612126419320425 ], [ 127.069357123509377, 37.611374830684717 ], [ 127.069411558017165, 37.611182672809456 ], [ 127.069482393721927, 37.61080661370633 ], [ 127.069500781765754, 37.610634730439173 ], [ 127.069703804964931, 37.602966276465544 ], [ 127.069716865945381, 37.602879703203783 ], [ 127.07007013374259, 37.602134798562155 ], [ 127.070243882110788, 37.601927133906166 ], [ 127.077056752192789, 37.597914413840151 ], [ 127.077695061314742, 37.59764034654674 ], [ 127.078075237572193, 37.59752427262719 ], [ 127.078878840541108, 37.597339891510494 ], [ 127.07978040200868, 37.597262943268916 ], [ 127.080110276185309, 37.597290689448194 ], [ 127.081215391497963, 37.597513501631184 ], [ 127.081429732974286, 37.597562477414698 ], [ 127.080007541417231, 37.598343636036063 ], [ 127.079983439328359, 37.598357121137241 ], [ 127.079274141274979, 37.598761325965413 ], [ 127.079157096165915, 37.598834399260134 ], [ 127.079048532787724, 37.59891533828042 ], [ 127.07869558721211, 37.599202572674272 ], [ 127.078576578179479, 37.59931030716141 ], [ 127.078472583176179, 37.599427466615253 ], [ 127.078384772680749, 37.599552732470691 ], [ 127.078314135039435, 37.599684694922885 ], [ 127.078178520276154, 37.599980692646533 ], [ 127.078128482831602, 37.600109544995263 ], [ 127.078000568617725, 37.600508499376403 ], [ 127.077964228581735, 37.600655359317443 ], [ 127.077921203089332, 37.600900032278595 ], [ 127.077683696267016, 37.60206944713962 ], [ 127.077682992013322, 37.602074468836278 ], [ 127.077681718920445, 37.602079419132551 ], [ 127.076313254133154, 37.60915149281734 ] ], [ [ 127.063952841967563, 37.590878080922998 ], [ 127.062591340224245, 37.590415738569966 ], [ 127.061007805306318, 37.589595315011287 ], [ 127.060027854029371, 37.589061250868056 ], [ 127.059450439099052, 37.588626571126504 ], [ 127.059350295827599, 37.588556887202643 ], [ 127.059243608456242, 37.588493651677837 ], [ 127.055427093882102, 37.586411170039554 ], [ 127.054541025130248, 37.58564310900195 ], [ 127.054290944978007, 37.5852843685918 ], [ 127.054188522784244, 37.585155222367568 ], [ 127.052937863210502, 37.583759592909402 ], [ 127.051544377624012, 37.581925317796475 ], [ 127.05075170615973, 37.580352051144793 ], [ 127.050751394752794, 37.58035151136945 ], [ 127.050751136377556, 37.580350917162875 ], [ 127.050749119729787, 37.58034742990143 ], [ 127.050747516450642, 37.580343809298839 ], [ 127.050743506126366, 37.580336976818401 ], [ 127.050740274662914, 37.580329930282637 ], [ 127.050736827408599, 37.580324223458234 ], [ 127.050734011850736, 37.580318258260021 ], [ 127.050725956767494, 37.580305237649682 ], [ 127.050719179349144, 37.580291763989941 ], [ 127.0507062720649, 37.580271982549618 ], [ 127.050695012115966, 37.580251573695755 ], [ 127.050690052134797, 37.580244548289954 ], [ 127.050685871159118, 37.580237208905608 ], [ 127.050683825838675, 37.580234390995436 ], [ 127.050682142893166, 37.580231473861723 ], [ 127.050681769094737, 37.580230964501915 ], [ 127.05068143673563, 37.580230389772353 ], [ 127.050679000315128, 37.580227076614747 ], [ 127.050676958850048, 37.580223598512525 ], [ 127.050672123462888, 37.580217107870233 ], [ 127.050668042083785, 37.580210351248873 ], [ 127.0506639114748, 37.58020494458939 ], [ 127.050660372468045, 37.580199223955852 ], [ 127.050650752584616, 37.580186894392511 ], [ 127.050642348415451, 37.580174014294862 ], [ 127.050627067050442, 37.580155334960288 ], [ 127.050613347815755, 37.580135902730049 ], [ 127.050607546487981, 37.580129298064548 ], [ 127.050602481744463, 37.580122320164712 ], [ 127.05060009625619, 37.580119672074503 ], [ 127.050598064578267, 37.580116903580389 ], [ 127.050597632718379, 37.580116428985967 ], [ 127.05059722884738, 37.580115879781495 ], [ 127.050594396119536, 37.580112772634443 ], [ 127.050591936130459, 37.580109470527823 ], [ 127.050586321452599, 37.5801033848578 ], [ 127.050581430263705, 37.58009698263411 ], [ 127.050576656848946, 37.580091927583965 ], [ 127.050572427712297, 37.580086507187659 ], [ 127.050561335678069, 37.580074987408601 ], [ 127.05055138569999, 37.580062824912261 ], [ 127.050533877428691, 37.58004542757061 ], [ 127.050517831039159, 37.580027159101974 ], [ 127.050511244236802, 37.580021038781425 ], [ 127.050505344504188, 37.580014489565244 ], [ 127.05050264120419, 37.580012037436134 ], [ 127.050500280978426, 37.580009443645828 ], [ 127.050499795805621, 37.580009007771046 ], [ 127.050499323723798, 37.580008489954672 ], [ 127.050496121970269, 37.580005618740778 ], [ 127.050493267149349, 37.580002524429972 ], [ 127.050486926616088, 37.579996903031009 ], [ 127.050481273362365, 37.579990916210086 ], [ 127.049967688315164, 37.579499243659122 ], [ 127.049658361037956, 37.579060915893528 ], [ 127.04955193113183, 37.578928716682711 ], [ 127.049426961911678, 37.57880722882642 ], [ 127.049097263593481, 37.578522222878668 ], [ 127.049024959699338, 37.578463416003181 ], [ 127.048767988440645, 37.57826675666702 ], [ 127.048470159731011, 37.577991227971538 ], [ 127.047596691620313, 37.576901107858042 ], [ 127.044514091798334, 37.572999821357286 ], [ 127.045556530350112, 37.572556298012962 ], [ 127.045651852434062, 37.572512523444942 ], [ 127.046995428523857, 37.571848422713188 ], [ 127.047126489863075, 37.571776661300689 ], [ 127.04724854199219, 37.571695455692037 ], [ 127.047360514433734, 37.57160551813358 ], [ 127.048330639685062, 37.570749601633601 ], [ 127.048353221204721, 37.570727596934525 ], [ 127.048377270634518, 37.570706679574826 ], [ 127.04840075844514, 37.57068172346122 ], [ 127.048425891717272, 37.570657728051835 ], [ 127.048430689437836, 37.570652107411313 ], [ 127.048436090077388, 37.570646844708364 ], [ 127.048455849989793, 37.570623187871909 ], [ 127.04847721114723, 37.570600491291046 ], [ 127.048492423778868, 37.570580507661475 ], [ 127.048777283141845, 37.570574559639326 ], [ 127.048919822172834, 37.570566798807981 ], [ 127.049386610683413, 37.570525624213325 ], [ 127.049538177482219, 37.570506705780538 ], [ 127.049686981356245, 37.570476978965594 ], [ 127.049831808307388, 37.570436686291295 ], [ 127.050290875569971, 37.5702901322082 ], [ 127.050492852892319, 37.570212981394789 ], [ 127.050829427756057, 37.570061919349811 ], [ 127.050953621498564, 37.570000423697429 ], [ 127.051070707995237, 37.569930651551324 ], [ 127.051179819050091, 37.569853120283625 ], [ 127.051402038928089, 37.569680970776197 ], [ 127.052181770356285, 37.56909779108102 ], [ 127.053746578885978, 37.567941846892197 ], [ 127.053748522065575, 37.567940263213394 ], [ 127.05375064503599, 37.567938833232873 ], [ 127.056671996375897, 37.56576643906098 ], [ 127.056685496551765, 37.565756288921371 ], [ 127.059293328901859, 37.563773917603363 ], [ 127.059726454757936, 37.563588766197391 ], [ 127.059749860709204, 37.563583868304626 ], [ 127.060594988527967, 37.563413674813965 ], [ 127.062175849229021, 37.5631772939876 ], [ 127.063882355074654, 37.562930948772966 ], [ 127.068540290338575, 37.562306220979565 ], [ 127.068547854878688, 37.562305192260204 ], [ 127.070124604842491, 37.562087835551722 ], [ 127.070184337163653, 37.562078721161797 ], [ 127.071080065016091, 37.561928756703708 ], [ 127.071278542272665, 37.561885381309217 ], [ 127.071468970797667, 37.561823212212509 ], [ 127.074943927425025, 37.560487491317801 ], [ 127.074980423525616, 37.560473029423093 ], [ 127.07777101065183, 37.559333712889234 ], [ 127.078638262827212, 37.558998684554858 ], [ 127.080730493040264, 37.562818688296424 ], [ 127.080732326385345, 37.562822023178562 ], [ 127.082811600723332, 37.566590225927953 ], [ 127.084092964095461, 37.568979772354496 ], [ 127.084097992062084, 37.568989052203563 ], [ 127.084349739130431, 37.569448950676808 ], [ 127.0843917494621, 37.569566102936207 ], [ 127.084436695492315, 37.569762159811205 ], [ 127.084452938215946, 37.57024249655823 ], [ 127.084463635118325, 37.572065684795284 ], [ 127.084464486377755, 37.572102631943046 ], [ 127.084485648980362, 37.572628782829611 ], [ 127.084491763334967, 37.572707998588427 ], [ 127.08452273733333, 37.572979024134341 ], [ 127.084543838418341, 37.573101385494567 ], [ 127.084578880722603, 37.57322170362788 ], [ 127.084669078310924, 37.573477633352176 ], [ 127.084729142147651, 37.573617965192078 ], [ 127.084808149195226, 37.573752219122397 ], [ 127.085002252482852, 37.574039848853822 ], [ 127.085066379384614, 37.574126913597276 ], [ 127.085138487546274, 37.574209928450585 ], [ 127.085462235714928, 37.574554408358068 ], [ 127.085711553644387, 37.574843153602053 ], [ 127.085922169716525, 37.576010848344296 ], [ 127.086469409285058, 37.579128348402968 ], [ 127.086824351768328, 37.581157440060196 ], [ 127.086960854835368, 37.581947330646024 ], [ 127.086961153256041, 37.581953716326097 ], [ 127.08686900644507, 37.582430120742167 ], [ 127.08686821471521, 37.582434256547963 ], [ 127.086674574832799, 37.583456388650013 ], [ 127.086658379191761, 37.583580497752642 ], [ 127.086656629888665, 37.583705266546254 ], [ 127.086691938202819, 37.584507664983192 ], [ 127.086693095700326, 37.584529103627361 ], [ 127.086735672882327, 37.585194519765743 ], [ 127.086693253498382, 37.585523133729367 ], [ 127.086564968028441, 37.586164397898109 ], [ 127.086417877888366, 37.586682038936182 ], [ 127.085855858603338, 37.588398887933174 ], [ 127.085846463309181, 37.588434710721977 ], [ 127.085835110614298, 37.588470113789498 ], [ 127.085835076541045, 37.588470291186681 ], [ 127.085835013575249, 37.588470487778011 ], [ 127.084139992924221, 37.595107766326279 ], [ 127.083241932689901, 37.594928413057865 ], [ 127.08322669089786, 37.594925428503593 ], [ 127.082075864851035, 37.594704555168946 ], [ 127.082067875038717, 37.59470303792493 ], [ 127.079689624657306, 37.59425621974934 ], [ 127.076505455760156, 37.593588402612596 ], [ 127.066359555694191, 37.59139631986897 ], [ 127.063952841967563, 37.590878080922998 ] ], [ [ 127.077354026961814, 37.549488220182873 ], [ 127.077318564818839, 37.549422685477481 ], [ 127.076148889283104, 37.547409008004507 ], [ 127.076140337891715, 37.547396001831324 ], [ 127.076133059486736, 37.547382513492536 ], [ 127.075592304762338, 37.546502186003771 ], [ 127.074785593819271, 37.544825978154584 ], [ 127.072809091743096, 37.540677616646839 ], [ 127.073718666041515, 37.540383640243952 ], [ 127.076379786438238, 37.539747490745 ], [ 127.076407492791304, 37.539740661122607 ], [ 127.081512919353202, 37.538443885942016 ], [ 127.083115644235534, 37.538080125862543 ], [ 127.083524144628171, 37.53800210755476 ], [ 127.0836383481833, 37.53799361593218 ], [ 127.083659448745678, 37.537994201209614 ], [ 127.084055546397522, 37.538062563295512 ], [ 127.085737363863515, 37.538449996235492 ], [ 127.086713089068752, 37.538690921973661 ], [ 127.086724590279104, 37.538693726270346 ], [ 127.088480877596993, 37.539116527172595 ], [ 127.089342633966808, 37.539329087194965 ], [ 127.089481359929749, 37.539358250845922 ], [ 127.089622682797824, 37.539377983600026 ], [ 127.089765593332274, 37.539388144537909 ], [ 127.09027951260228, 37.539407304022561 ], [ 127.090409157749534, 37.539408191007247 ], [ 127.090538509908995, 37.539401197983175 ], [ 127.091318671464023, 37.539335110433839 ], [ 127.091456239722419, 37.539318895803326 ], [ 127.091591680035705, 37.539293770542287 ], [ 127.092298311526974, 37.539138132661691 ], [ 127.092471518968395, 37.539091861623795 ], [ 127.092637480029495, 37.539031038806101 ], [ 127.093329115955427, 37.538740684779526 ], [ 127.093493233537117, 37.538662061551385 ], [ 127.093946702923049, 37.538416057140658 ], [ 127.094092653691419, 37.538327310285382 ], [ 127.094225714145054, 37.53822653055677 ], [ 127.094469713943028, 37.53802059342906 ], [ 127.094593838657559, 37.537903130689621 ], [ 127.094977114799747, 37.537495521474739 ], [ 127.095063977943184, 37.537393807290584 ], [ 127.096201934580776, 37.535921400880206 ], [ 127.096225061168752, 37.535887897433177 ], [ 127.096249897016094, 37.535855219508633 ], [ 127.096261933959099, 37.535835175953345 ], [ 127.096275600606418, 37.535815782633748 ], [ 127.100529551139758, 37.529017086317133 ], [ 127.100531997695782, 37.529013159875234 ], [ 127.10530698929135, 37.521317646344521 ], [ 127.105311304201365, 37.521309736275491 ], [ 127.105316450748347, 37.521302148294716 ], [ 127.1063736720929, 37.519541915043575 ], [ 127.106450095853489, 37.519392314260799 ], [ 127.106503577349656, 37.519236522143601 ], [ 127.106719044587038, 37.518419876526323 ], [ 127.106741207449204, 37.518315860190818 ], [ 127.106753120247504, 37.518210784047255 ], [ 127.106803472800891, 37.517425554529673 ], [ 127.106801712413713, 37.517264168846268 ], [ 127.106775822095599, 37.517104100053672 ], [ 127.106735596460993, 37.516935543211154 ], [ 127.108963972317369, 37.517709388976932 ], [ 127.108980939577677, 37.517715193676167 ], [ 127.111182755024998, 37.518457159019746 ], [ 127.111430980816507, 37.518560462124078 ], [ 127.111855132503678, 37.519228168011516 ], [ 127.11189058127934, 37.519281029456124 ], [ 127.112194332835131, 37.519710782920562 ], [ 127.116128256732225, 37.52615934837111 ], [ 127.118921700853988, 37.530877926452511 ], [ 127.119842540711062, 37.533642882917931 ], [ 127.119854356101968, 37.533676592109515 ], [ 127.121422435049524, 37.537936344169559 ], [ 127.120988546546585, 37.538153851340894 ], [ 127.120871009302931, 37.538218422089933 ], [ 127.120760701160307, 37.5382906290289 ], [ 127.120118568717743, 37.538748315630173 ], [ 127.119274873568614, 37.539336853256401 ], [ 127.119229997466036, 37.539369302609472 ], [ 127.118764684443079, 37.539718030827139 ], [ 127.118066213332511, 37.540092396211556 ], [ 127.117339338822319, 37.540384771797846 ], [ 127.107472989958552, 37.543358112121489 ], [ 127.106952524085969, 37.543472139137755 ], [ 127.106404473800751, 37.543551991304184 ], [ 127.105817442473253, 37.54359800005912 ], [ 127.105239040517688, 37.543609524430408 ], [ 127.105063300893605, 37.543620312139204 ], [ 127.104515949346435, 37.543676786974025 ], [ 127.104387003653287, 37.543694134310591 ], [ 127.103878547072554, 37.543778689067011 ], [ 127.103681726018024, 37.543821386816155 ], [ 127.103092295707199, 37.54398009941319 ], [ 127.103042900319124, 37.543995589198133 ], [ 127.102993070645653, 37.54400959703834 ], [ 127.102979424724182, 37.544014680003727 ], [ 127.10296520960955, 37.544018904045039 ], [ 127.100258709722084, 37.544945968856119 ], [ 127.100251461913999, 37.544948467273578 ], [ 127.094597855816161, 37.546909597704129 ], [ 127.094557058322295, 37.546924260599724 ], [ 127.091434058930574, 37.548086318147831 ], [ 127.091320928112481, 37.548132597775613 ], [ 127.090876804798157, 37.548331357888706 ], [ 127.090689026764935, 37.548428914395309 ], [ 127.09027436343051, 37.548676893460545 ], [ 127.090108964463283, 37.548789713399195 ], [ 127.089659118390514, 37.549138787946568 ], [ 127.089526645664805, 37.549254208378805 ], [ 127.089411794904038, 37.54938103392319 ], [ 127.088878862419918, 37.550047649616552 ], [ 127.088808491897495, 37.550144261367976 ], [ 127.088748376277579, 37.550245167631836 ], [ 127.088145890003986, 37.551374711798047 ], [ 127.087672076639734, 37.552194312007771 ], [ 127.087611376823489, 37.552274860601841 ], [ 127.08747688525429, 37.552390388034318 ], [ 127.087152336002774, 37.552637562104024 ], [ 127.087004848246011, 37.552725897228498 ], [ 127.086601482373098, 37.552918518412376 ], [ 127.080345158305462, 37.555334034407281 ], [ 127.079562921867478, 37.553885925901923 ], [ 127.077354026961814, 37.549488220182873 ] ], [ [ 127.084943582540461, 37.535452224522558 ], [ 127.084831374855142, 37.535429644864109 ], [ 127.084230119382951, 37.535325874803888 ], [ 127.084080694635105, 37.535305598701157 ], [ 127.08392959451767, 37.535296016250506 ], [ 127.083647876859814, 37.535288202208775 ], [ 127.083430928555771, 37.535293238431215 ], [ 127.083087985793, 37.535318738052375 ], [ 127.082849855097621, 37.535350167294276 ], [ 127.082288806789165, 37.535457320463166 ], [ 127.082219386937894, 37.535471820766411 ], [ 127.080556762316718, 37.535849175453599 ], [ 127.080506133111754, 37.535861348054333 ], [ 127.07538948573594, 37.537160971530561 ], [ 127.072665899743185, 37.537812051285663 ], [ 127.072515510807065, 37.53785422427466 ], [ 127.07164536083647, 37.538135458347675 ], [ 127.070420283722029, 37.535440969203968 ], [ 127.070406521012274, 37.535411755346409 ], [ 127.068285925172063, 37.531063368191539 ], [ 127.066718048281416, 37.527510232415132 ], [ 127.06670912287511, 37.527490495450287 ], [ 127.065074078988715, 37.52396083860468 ], [ 127.064453270714935, 37.522615689173207 ], [ 127.064381407287811, 37.522482500687531 ], [ 127.064292053094405, 37.522356206050546 ], [ 127.063607849853085, 37.521499963268099 ], [ 127.063505022873173, 37.521385001845005 ], [ 127.063387708440018, 37.521279205621035 ], [ 127.062589256857919, 37.52063075802365 ], [ 127.062470198694982, 37.520542892861201 ], [ 127.062341149009825, 37.520464486340813 ], [ 127.062203287675203, 37.52039625529796 ], [ 127.062057875113922, 37.520338823536463 ], [ 127.06019009399229, 37.5196877661838 ], [ 127.05940263065655, 37.519397173123124 ], [ 127.06127054441572, 37.515992514852513 ], [ 127.065036151942905, 37.516622902859019 ], [ 127.06583370645356, 37.516866035164242 ], [ 127.065985002414592, 37.516905780163469 ], [ 127.066025882906629, 37.516914848973329 ], [ 127.066181190599465, 37.516943120048019 ], [ 127.066339141875503, 37.516959668221794 ], [ 127.06638142917285, 37.516962498569924 ], [ 127.066540632630208, 37.516967177999902 ], [ 127.067228482077127, 37.51696166236416 ], [ 127.067368378391976, 37.51695593564564 ], [ 127.067405541571674, 37.516953185960688 ], [ 127.067544368970616, 37.516938290026353 ], [ 127.067681181487458, 37.516914326383031 ], [ 127.067717271883808, 37.516906748815785 ], [ 127.06785113747722, 37.516873880686667 ], [ 127.068215009906098, 37.516771261390879 ], [ 127.068364868912383, 37.516722473970432 ], [ 127.068403962321426, 37.516707977269576 ], [ 127.068547303852341, 37.516648039480536 ], [ 127.071595822327993, 37.515221557676995 ], [ 127.076829203576679, 37.512978703957764 ], [ 127.07807808848392, 37.513173418016642 ], [ 127.078256005299977, 37.513193435946455 ], [ 127.078792140963017, 37.513230838758702 ], [ 127.079002466909486, 37.513235084095498 ], [ 127.079899941520054, 37.513208841655953 ], [ 127.081893509822194, 37.513149971826032 ], [ 127.081919379468104, 37.51314905020908 ], [ 127.084343772670607, 37.513047887721193 ], [ 127.084358376437649, 37.513047227922968 ], [ 127.085855871461703, 37.512974403506966 ], [ 127.087886379077972, 37.512935279119269 ], [ 127.089287766623613, 37.512968639752998 ], [ 127.091647073614638, 37.513150970760613 ], [ 127.094572355161958, 37.513455340056446 ], [ 127.096386406847941, 37.513753149943923 ], [ 127.099829096879333, 37.514607616768835 ], [ 127.10189064951021, 37.515302814000329 ], [ 127.102113586790651, 37.515413700712926 ], [ 127.102281507312767, 37.515556279551539 ], [ 127.102500863746229, 37.515776054272116 ], [ 127.102763400206868, 37.516052465096863 ], [ 127.103284027641536, 37.516952186417782 ], [ 127.103402715681625, 37.5174496202143 ], [ 127.103369503138069, 37.517967192139999 ], [ 127.103223243964749, 37.518521438725166 ], [ 127.102258618719318, 37.520127391134466 ], [ 127.09748940537861, 37.527813092150218 ], [ 127.093270345472604, 37.534555597469563 ], [ 127.09221267876714, 37.535924048831774 ], [ 127.091933606093178, 37.536220827793819 ], [ 127.091882439868598, 37.536264011229662 ], [ 127.091660677851934, 37.536384314090803 ], [ 127.091216216708375, 37.536570901015878 ], [ 127.09082082246411, 37.536657987693637 ], [ 127.090308520148625, 37.536701384955663 ], [ 127.090140606008788, 37.536695125024053 ], [ 127.089480094298011, 37.536532203730388 ], [ 127.089469027255134, 37.536529506790338 ], [ 127.08771301219214, 37.536106773071971 ], [ 127.086727582272005, 37.535863451865659 ], [ 127.086726106108529, 37.535863149717841 ], [ 127.086724733188959, 37.535862753100282 ], [ 127.086710500276823, 37.535859861053709 ], [ 127.086696535143744, 37.535856043511707 ], [ 127.084943582540461, 37.535452224522558 ] ], [ [ 127.084158857507191, 37.51034784686243 ], [ 127.081754784828348, 37.510448162053201 ], [ 127.080552824161359, 37.510483660039476 ], [ 127.080576407874631, 37.510430685438465 ], [ 127.080587687166712, 37.510401469411264 ], [ 127.08062414378125, 37.510290478867709 ], [ 127.080639447932597, 37.510234241038745 ], [ 127.080910982432755, 37.509236423900646 ], [ 127.08091583016909, 37.509217990331798 ], [ 127.080917079973744, 37.509213067324993 ], [ 127.080921605703011, 37.509194578375201 ], [ 127.081227570894754, 37.50789652434532 ], [ 127.087727488009307, 37.506084652101464 ], [ 127.08776960404677, 37.506072410888805 ], [ 127.08906925653956, 37.505679079640032 ], [ 127.090815384896757, 37.505206442321608 ], [ 127.090829741060972, 37.50520249913874 ], [ 127.090833563288498, 37.505201434027498 ], [ 127.090847873876328, 37.505197388869014 ], [ 127.092445624589644, 37.50473931904714 ], [ 127.092453596792012, 37.504737015434955 ], [ 127.092455721010495, 37.504736396841317 ], [ 127.092463680452497, 37.504734060991467 ], [ 127.09351043265174, 37.504424496664058 ], [ 127.09396730606035, 37.504311281833061 ], [ 127.094496770011546, 37.504212770858153 ], [ 127.09545704732389, 37.504064562620897 ], [ 127.096143740430151, 37.504028306509305 ], [ 127.096942447071612, 37.504016696985538 ], [ 127.097673766185466, 37.504040380053361 ], [ 127.098184046201396, 37.504076581486217 ], [ 127.098505232261587, 37.504108895383325 ], [ 127.099206618469083, 37.504212340528611 ], [ 127.100160202673422, 37.504417492494134 ], [ 127.101367063420412, 37.504796509603025 ], [ 127.104579663962511, 37.505822500487639 ], [ 127.101214579762697, 37.509545056730403 ], [ 127.101190142775977, 37.509572815357608 ], [ 127.099526289442551, 37.511514099397331 ], [ 127.099441992740765, 37.511623214193357 ], [ 127.09940884783029, 37.511671057392533 ], [ 127.097316117508271, 37.511151633110032 ], [ 127.097153768613623, 37.511118246024381 ], [ 127.095196542261533, 37.510796932335786 ], [ 127.095073734260737, 37.510780485889171 ], [ 127.092058835335308, 37.510466793235558 ], [ 127.092002855423502, 37.510461719186836 ], [ 127.089559096416735, 37.510272861793979 ], [ 127.08944587046355, 37.510267145158636 ], [ 127.087941918420768, 37.510231343309016 ], [ 127.087850147367419, 37.51023113541342 ], [ 127.085742593193899, 37.510271744957727 ], [ 127.085711427751832, 37.510273567007467 ], [ 127.085680180700081, 37.510273863060085 ], [ 127.084158857507191, 37.51034784686243 ] ], [ [ 127.070597856603982, 37.509248921500074 ], [ 127.067775713882028, 37.508710005313361 ], [ 127.065709620667988, 37.508259990133922 ], [ 127.065509071199372, 37.508198185450546 ], [ 127.065922346225676, 37.507455020725992 ], [ 127.065976232383619, 37.507345481811505 ], [ 127.066017960651692, 37.50723262564825 ], [ 127.066030524594311, 37.507183099590605 ], [ 127.067923825356658, 37.505001923345489 ], [ 127.070755623290751, 37.503563094557066 ], [ 127.073213925025826, 37.502527737149165 ], [ 127.0755444741567, 37.501948244057083 ], [ 127.080312206555703, 37.500877921704721 ], [ 127.080523709104426, 37.500818153536358 ], [ 127.088977944718309, 37.497914078489018 ], [ 127.089189386201653, 37.497915447644019 ], [ 127.089370070822383, 37.497908937312992 ], [ 127.089548859347687, 37.497887141633001 ], [ 127.089723720568131, 37.497850308223384 ], [ 127.08989266789925, 37.497798855546201 ], [ 127.093364521027169, 37.496568713559462 ], [ 127.095380979445025, 37.495913960575947 ], [ 127.095540113220977, 37.495854453049432 ], [ 127.095690666146837, 37.495782147408697 ], [ 127.096807756587978, 37.49518066557701 ], [ 127.096954094094599, 37.495092318924648 ], [ 127.097087595080268, 37.494991892036104 ], [ 127.097565473801382, 37.494591280196211 ], [ 127.097668950987327, 37.494496012032286 ], [ 127.097760848711047, 37.494393482703629 ], [ 127.097840368980641, 37.494284582575389 ], [ 127.100108501928219, 37.490815905051463 ], [ 127.101487703963471, 37.489374326709502 ], [ 127.102083525008638, 37.488885202446681 ], [ 127.104188797825941, 37.489508587061856 ], [ 127.10849035349473, 37.490901483014198 ], [ 127.108526962173372, 37.490912944351379 ], [ 127.116027409757066, 37.493181247920361 ], [ 127.111083644317745, 37.49866213853835 ], [ 127.106761684387578, 37.503414811878734 ], [ 127.106705414132037, 37.503393917447539 ], [ 127.102709070451738, 37.502117651716986 ], [ 127.102699947363703, 37.502114762352811 ], [ 127.10138785743726, 37.501702699531762 ], [ 127.101207897013438, 37.501655247744637 ], [ 127.100075510986613, 37.501411629722789 ], [ 127.099941987912061, 37.501387461759883 ], [ 127.099109940042581, 37.501264746117855 ], [ 127.099013632911834, 37.501252809504109 ], [ 127.098602519382794, 37.501211448324021 ], [ 127.098540417108467, 37.501206123294452 ], [ 127.097948721537904, 37.50116414599055 ], [ 127.097867110716763, 37.501159932149307 ], [ 127.097039569621501, 37.501133133183103 ], [ 127.097008764418689, 37.501133340770977 ], [ 127.096977906089663, 37.501132027434437 ], [ 127.096959124124325, 37.501132698333599 ], [ 127.09694041031392, 37.501132231903647 ], [ 127.096032395754676, 37.501145116240004 ], [ 127.095950381803348, 37.501147861582332 ], [ 127.095097372307009, 37.501192898829316 ], [ 127.094886816421862, 37.501214619232492 ], [ 127.093772271068261, 37.501386637552621 ], [ 127.093709075766867, 37.50139738916166 ], [ 127.093076384535507, 37.501515106269196 ], [ 127.092958282563274, 37.501540690396936 ], [ 127.092385653162935, 37.501682589702561 ], [ 127.092299089611942, 37.501706096152198 ], [ 127.091211719172591, 37.502027671976244 ], [ 127.089636287304813, 37.502479341586032 ], [ 127.087872227619314, 37.502956830712762 ], [ 127.087815474470034, 37.5029730936769 ], [ 127.086504871963768, 37.503369737705022 ], [ 127.079446836956436, 37.505337091446521 ], [ 127.07927366238367, 37.505394085209765 ], [ 127.079109429361111, 37.505465939780663 ], [ 127.078837777286509, 37.505600852221939 ], [ 127.078689014436577, 37.505683856128783 ], [ 127.078552237215646, 37.505779049276384 ], [ 127.078429012059502, 37.505885341501418 ], [ 127.078196994533499, 37.506108316689563 ], [ 127.078100797566307, 37.50621017994203 ], [ 127.07801706982552, 37.506318807730892 ], [ 127.077946555613977, 37.506433234474265 ], [ 127.077889881789659, 37.506552443039489 ], [ 127.077847552191869, 37.506675373783779 ], [ 127.077755408715078, 37.507002756603484 ], [ 127.077743453045457, 37.507049002887833 ], [ 127.077367489486733, 37.508643711099687 ], [ 127.077164694033684, 37.509388803780496 ], [ 127.077085433012627, 37.509439992381886 ], [ 127.075843803483011, 37.510069695769921 ], [ 127.074200994299687, 37.509813519324524 ], [ 127.070597856603982, 37.509248921500074 ] ], [ [ 127.066220306653051, 37.501699683886905 ], [ 127.066175738047605, 37.50157392841399 ], [ 127.066116139973559, 37.501452188059865 ], [ 127.064969971936819, 37.499408536584433 ], [ 127.064885263491888, 37.499277248395458 ], [ 127.06478309531289, 37.499154100426068 ], [ 127.064664685401979, 37.499040560689998 ], [ 127.058971663325025, 37.49415092050954 ], [ 127.06203673592664, 37.49555528429579 ], [ 127.062056581140723, 37.495563371356361 ], [ 127.062075751875241, 37.495572623465073 ], [ 127.062084984498114, 37.495576144681714 ], [ 127.062093713279609, 37.495580244134409 ], [ 127.062139780635661, 37.495597275664828 ], [ 127.062184995268936, 37.495615700869976 ], [ 127.062205737423355, 37.495622198367883 ], [ 127.062225955974114, 37.495629909457826 ], [ 127.062235579282387, 37.495632693234199 ], [ 127.062244768874237, 37.495636090698142 ], [ 127.066730193975474, 37.497085657006863 ], [ 127.066828814147073, 37.497114724675114 ], [ 127.070674564476093, 37.498141401814436 ], [ 127.071912880999562, 37.498474009590183 ], [ 127.072047573961356, 37.49850530993443 ], [ 127.072185052017005, 37.498527637907131 ], [ 127.073487158901031, 37.498694772140674 ], [ 127.07364936076786, 37.498709256374596 ], [ 127.073812558917879, 37.498711258017437 ], [ 127.073975243526192, 37.498700758550527 ], [ 127.074135909519512, 37.498677855108951 ], [ 127.075015449520791, 37.498517347762146 ], [ 127.075023400700374, 37.498515880675136 ], [ 127.07677376453735, 37.498189367801139 ], [ 127.076925187293085, 37.498155147000851 ], [ 127.077071979002596, 37.498109895201488 ], [ 127.077212876760541, 37.498054001723858 ], [ 127.078427684774724, 37.497514680117234 ], [ 127.078551115588482, 37.497454240201108 ], [ 127.078667625734269, 37.497385631940112 ], [ 127.07927414460724, 37.4969955053392 ], [ 127.079386423107664, 37.49691651534053 ], [ 127.079489521625348, 37.496829944385389 ], [ 127.079582636901094, 37.496736466990846 ], [ 127.079665043468239, 37.496636811482922 ], [ 127.080243228268614, 37.495865526686366 ], [ 127.080352984973302, 37.495691839596141 ], [ 127.080492798151923, 37.495424233938934 ], [ 127.083669461192216, 37.496471845457528 ], [ 127.083677804321255, 37.496474576064017 ], [ 127.084149980445574, 37.496627945122604 ], [ 127.079283407287349, 37.498299534571089 ], [ 127.074601270047523, 37.499350637031782 ], [ 127.074555875327832, 37.49936137359164 ], [ 127.072053497676663, 37.499983589154922 ], [ 127.071906963058865, 37.500026000068409 ], [ 127.07176593194032, 37.500078946122031 ], [ 127.069108280610692, 37.50119825566081 ], [ 127.068988835112677, 37.501253630554537 ], [ 127.066373359900183, 37.502582537860846 ], [ 127.06624942939996, 37.50182827980219 ], [ 127.066220306653051, 37.501699683886905 ] ], [ [ 127.076906707516031, 37.495043054124316 ], [ 127.076648848190231, 37.495208911839548 ], [ 127.075768618656483, 37.49559969228681 ], [ 127.074253735401697, 37.495882276916248 ], [ 127.073700497856123, 37.495983238103946 ], [ 127.072863738900054, 37.495875833968242 ], [ 127.071757247007255, 37.495578634369657 ], [ 127.071755717968216, 37.495578289233201 ], [ 127.071754237665829, 37.495577828551539 ], [ 127.067956972279177, 37.494564100508754 ], [ 127.063627894486984, 37.493165070943263 ], [ 127.059982397137503, 37.49149476402448 ], [ 127.05997561508488, 37.49149167295981 ], [ 127.057353613909058, 37.490302967635451 ], [ 127.057407778626995, 37.490135097854541 ], [ 127.057824706599106, 37.489313242320549 ], [ 127.058209323912095, 37.48889989077766 ], [ 127.058565038571416, 37.488678308458631 ], [ 127.058832989567421, 37.488564974692181 ], [ 127.059152941490325, 37.488496123815999 ], [ 127.059813217257314, 37.488375424001717 ], [ 127.060495882095623, 37.48835928952402 ], [ 127.060784615644479, 37.488410912634201 ], [ 127.061035997579609, 37.488488849742566 ], [ 127.061537410047976, 37.488671665451875 ], [ 127.061858160816627, 37.48887211298247 ], [ 127.062193908533516, 37.489112147818517 ], [ 127.062231620710918, 37.489138320091882 ], [ 127.062542100378749, 37.489347461009572 ], [ 127.062648317012346, 37.489413432290149 ], [ 127.062760765301562, 37.489472483303715 ], [ 127.06285244636031, 37.489516573000763 ], [ 127.063041526558663, 37.489595037388732 ], [ 127.063613949433986, 37.489797238960001 ], [ 127.063665218187367, 37.489814552473632 ], [ 127.064254405928409, 37.490004494062021 ], [ 127.064296132981809, 37.490017437963409 ], [ 127.065438960122165, 37.490358172954267 ], [ 127.065484950398712, 37.490369869396751 ], [ 127.065530295808301, 37.490383068030674 ], [ 127.065531920224899, 37.490383401370082 ], [ 127.065533539470124, 37.490383869757366 ], [ 127.065565871161084, 37.490390449456513 ], [ 127.065597589724888, 37.490398516217731 ], [ 127.065644797367284, 37.490406564331266 ], [ 127.06569154803384, 37.49041615776904 ], [ 127.067191363573585, 37.490662093323174 ], [ 127.068258008017381, 37.490838174797453 ], [ 127.068964286041691, 37.491016866186946 ], [ 127.069366131449669, 37.491147584671104 ], [ 127.069894636214315, 37.491357320778896 ], [ 127.070319354865418, 37.491582674055088 ], [ 127.071654726201274, 37.492447869204938 ], [ 127.071715503249621, 37.492483445969441 ], [ 127.071776106364297, 37.492519600855786 ], [ 127.071776581440616, 37.492519830091247 ], [ 127.071777003728926, 37.492520081686955 ], [ 127.071783142248179, 37.492523039403927 ], [ 127.071788923450399, 37.49252642350784 ], [ 127.07185377600662, 37.492557078236089 ], [ 127.071918543181297, 37.492588329812776 ], [ 127.071919044988888, 37.492588521152641 ], [ 127.071919495536136, 37.492588738238489 ], [ 127.071925968346861, 37.492591202287286 ], [ 127.071932138013068, 37.492594118576648 ], [ 127.072000441876355, 37.492619557847306 ], [ 127.072068748966373, 37.492645603329294 ], [ 127.07206927261791, 37.492645754764851 ], [ 127.072069747139651, 37.492645935403409 ], [ 127.072572670722451, 37.49281375889867 ], [ 127.072592604851735, 37.492820292510011 ], [ 127.073584488571498, 37.493139532794288 ], [ 127.076080202664414, 37.493968837087507 ], [ 127.0760842702703, 37.493970183724535 ], [ 127.077357069501872, 37.494390009553939 ], [ 127.077266887882786, 37.494562605755114 ], [ 127.076906707516031, 37.495043054124316 ] ], [ [ 127.072267522926595, 37.489367655163484 ], [ 127.071686847239675, 37.489059556018788 ], [ 127.071502835374773, 37.488974673969452 ], [ 127.070822397427861, 37.48870464585557 ], [ 127.070707263986677, 37.488663144090843 ], [ 127.070183906851227, 37.488492899382557 ], [ 127.070056079020347, 37.488456005353598 ], [ 127.069201479735938, 37.488239788819783 ], [ 127.069032191577378, 37.488204501227656 ], [ 127.067878681435104, 37.488014080895908 ], [ 127.067876452524189, 37.488013714179793 ], [ 127.066504689492561, 37.487788777688252 ], [ 127.065506328790377, 37.487491116469336 ], [ 127.064963725110815, 37.487316193621602 ], [ 127.064583781928874, 37.487181984436361 ], [ 127.06444145179519, 37.487086111731891 ], [ 127.064082501392534, 37.4868294940133 ], [ 127.063996474697362, 37.486771970875523 ], [ 127.063473272939476, 37.486445010348142 ], [ 127.063308849280759, 37.486354200931082 ], [ 127.06313215561093, 37.486279444454446 ], [ 127.062403075782086, 37.486013623397092 ], [ 127.06231234399219, 37.485983048451502 ], [ 127.061895962135679, 37.485853956187199 ], [ 127.061775477265599, 37.485820698332056 ], [ 127.061652198422621, 37.485794744607603 ], [ 127.061030455435031, 37.485683582284452 ], [ 127.060891156486335, 37.485663499266991 ], [ 127.060750241532091, 37.485652739434983 ], [ 127.060608691471103, 37.485651377686537 ], [ 127.059546010325533, 37.485676494144677 ], [ 127.059491932963283, 37.485679893971657 ], [ 127.059437899990769, 37.4856818073319 ], [ 127.059409515952822, 37.485685054363877 ], [ 127.059380844160515, 37.485686845703341 ], [ 127.059380436181755, 37.485686903660564 ], [ 127.059380023054473, 37.485686929633253 ], [ 127.059326624559404, 37.485694536800835 ], [ 127.059273086518274, 37.485700661301919 ], [ 127.059245238231327, 37.485706109715402 ], [ 127.059216925389322, 37.485710131782099 ], [ 127.058362561087037, 37.485866311899564 ], [ 127.05829957882932, 37.485878840234633 ], [ 127.057763883667704, 37.485994116669985 ], [ 127.057583405243989, 37.48604174528618 ], [ 127.057410746456696, 37.48610516456737 ], [ 127.056842211140378, 37.486345633066662 ], [ 127.056713913882021, 37.486405788407232 ], [ 127.056592726936628, 37.486474673120476 ], [ 127.055938316565985, 37.486882312298739 ], [ 127.055822693619803, 37.486961243249446 ], [ 127.055716415290178, 37.48704811559098 ], [ 127.055620337338169, 37.487142229847642 ], [ 127.054969849278208, 37.487841288219983 ], [ 127.054889312174495, 37.487935959698333 ], [ 127.054819104424126, 37.488035716420143 ], [ 127.054759728471211, 37.488139844532384 ], [ 127.054358263711734, 37.488931157744176 ], [ 127.052407136670382, 37.488033409128974 ], [ 127.052403996405232, 37.488031967754466 ], [ 127.049358578107132, 37.486637511929189 ], [ 127.047657017744044, 37.485813930209268 ], [ 127.047652687411187, 37.485812059550142 ], [ 127.047648592082567, 37.485809878560772 ], [ 127.046374952486488, 37.485201419702733 ], [ 127.04622795227273, 37.485138798980557 ], [ 127.045655974374711, 37.48492322356995 ], [ 127.045516807222398, 37.484876688821657 ], [ 127.045373001425887, 37.484840193144827 ], [ 127.044679395102563, 37.484690888303511 ], [ 127.044670805395384, 37.484689058495476 ], [ 127.044123516461809, 37.484573695294607 ], [ 127.043957299432591, 37.484545669643481 ], [ 127.042682000966181, 37.484383304035887 ], [ 127.042674165017232, 37.484382321315771 ], [ 127.038244701168082, 37.483835180168803 ], [ 127.037095718730754, 37.483670014217829 ], [ 127.037422264825821, 37.483331920335509 ], [ 127.03783501951537, 37.482943207367455 ], [ 127.037873298694493, 37.482905824753892 ], [ 127.038465106523546, 37.482306344405536 ], [ 127.038514811327303, 37.482253378236365 ], [ 127.038842880523035, 37.481885342999902 ], [ 127.038929016598473, 37.481778400793424 ], [ 127.039297219727104, 37.481270199542593 ], [ 127.039397954909091, 37.481106599649841 ], [ 127.039740371120175, 37.480440342946778 ], [ 127.039807716441274, 37.480282042779301 ], [ 127.040044497202686, 37.479586769686541 ], [ 127.040078121186482, 37.479466650973947 ], [ 127.040195512263978, 37.478934288944536 ], [ 127.040213718498492, 37.478826406189 ], [ 127.040319155566195, 37.477929581165256 ], [ 127.040325765037181, 37.477844667959523 ], [ 127.040353339592897, 37.477124044121211 ], [ 127.040354126246299, 37.477080958969253 ], [ 127.04035255932294, 37.476179886782091 ], [ 127.040352354009627, 37.476160643134442 ], [ 127.040338234016531, 37.475440244095118 ], [ 127.040337919781265, 37.475427850242994 ], [ 127.040172113091771, 37.470097706773089 ], [ 127.040148237318746, 37.469310932607968 ], [ 127.040137052672137, 37.468619060688113 ], [ 127.040156194232878, 37.467771007436149 ], [ 127.040206875734754, 37.467153105925441 ], [ 127.040313307428377, 37.466653262595329 ], [ 127.040446140001876, 37.466387374200004 ], [ 127.040811318477296, 37.465903993321589 ], [ 127.042062102959335, 37.464477376996726 ], [ 127.042986409736514, 37.463472332053072 ], [ 127.042996551464284, 37.463461185661416 ], [ 127.044963835526616, 37.461275606513169 ], [ 127.046567269526747, 37.459564552260694 ], [ 127.047806691039426, 37.458294936612077 ], [ 127.047838024731064, 37.458261802045584 ], [ 127.050103438031371, 37.455788004061581 ], [ 127.05013373075532, 37.455753824945944 ], [ 127.052032399551621, 37.453539549682986 ], [ 127.056185570914948, 37.449005731743682 ], [ 127.0561860065514, 37.449005203548154 ], [ 127.056186504451077, 37.449004711568243 ], [ 127.057880271344231, 37.44715187495251 ], [ 127.057953565082897, 37.447064789354172 ], [ 127.059494317866026, 37.445071045452266 ], [ 127.059522738102316, 37.445032879370487 ], [ 127.062434885561274, 37.440971426252595 ], [ 127.062750161599553, 37.440542359791849 ], [ 127.063434549819718, 37.439715456505397 ], [ 127.064600697004181, 37.438524401128269 ], [ 127.074502786471328, 37.43000599985119 ], [ 127.077645036497074, 37.427478732365167 ], [ 127.079687311628732, 37.425993526052522 ], [ 127.089230137793422, 37.419221308162001 ], [ 127.099165229334034, 37.412827582655289 ], [ 127.105157623775867, 37.409606530829066 ], [ 127.109185390089962, 37.40767449850965 ], [ 127.109253373966496, 37.407640106521839 ], [ 127.110691490773419, 37.406873772304692 ], [ 127.11074264730749, 37.406845413443172 ], [ 127.111023238340493, 37.406683685743999 ], [ 127.111151419107799, 37.406601988776181 ], [ 127.111269096852283, 37.40651078777892 ], [ 127.111375168851552, 37.406410937399187 ], [ 127.111581485751742, 37.406196482421421 ], [ 127.111670025751238, 37.406095186719547 ], [ 127.111746610640665, 37.405987869167305 ], [ 127.111810601584608, 37.405875425030423 ], [ 127.11235199160987, 37.404795604614215 ], [ 127.112425545133945, 37.404611839634093 ], [ 127.112691042093431, 37.403737533670508 ], [ 127.112722798580933, 37.403603895032788 ], [ 127.112737562986212, 37.403468387243919 ], [ 127.112803212597527, 37.402029411168307 ], [ 127.112804252953509, 37.401967015086129 ], [ 127.112771317890335, 37.399279879871699 ], [ 127.112824885911095, 37.39612823859494 ], [ 127.119015174766901, 37.396101067893426 ], [ 127.116180254123492, 37.416216183979152 ], [ 127.116170098600051, 37.416335763288558 ], [ 127.116022558189073, 37.421385394355106 ], [ 127.116024286426466, 37.421485573442865 ], [ 127.11658801302022, 37.430324485894424 ], [ 127.117036096394557, 37.437473956699051 ], [ 127.116871341086139, 37.457905257831463 ], [ 127.116385438335939, 37.461401587463349 ], [ 127.115207012039349, 37.465593935185268 ], [ 127.111985957707958, 37.470956963153995 ], [ 127.106791196370338, 37.478816651021887 ], [ 127.103012157256401, 37.484198226212307 ], [ 127.101341198401187, 37.485381925771996 ], [ 127.101339951406146, 37.485382900499211 ], [ 127.101338592777594, 37.485383775361697 ], [ 127.101309894379952, 37.485406300240356 ], [ 127.101279829075551, 37.485427615697397 ], [ 127.101276956362966, 37.485430095096554 ], [ 127.101273806587827, 37.485432350720302 ], [ 127.101260491116093, 37.485443958722016 ], [ 127.101246122572803, 37.485454739868942 ], [ 127.101234726708128, 37.4854651503871 ], [ 127.101222333590172, 37.485474837567629 ], [ 127.101221212489833, 37.485475904999767 ], [ 127.10121996801, 37.485476881767354 ], [ 127.100949534040623, 37.485711057098165 ], [ 127.100562126156007, 37.48560683062653 ], [ 127.100162866156779, 37.485445917845595 ], [ 127.099527047079562, 37.485045942693183 ], [ 127.098066787108223, 37.483985813933771 ], [ 127.096930497136171, 37.482914649829048 ], [ 127.096809784634175, 37.482812170366557 ], [ 127.096676374073752, 37.482720231402773 ], [ 127.096531707254371, 37.482639826513477 ], [ 127.09637734760507, 37.482571824623726 ], [ 127.095204460026096, 37.482116849596594 ], [ 127.095070011771142, 37.482070307217107 ], [ 127.094931024140323, 37.482033186936235 ], [ 127.094788534623618, 37.482005765841059 ], [ 127.09464360684693, 37.481988248618016 ], [ 127.093565002772223, 37.481895648140835 ], [ 127.093489476583557, 37.481890520886466 ], [ 127.091912442236875, 37.48181168115989 ], [ 127.091902518380763, 37.481811208233289 ], [ 127.090074635952291, 37.481728367617862 ], [ 127.089943053087865, 37.481726477370749 ], [ 127.087464158079229, 37.481767487274141 ], [ 127.08729087441418, 37.481777442399817 ], [ 127.087119776732635, 37.481801467450538 ], [ 127.084475802312284, 37.482285084261143 ], [ 127.084302207724974, 37.482324691255208 ], [ 127.084134878280011, 37.48237877630536 ], [ 127.083975709310209, 37.482446726796731 ], [ 127.08337648903715, 37.482736248273994 ], [ 127.083364152599145, 37.48274288951297 ], [ 127.08335118494648, 37.482748717269864 ], [ 127.083335895661776, 37.482757263073076 ], [ 127.083319759760215, 37.482764893176537 ], [ 127.083279641645916, 37.48278838535343 ], [ 127.083238522977553, 37.48281052123933 ], [ 127.083227062772593, 37.482818094088039 ], [ 127.083214874336917, 37.482824906675319 ], [ 127.083200706980932, 37.482834607460411 ], [ 127.0831855904283, 37.482843459311724 ], [ 127.083148560458511, 37.482869967970728 ], [ 127.083110356360407, 37.482895212976288 ], [ 127.083099882754652, 37.482903644507061 ], [ 127.083088590914898, 37.482911376318633 ], [ 127.083075682115634, 37.482922139329254 ], [ 127.083061730304692, 37.482932126987002 ], [ 127.083028144602181, 37.482961395548301 ], [ 127.082993223483669, 37.48298950789043 ], [ 127.082983837343349, 37.482998716906074 ], [ 127.082973550845239, 37.483007293483354 ], [ 127.0824335827932, 37.483504177471936 ], [ 127.082327441670728, 37.483612521161575 ], [ 127.08223565262243, 37.483728892725843 ], [ 127.082159164351566, 37.483852089470261 ], [ 127.082098767440783, 37.48398083815664 ], [ 127.081724308472417, 37.484922453149345 ], [ 127.079867795994716, 37.489080340745332 ], [ 127.078595907512749, 37.491872040744454 ], [ 127.077384352339479, 37.491472417938873 ], [ 127.074881943088499, 37.490640893808084 ], [ 127.074864310690401, 37.490635126915535 ], [ 127.073873610816634, 37.490316269600584 ], [ 127.073606047088717, 37.490226985580833 ], [ 127.072397559985887, 37.489444011045663 ], [ 127.072267522926595, 37.489367655163484 ] ], [ [ 127.043042827341409, 37.650634881029568 ], [ 127.042957812451647, 37.650617155436237 ], [ 127.041721646541021, 37.650386381104667 ], [ 127.041486153755685, 37.650356083342288 ], [ 127.039814763959427, 37.650235851338266 ], [ 127.037791470355444, 37.650080093951658 ], [ 127.037789228293107, 37.650079922525094 ], [ 127.037413460324814, 37.650051390647121 ], [ 127.03618327980854, 37.647835260964719 ], [ 127.036166140753963, 37.647808079490794 ], [ 127.036150843984942, 37.647780211737803 ], [ 127.034334553186525, 37.644869695392771 ], [ 127.033459264057925, 37.643320527318828 ], [ 127.033348369938196, 37.643155766358404 ], [ 127.033013219567977, 37.642731227011105 ], [ 127.032926712588093, 37.642631812696983 ], [ 127.032829383671185, 37.642538940584728 ], [ 127.030827375509745, 37.640793525749366 ], [ 127.027011474746388, 37.637223189327131 ], [ 127.027010339684409, 37.637222227200013 ], [ 127.027009326112903, 37.637221182800204 ], [ 127.025195154434172, 37.635530286195994 ], [ 127.025061792846131, 37.635330725655905 ], [ 127.024945514125591, 37.635122177316084 ], [ 127.024974255406107, 37.6347836836621 ], [ 127.02508265052272, 37.63396109205668 ], [ 127.025255870864726, 37.63321853182849 ], [ 127.025821635923947, 37.631778492472627 ], [ 127.027800851835536, 37.626773354636619 ], [ 127.030343688996453, 37.620570935973305 ], [ 127.030369601357805, 37.620501460607031 ], [ 127.031232999253078, 37.617936225650524 ], [ 127.031372742542928, 37.61762372113764 ], [ 127.031418532965517, 37.61750405377208 ], [ 127.031550604863114, 37.617091221972984 ], [ 127.031584025794416, 37.616959789246167 ], [ 127.031600914570262, 37.61682636945622 ], [ 127.031631751080226, 37.616343372283538 ], [ 127.031841459721122, 37.613392670643229 ], [ 127.032008709505448, 37.611512432543357 ], [ 127.035695060520908, 37.613390161048159 ], [ 127.036306035646874, 37.613864092914859 ], [ 127.036575722699183, 37.614146359993619 ], [ 127.037242906174967, 37.615050356552608 ], [ 127.037333071176263, 37.615159986366223 ], [ 127.038374624209823, 37.616301537545638 ], [ 127.038452051209902, 37.616380120177752 ], [ 127.039115505431667, 37.617004531282213 ], [ 127.039286873400684, 37.617144019461151 ], [ 127.042023958938302, 37.619071726279408 ], [ 127.042727553825543, 37.619624314659198 ], [ 127.043234572711256, 37.620216070535221 ], [ 127.044047110211679, 37.621709057798881 ], [ 127.044100908495665, 37.621798718335178 ], [ 127.044440965944233, 37.622315685283688 ], [ 127.044501286816129, 37.622399893189851 ], [ 127.044879669022592, 37.622886674220965 ], [ 127.04496118339398, 37.622982170320725 ], [ 127.045052641776692, 37.623071788008595 ], [ 127.045153377556531, 37.62315487405273 ], [ 127.045817686010821, 37.62365792013118 ], [ 127.04598147325521, 37.623767184012678 ], [ 127.049286604429156, 37.625703978032128 ], [ 127.057240339997037, 37.630798421110967 ], [ 127.057221147497117, 37.63091916715134 ], [ 127.057125459874996, 37.631900460818571 ], [ 127.057121327224166, 37.632050344173557 ], [ 127.057173116123039, 37.633277603780051 ], [ 127.057138047623582, 37.634988351749705 ], [ 127.057043818798732, 37.635462585513359 ], [ 127.056878764392252, 37.635923513415662 ], [ 127.056510685591562, 37.636482671658079 ], [ 127.055807004062331, 37.637220377579617 ], [ 127.052277431839158, 37.640110504627515 ], [ 127.052179859179546, 37.640197619631742 ], [ 127.052092093438475, 37.64029109906734 ], [ 127.051354934779397, 37.641151303285199 ], [ 127.051286582427409, 37.641237932278919 ], [ 127.051226660155521, 37.641328421926268 ], [ 127.050794042524856, 37.642046338769482 ], [ 127.050775088732308, 37.642078893077027 ], [ 127.050465331119824, 37.642629977750602 ], [ 127.050415426959106, 37.642729090684021 ], [ 127.049817812710799, 37.644066760356203 ], [ 127.049813443474804, 37.644078307546266 ], [ 127.049807922756855, 37.644089538620676 ], [ 127.047964719534747, 37.648460373840727 ], [ 127.046641308368351, 37.651502025038312 ], [ 127.044097789227649, 37.650878368467843 ], [ 127.044070334713027, 37.650871837340055 ], [ 127.043042827341409, 37.650634881029568 ] ], [ [ 127.046221729533343, 37.618912667099458 ], [ 127.04621877132989, 37.618908821956985 ], [ 127.046216267261812, 37.618904777868217 ], [ 127.046181503621241, 37.618860260065787 ], [ 127.046147964829444, 37.618815258436932 ], [ 127.046140906264057, 37.618807610943719 ], [ 127.046134664326701, 37.61879949749909 ], [ 127.045443644224108, 37.617993024140581 ], [ 127.045344582438659, 37.61788864172533 ], [ 127.045233305238128, 37.617792361270773 ], [ 127.044379413108501, 37.617121750465159 ], [ 127.04431192974036, 37.617071557942431 ], [ 127.041632284072492, 37.615184349556209 ], [ 127.04108870628788, 37.614672776821394 ], [ 127.040132447982984, 37.613624752054413 ], [ 127.039455712696878, 37.612707860388312 ], [ 127.039343167959714, 37.612574264995203 ], [ 127.038935902467728, 37.612148017983785 ], [ 127.038918206417833, 37.612131271026577 ], [ 127.038901886409406, 37.612113584932771 ], [ 127.038891901292686, 37.612104733904587 ], [ 127.038882884530594, 37.612095313364208 ], [ 127.038854967290732, 37.612071423522238 ], [ 127.038828583781481, 37.612046454967498 ], [ 127.038808913050104, 37.612031171178209 ], [ 127.038790489433055, 37.612014840024038 ], [ 127.038779458960718, 37.612006808068166 ], [ 127.03876932740414, 37.611998138083727 ], [ 127.037943968176236, 37.611357924513968 ], [ 127.037814376941199, 37.611267147981074 ], [ 127.037673876325528, 37.611187300425769 ], [ 127.032542786740976, 37.608573648360057 ], [ 127.032507959930257, 37.608556375177969 ], [ 127.032323999720276, 37.608467571246557 ], [ 127.03369677973275, 37.603970141553809 ], [ 127.033988412000539, 37.603305909906879 ], [ 127.034035614458347, 37.603178656933316 ], [ 127.034066912184898, 37.603048335710838 ], [ 127.034082003846436, 37.602916201317164 ], [ 127.034080744187236, 37.602783526285478 ], [ 127.034063145425364, 37.602651588348884 ], [ 127.034029377131517, 37.602521658135267 ], [ 127.0339797645928, 37.602394986930641 ], [ 127.033914785676942, 37.602272794629044 ], [ 127.033835066227425, 37.602156257985051 ], [ 127.033741374033866, 37.602046499281975 ], [ 127.033634611435943, 37.601944575524612 ], [ 127.033515806632252, 37.601851468261039 ], [ 127.033386103777374, 37.601768074130995 ], [ 127.033246751963219, 37.6016951962321 ], [ 127.033099093190202, 37.601633536386814 ], [ 127.032944549444281, 37.601583688384771 ], [ 127.032784609004452, 37.601546132265312 ], [ 127.032620812112029, 37.601521229695422 ], [ 127.032454736140267, 37.601509220487323 ], [ 127.032287980406281, 37.601510220289533 ], [ 127.032122150772139, 37.601524219473362 ], [ 127.031958844182839, 37.60155108322558 ], [ 127.031799633290163, 37.601590552846588 ], [ 127.031646051310133, 37.601642248241198 ], [ 127.03149957726022, 37.6017056715786 ], [ 127.031361621717863, 37.601780212085693 ], [ 127.031233513237609, 37.601865151928109 ], [ 127.031116485557845, 37.601959673122181 ], [ 127.031011665719632, 37.602062865411234 ], [ 127.030920063212776, 37.602173735030561 ], [ 127.030842560253319, 37.602291214276661 ], [ 127.030779903285762, 37.602414171788581 ], [ 127.030460806464447, 37.603140886240297 ], [ 127.03041373100838, 37.603267701566566 ], [ 127.029556937671856, 37.606074349545011 ], [ 127.028839066799009, 37.605378729798375 ], [ 127.028792639134139, 37.60533561894723 ], [ 127.027370299550029, 37.604069651678905 ], [ 127.0271644213352, 37.603810211316215 ], [ 127.02673736745173, 37.602939547063244 ], [ 127.026302402670311, 37.602026902751376 ], [ 127.026257832007431, 37.601942181610347 ], [ 127.025940807636715, 37.601392750624171 ], [ 127.025869053967611, 37.601282129975743 ], [ 127.025784816716737, 37.601177229000825 ], [ 127.025688810040648, 37.601078936977807 ], [ 127.025581847859456, 37.600988087155457 ], [ 127.025385642834223, 37.600836108262122 ], [ 127.025216819698002, 37.600721437666344 ], [ 127.024244562734722, 37.600143939225738 ], [ 127.023773812569587, 37.599777156853072 ], [ 127.023674099346849, 37.599680716734603 ], [ 127.023639671453381, 37.599624598044194 ], [ 127.023566675300884, 37.59945663108536 ], [ 127.023472333996708, 37.598610795990616 ], [ 127.023462316139643, 37.598541394675067 ], [ 127.02315115044469, 37.596786863173861 ], [ 127.023124179194312, 37.596671328745863 ], [ 127.023084701373207, 37.596558094199565 ], [ 127.023033015266122, 37.596448014946489 ], [ 127.022734923074736, 37.595888594904089 ], [ 127.022663420309982, 37.595770652316155 ], [ 127.022577913434546, 37.595658766861071 ], [ 127.022479204619401, 37.595553988096952 ], [ 127.021424460219521, 37.594540599659013 ], [ 127.021379081547607, 37.594498769903119 ], [ 127.019533451248748, 37.592866105756983 ], [ 127.019368129833481, 37.592738438989507 ], [ 127.018342582824246, 37.59204747904495 ], [ 127.018533009887321, 37.591144028429241 ], [ 127.0185897201671, 37.59095583741744 ], [ 127.018776712758495, 37.590769764736606 ], [ 127.018853611266991, 37.590686967481354 ], [ 127.018922368920428, 37.590599753886565 ], [ 127.019425612276493, 37.589903899875161 ], [ 127.019498215082294, 37.589791698986467 ], [ 127.019557354169621, 37.589674599893868 ], [ 127.019602514302349, 37.589553622923724 ], [ 127.019633302054231, 37.589429822186808 ], [ 127.019792052311573, 37.588586435138225 ], [ 127.019807885435796, 37.588465268501956 ], [ 127.019850498452257, 37.587886713189889 ], [ 127.019953117122043, 37.587583143869985 ], [ 127.020217718008908, 37.587126663002202 ], [ 127.020344316066783, 37.587175610368128 ], [ 127.020709157671433, 37.587301551713537 ], [ 127.020871118526117, 37.587349823586017 ], [ 127.021545793787155, 37.587520289305154 ], [ 127.021687879567381, 37.587550865266969 ], [ 127.02297571468516, 37.587780859544786 ], [ 127.023188979502294, 37.587807754426223 ], [ 127.023591227686197, 37.587837795687847 ], [ 127.023747092686321, 37.587843708431969 ], [ 127.023902981986609, 37.587838216279614 ], [ 127.024057580522623, 37.587821365561481 ], [ 127.024454581036849, 37.587763203444055 ], [ 127.024486686045506, 37.587758245182613 ], [ 127.025103991423279, 37.587657991948959 ], [ 127.025559824999689, 37.587608470009918 ], [ 127.02718766596513, 37.587612159018057 ], [ 127.028715100417969, 37.587638026085052 ], [ 127.029213822786403, 37.587656767507575 ], [ 127.029221938895276, 37.587656755222447 ], [ 127.029230024514519, 37.587657314660774 ], [ 127.031267162148382, 37.587718344684731 ], [ 127.031936062236369, 37.587748148882874 ], [ 127.031980662045925, 37.587793912982747 ], [ 127.032001916906424, 37.587815274666504 ], [ 127.032958698485047, 37.58875718839797 ], [ 127.032961617581194, 37.588760054079422 ], [ 127.034056088555332, 37.589831486140469 ], [ 127.034335362711474, 37.590108716614942 ], [ 127.034472008257467, 37.590327864658576 ], [ 127.034633158604379, 37.590732656186411 ], [ 127.034646578502091, 37.590806116373521 ], [ 127.034684386243129, 37.591578403638437 ], [ 127.034683690463694, 37.592055901766386 ], [ 127.034662496483946, 37.592275813150607 ], [ 127.034658099052194, 37.592414420268312 ], [ 127.034671564918938, 37.592552656887797 ], [ 127.034702752560847, 37.592689069162311 ], [ 127.034751334068915, 37.592822222424104 ], [ 127.034857564757431, 37.593065938614778 ], [ 127.03491586995176, 37.593182056376655 ], [ 127.034987408116976, 37.593293391162319 ], [ 127.035071567363872, 37.593398990599233 ], [ 127.035344311163385, 37.593708569640285 ], [ 127.035379963633417, 37.593747539979674 ], [ 127.035571566071994, 37.593949312332647 ], [ 127.036413449003277, 37.595638680004974 ], [ 127.036456237326647, 37.59571719187813 ], [ 127.037227349955785, 37.597017683282431 ], [ 127.03785389413575, 37.59836340348167 ], [ 127.038064625276377, 37.598902765909415 ], [ 127.03810595104251, 37.599190964944739 ], [ 127.038129357116588, 37.599308212900787 ], [ 127.038228684808615, 37.599695219951499 ], [ 127.038263486407047, 37.599806506461469 ], [ 127.038310016318761, 37.599915046024449 ], [ 127.038367939814691, 37.60002005770604 ], [ 127.03870106446729, 37.600560464639891 ], [ 127.038747119484583, 37.600629988939353 ], [ 127.039250499951279, 37.60133911283198 ], [ 127.039786244999732, 37.602212475130706 ], [ 127.039799337643672, 37.602231401436036 ], [ 127.039810811111977, 37.602250949304889 ], [ 127.039814325408841, 37.602255666481184 ], [ 127.039817304569482, 37.602260636560487 ], [ 127.039842835878133, 37.602294281007033 ], [ 127.03986665399313, 37.602328711613943 ], [ 127.039882018172932, 37.602346529101951 ], [ 127.039895842129056, 37.602365084685282 ], [ 127.039899918437953, 37.602369502683189 ], [ 127.039903497421179, 37.602374218953408 ], [ 127.040597444468247, 37.603194777295244 ], [ 127.040649135001857, 37.603252565229027 ], [ 127.041026170811023, 37.603651492746728 ], [ 127.041213368031009, 37.603850312458398 ], [ 127.041296359033424, 37.603931682264793 ], [ 127.04138702196127, 37.604007693871566 ], [ 127.042315348831636, 37.60472791094471 ], [ 127.042425774777328, 37.604806410566837 ], [ 127.042544371648063, 37.604876963568771 ], [ 127.043823993011046, 37.605571154485368 ], [ 127.0438550021222, 37.605587583264693 ], [ 127.048183853690119, 37.607826781956767 ], [ 127.055516501102005, 37.611683830369472 ], [ 127.055524800337579, 37.611687743914118 ], [ 127.055532641672585, 37.611692215273067 ], [ 127.05822974096202, 37.613075987308783 ], [ 127.061270968099109, 37.614899099814139 ], [ 127.061459147033148, 37.614997079386796 ], [ 127.062202793483422, 37.615330570612869 ], [ 127.062256524419297, 37.615353664181477 ], [ 127.063118520979842, 37.615708379777629 ], [ 127.063320975554603, 37.61577882402235 ], [ 127.06354089889652, 37.615842144996208 ], [ 127.062472759609776, 37.618379313190694 ], [ 127.060156930278424, 37.623251703364708 ], [ 127.060148389681771, 37.623272738045216 ], [ 127.060138136644611, 37.623293283053854 ], [ 127.058499490567073, 37.627113437715721 ], [ 127.058146806122068, 37.62790726803712 ], [ 127.051390504532066, 37.623579790023321 ], [ 127.051360892444606, 37.62356265622148 ], [ 127.051332511693346, 37.62354425125033 ], [ 127.048084166112758, 37.621640767059553 ], [ 127.047655995613027, 37.621316544068165 ], [ 127.047424802519828, 37.62101913319011 ], [ 127.047141965592914, 37.620589181264862 ], [ 127.046289966674351, 37.619023802768467 ], [ 127.046260861541782, 37.61897679789223 ], [ 127.04623302417896, 37.618929389117199 ], [ 127.046226940373629, 37.618921226020639 ], [ 127.046221729533343, 37.618912667099458 ] ], [ [ 127.044581790266605, 37.602709472280303 ], [ 127.043854299352745, 37.602145082162657 ], [ 127.043745312727637, 37.60202933321704 ], [ 127.043743448625051, 37.602027357213267 ], [ 127.043392271849271, 37.601655804691653 ], [ 127.042788864246674, 37.600942337282149 ], [ 127.042282286027799, 37.600116575899023 ], [ 127.042234773760399, 37.600044688211128 ], [ 127.041730559084527, 37.599334429628364 ], [ 127.041514930416781, 37.598984652803814 ], [ 127.041474042353116, 37.598825369509662 ], [ 127.04142302587428, 37.598469700373329 ], [ 127.041397523229932, 37.598344428836839 ], [ 127.04135737100934, 37.598221611673445 ], [ 127.041085641046777, 37.597526202172652 ], [ 127.041056412394227, 37.597457886875226 ], [ 127.040388641685226, 37.596023749636679 ], [ 127.04033200678542, 37.595916517460203 ], [ 127.039552591094477, 37.594602115971782 ], [ 127.038645543636505, 37.592782134822222 ], [ 127.038582965933315, 37.592671366466178 ], [ 127.038508149163832, 37.592565513301921 ], [ 127.038421697048207, 37.592465429420393 ], [ 127.038109445371177, 37.592136617514157 ], [ 127.038081775375858, 37.592105212020421 ], [ 127.038082552965349, 37.591554381601306 ], [ 127.038081263893076, 37.59150018559167 ], [ 127.038038601166832, 37.590629534819918 ], [ 127.038022210068078, 37.590487669710342 ], [ 127.037997950912313, 37.59035490856801 ], [ 127.03800902336728, 37.59010177966401 ], [ 127.038028031354642, 37.590008950486968 ], [ 127.038032923671338, 37.589997460011617 ], [ 127.039790604681485, 37.587421888053903 ], [ 127.039848306984595, 37.587329013607444 ], [ 127.03989690273302, 37.587232895645016 ], [ 127.040012837682823, 37.586975519221539 ], [ 127.040061045659428, 37.586849470235308 ], [ 127.040093606625106, 37.586720285610667 ], [ 127.040110211419318, 37.586589192255708 ], [ 127.040340958370493, 37.583041235389153 ], [ 127.040341265147688, 37.582906365222691 ], [ 127.040167961431493, 37.580040438583175 ], [ 127.041395637549599, 37.580396052623747 ], [ 127.044299536434963, 37.581325210786851 ], [ 127.045346342131765, 37.581789940906845 ], [ 127.046081719689312, 37.582244837566996 ], [ 127.046100897276716, 37.582256527368457 ], [ 127.046736524616449, 37.582638298107753 ], [ 127.04757422730097, 37.583259468989745 ], [ 127.047890167507532, 37.583506452250276 ], [ 127.048138666469058, 37.583839675671484 ], [ 127.04819968597414, 37.583915611830051 ], [ 127.049956899474182, 37.585949591147866 ], [ 127.05000276976341, 37.586000146161467 ], [ 127.051139678566727, 37.587194128133319 ], [ 127.05125274410517, 37.587300925578553 ], [ 127.052785657008513, 37.588605650253122 ], [ 127.052892638764988, 37.58868901641705 ], [ 127.053008429101681, 37.588764563254458 ], [ 127.056945555808767, 37.591110155584772 ], [ 127.057065846493487, 37.591175604236689 ], [ 127.058734937055974, 37.592002438259833 ], [ 127.059118847781491, 37.592393717694854 ], [ 127.05947017266061, 37.592886709683249 ], [ 127.060066542245224, 37.593779440710449 ], [ 127.062239835396383, 37.597185336033021 ], [ 127.062246746398714, 37.597194964375305 ], [ 127.062252647279706, 37.597205012381565 ], [ 127.062274819406468, 37.597234759397537 ], [ 127.062295205805142, 37.597265297226073 ], [ 127.064537153064336, 37.600258957965835 ], [ 127.065352217546462, 37.601351217023478 ], [ 127.065796120565722, 37.602293425590034 ], [ 127.06604814653727, 37.604206047660121 ], [ 127.066039647154653, 37.608232940815306 ], [ 127.065913408310706, 37.60970159743394 ], [ 127.065778273440813, 37.610501640375013 ], [ 127.065618033788041, 37.61114336174532 ], [ 127.064657536118958, 37.613287982664581 ], [ 127.064581960946612, 37.613266222970886 ], [ 127.06384545047689, 37.612963147817325 ], [ 127.063226595108063, 37.612685622790266 ], [ 127.060225843356775, 37.610886799857326 ], [ 127.060124118912995, 37.610830326899112 ], [ 127.057383008377272, 37.609423993768274 ], [ 127.050053022659938, 37.605568396117114 ], [ 127.050047344214377, 37.605565717844812 ], [ 127.050041992919901, 37.605562642609542 ], [ 127.045723304370981, 37.603328730701577 ], [ 127.044581790266605, 37.602709472280303 ] ], [ [ 127.042704644177377, 37.570703590588337 ], [ 127.042383985177594, 37.570296252785703 ], [ 127.040210657409972, 37.56748138182062 ], [ 127.039907371816739, 37.56648495958067 ], [ 127.039912856493117, 37.565780547304058 ], [ 127.040509392264639, 37.566217947988093 ], [ 127.040928144133517, 37.566529866208846 ], [ 127.040990225535737, 37.566573890322154 ], [ 127.041929257670589, 37.567207657579523 ], [ 127.041936754116819, 37.567212233234855 ], [ 127.041943786714185, 37.567217356807753 ], [ 127.041944198786055, 37.567217602561641 ], [ 127.041944521407245, 37.567217837341182 ], [ 127.044105466754189, 37.568641899989068 ], [ 127.045177374864295, 37.569363055974414 ], [ 127.045245424232036, 37.569406502603641 ], [ 127.045264505538057, 37.569418056971116 ], [ 127.044999117186677, 37.569652193967457 ], [ 127.043906460874496, 37.570192263274436 ], [ 127.042704644177377, 37.570703590588337 ] ], [ [ 127.042815723156451, 37.564232681384404 ], [ 127.04212507228344, 37.563726283061506 ], [ 127.041400683455805, 37.563181228204208 ], [ 127.041387948924921, 37.563171744264167 ], [ 127.040604334246638, 37.562594123093362 ], [ 127.041805993991659, 37.562498177867077 ], [ 127.041968310124517, 37.562478873120362 ], [ 127.042127527697986, 37.562447187136691 ], [ 127.042282159952407, 37.562403415797178 ], [ 127.042430762952151, 37.562347967834675 ], [ 127.042571949070492, 37.562281361016467 ], [ 127.042704399948661, 37.562204217308675 ], [ 127.043300108752277, 37.561820742772703 ], [ 127.043435445329663, 37.561723614692262 ], [ 127.043556931078555, 37.561615503441629 ], [ 127.043663167624388, 37.561497653501377 ], [ 127.044239147805754, 37.560780371419533 ], [ 127.044326812542181, 37.560657486082889 ], [ 127.044397885069259, 37.560527987483461 ], [ 127.044451588955624, 37.560393290486857 ], [ 127.044487337545206, 37.560254866747393 ], [ 127.044764778313422, 37.558798183551076 ], [ 127.044768087785755, 37.558779971681552 ], [ 127.045306105516858, 37.55566993808889 ], [ 127.045308272865412, 37.555650329561338 ], [ 127.045312134957598, 37.555630886879072 ], [ 127.045927173549757, 37.551104140997246 ], [ 127.045927926049728, 37.551098491162584 ], [ 127.046102311020832, 37.549762403713679 ], [ 127.046103201039926, 37.549755407589316 ], [ 127.046182214012603, 37.549117774175926 ], [ 127.046551244271342, 37.548994020073081 ], [ 127.046580028126769, 37.548984117245432 ], [ 127.047695897226802, 37.548590431131665 ], [ 127.049266913282679, 37.548089344869432 ], [ 127.049267686975696, 37.548091453250876 ], [ 127.049587740388205, 37.548815326066482 ], [ 127.051174862361265, 37.552766520016789 ], [ 127.051559767422361, 37.553987074652561 ], [ 127.051644083686199, 37.554358291576584 ], [ 127.051554814645243, 37.555489485490291 ], [ 127.051387348480446, 37.557105126522352 ], [ 127.051258193114606, 37.557653797815867 ], [ 127.050914392457486, 37.558323733215673 ], [ 127.050890637474325, 37.558372718115223 ], [ 127.050218091283995, 37.559843953169022 ], [ 127.049287930848749, 37.561760387818659 ], [ 127.046861942614314, 37.566233564191343 ], [ 127.046810152535144, 37.566341508292787 ], [ 127.046770130470208, 37.566452578217152 ], [ 127.046659026739817, 37.566819395150752 ], [ 127.046291718495198, 37.566572280508375 ], [ 127.046278420454854, 37.566563426127644 ], [ 127.044118485103098, 37.565140056704628 ], [ 127.043218771742573, 37.564532838621624 ], [ 127.042825509374566, 37.5642399135575 ], [ 127.042815723156451, 37.564232681384404 ] ], [ [ 127.046569057252185, 37.544926993699455 ], [ 127.046583232364981, 37.544818291618078 ], [ 127.046591265025583, 37.544726134005785 ], [ 127.046595239580142, 37.544636061076844 ], [ 127.046596098947987, 37.544568484896352 ], [ 127.046594415902035, 37.5444783663553 ], [ 127.046580220770664, 37.544322867607754 ], [ 127.046579604365562, 37.544319120729874 ], [ 127.052250811955361, 37.532429656438111 ], [ 127.058042802318226, 37.521875524353163 ], [ 127.058779357780253, 37.522147332785316 ], [ 127.058812368067265, 37.522159175388403 ], [ 127.060395591799647, 37.522711050428029 ], [ 127.060839246370904, 37.523071365119527 ], [ 127.061329741755046, 37.523685222613238 ], [ 127.061887783139085, 37.524894479831566 ], [ 127.061888475125116, 37.52489597658947 ], [ 127.06351917655725, 37.528416583348466 ], [ 127.065091692295425, 37.531980576126159 ], [ 127.065102100759745, 37.532000914368524 ], [ 127.065110810035335, 37.532021752945326 ], [ 127.067234134863114, 37.536376116167418 ], [ 127.068496666423925, 37.53915324072846 ], [ 127.062493373324216, 37.541162622020344 ], [ 127.055783189780414, 37.543218644612907 ], [ 127.051271020399255, 37.544537738870069 ], [ 127.051224721242932, 37.544551887152849 ], [ 127.046439000183767, 37.546078405856782 ], [ 127.046496555552579, 37.545627208725762 ], [ 127.04649955523422, 37.545601195540073 ], [ 127.046569057252185, 37.544926993699455 ] ], [ [ 127.036978138807569, 37.499378117142854 ], [ 127.036972790449539, 37.49937624871874 ], [ 127.029909603713861, 37.497231143993453 ], [ 127.029954211099735, 37.496944781308386 ], [ 127.033238477429336, 37.490113456945814 ], [ 127.033249652378231, 37.490089537049641 ], [ 127.03439700447241, 37.487560796305068 ], [ 127.034593516611366, 37.487153811697652 ], [ 127.040990336551673, 37.48875557701956 ], [ 127.047294197183575, 37.491179676153997 ], [ 127.052305743668072, 37.49372565555251 ], [ 127.051312110266068, 37.495812700797387 ], [ 127.051310479695459, 37.495816708395793 ], [ 127.051308394173262, 37.495820579774183 ], [ 127.049317090561829, 37.500082583880776 ], [ 127.048037582083779, 37.502779797055993 ], [ 127.042768390820541, 37.501172398318367 ], [ 127.036983678701688, 37.499379589283599 ], [ 127.036978138807569, 37.499378117142854 ] ], [ [ 127.027212982465841, 37.584908202955496 ], [ 127.025451657051974, 37.584904211114271 ], [ 127.025216993713343, 37.584916631608529 ], [ 127.024589118284766, 37.584984844553702 ], [ 127.024479196896607, 37.58499972493366 ], [ 127.023823280786459, 37.585106248996958 ], [ 127.02367411229983, 37.585128102926461 ], [ 127.023614182839324, 37.585123627172159 ], [ 127.022503817008584, 37.584925327479276 ], [ 127.021981893943675, 37.584793457212946 ], [ 127.021763527373665, 37.584718078738454 ], [ 127.021609378933718, 37.584651819267904 ], [ 127.024599602694479, 37.579069204649926 ], [ 127.024650367642408, 37.578962052551127 ], [ 127.024689556828207, 37.578851865767781 ], [ 127.024821869070607, 37.578409072967553 ], [ 127.024856424713789, 37.578253565405539 ], [ 127.024867960744885, 37.578095911777638 ], [ 127.024867780909602, 37.577555148707205 ], [ 127.025172434235188, 37.577646208287547 ], [ 127.025178990524552, 37.577648155669188 ], [ 127.026182991390854, 37.577944489841229 ], [ 127.027580622474233, 37.578356553065227 ], [ 127.027598342855555, 37.578361688580948 ], [ 127.028899392822538, 37.578732238020052 ], [ 127.028916399908042, 37.578737000783164 ], [ 127.02989893870496, 37.579007496775198 ], [ 127.030963922865496, 37.579305674121862 ], [ 127.031165856467126, 37.579351270026145 ], [ 127.031615587729064, 37.579429291150937 ], [ 127.031738833277046, 37.579446912811051 ], [ 127.031863375013913, 37.579457261363714 ], [ 127.032645792916213, 37.579499145241613 ], [ 127.032755181529311, 37.579502187848476 ], [ 127.034372279883769, 37.57950566839169 ], [ 127.03674328538429, 37.579657464080988 ], [ 127.036943374796905, 37.582968856636406 ], [ 127.036730479429409, 37.586240052844822 ], [ 127.035943845749202, 37.587392680773206 ], [ 127.035599793458999, 37.587055878164129 ], [ 127.034655219820849, 37.58612601527917 ], [ 127.034239206551007, 37.585699154661704 ], [ 127.034158467086556, 37.585622359281821 ], [ 127.034106435001348, 37.585576437047195 ], [ 127.033996031615189, 37.585487617229461 ], [ 127.033875797379025, 37.585407286462207 ], [ 127.033746758934356, 37.58533613064391 ], [ 127.033668207589415, 37.585296961476544 ], [ 127.033511924561338, 37.585227865760203 ], [ 127.033347382904452, 37.585172222075201 ], [ 127.033176404667188, 37.585130646584801 ], [ 127.033000883161577, 37.585103599668834 ], [ 127.03282609124652, 37.585084191986397 ], [ 127.032686279481823, 37.585073334584742 ], [ 127.031441590820592, 37.585017878133634 ], [ 127.031410503558462, 37.585016720083146 ], [ 127.029365991329684, 37.58495546980545 ], [ 127.028853390519984, 37.584936206899457 ], [ 127.028809380311216, 37.584935007624367 ], [ 127.027244319440115, 37.584908503769093 ], [ 127.027212982465841, 37.584908202955496 ] ], [ [ 127.032216580280135, 37.576766052400437 ], [ 127.031992192183409, 37.576727124765725 ], [ 127.031022220464351, 37.57645555002798 ], [ 127.031013793127812, 37.576453210263963 ], [ 127.030035585332769, 37.576183907913091 ], [ 127.029003361561394, 37.575889925129552 ], [ 127.033199952844981, 37.576673351542034 ], [ 127.03360386910164, 37.576799999756808 ], [ 127.032819152278151, 37.576798308567412 ], [ 127.032216580280135, 37.576766052400437 ] ], [ [ 127.040996419257624, 37.574667803028547 ], [ 127.041129126518825, 37.57462303827171 ], [ 127.041256587933105, 37.574569480382635 ], [ 127.041377885800131, 37.574507514973483 ], [ 127.041471234013713, 37.574455248130711 ], [ 127.041508288170306, 37.574503156807097 ], [ 127.041523984689917, 37.574523061772581 ], [ 127.043516279427251, 37.577001316075098 ], [ 127.03991078362975, 37.575871099203752 ], [ 127.03985748676925, 37.575018607761145 ], [ 127.040413583040646, 37.574841577178226 ], [ 127.040996419257624, 37.574667803028547 ] ], [ [ 127.017764640056228, 37.568083478307564 ], [ 127.017766522401274, 37.568048570386146 ], [ 127.017795027351852, 37.567291808568925 ], [ 127.019789724464275, 37.567037052796522 ], [ 127.020317633068387, 37.567053792952642 ], [ 127.020545962896961, 37.567048797413072 ], [ 127.02115641562547, 37.567002606382289 ], [ 127.021265692856204, 37.566991480609758 ], [ 127.021769200971804, 37.566926943257556 ], [ 127.021924330038644, 37.566901097197928 ], [ 127.023294139887113, 37.566619179483965 ], [ 127.02399314498615, 37.566511396719569 ], [ 127.024794864814481, 37.566454129115677 ], [ 127.026836105646495, 37.566326897968082 ], [ 127.027030912791915, 37.566305666592676 ], [ 127.028023037085703, 37.566150512920494 ], [ 127.02816392588511, 37.566123463229239 ], [ 127.029189968480409, 37.565889173899457 ], [ 127.029363615499705, 37.565841288842286 ], [ 127.029975208635364, 37.565642526347069 ], [ 127.029975297600672, 37.565642493291762 ], [ 127.029975325992368, 37.565642485332596 ], [ 127.029977761393468, 37.565641580276157 ], [ 127.029980359847386, 37.565640844383246 ], [ 127.030053246739186, 37.565613531033513 ], [ 127.030126245666835, 37.565586407974997 ], [ 127.030126328994371, 37.565586368674602 ], [ 127.030126357759855, 37.565586357984557 ], [ 127.030128671171425, 37.565585266707032 ], [ 127.030131164957425, 37.565584332191918 ], [ 127.032336497818605, 37.564650030779639 ], [ 127.03239530601185, 37.564623911597629 ], [ 127.033454360082757, 37.56413136757714 ], [ 127.03355597383819, 37.564080183822909 ], [ 127.034485151368585, 37.563574609216268 ], [ 127.034851359024785, 37.566187255266286 ], [ 127.034872239162283, 37.566295916715418 ], [ 127.035076634628524, 37.567130874851308 ], [ 127.03508516142297, 37.567163552684875 ], [ 127.035994938572927, 37.570445985720532 ], [ 127.036211713126661, 37.571303523532606 ], [ 127.036256404069789, 37.571825021860413 ], [ 127.036313561792042, 37.572740007158707 ], [ 127.032455241117219, 37.572653354714369 ], [ 127.028573736071053, 37.572548963444881 ], [ 127.028512652215028, 37.572548194502744 ], [ 127.027776446559955, 37.57254946308506 ], [ 127.027743276658654, 37.572549777943863 ], [ 127.027235153284465, 37.572558550311392 ], [ 127.027094436201367, 37.572565638174474 ], [ 127.026714431020324, 37.572597425598076 ], [ 127.026569313190961, 37.572614635583555 ], [ 127.026454116570932, 37.572636521351718 ], [ 127.017518308272642, 37.570967544920926 ], [ 127.0176796831106, 37.569288612623659 ], [ 127.017681986809151, 37.569260906776556 ], [ 127.017764640056228, 37.568083478307564 ] ], [ [ 127.024520100333746, 37.563758966875838 ], [ 127.024500860609919, 37.563760253552637 ], [ 127.023603331267125, 37.563824364857865 ], [ 127.023432118849669, 37.563843628765405 ], [ 127.022596706670541, 37.563972444980763 ], [ 127.022494535628951, 37.563990817688975 ], [ 127.021150844890514, 37.564267360528611 ], [ 127.020780084391717, 37.564314882933807 ], [ 127.020338466239934, 37.56434829901265 ], [ 127.019767630570513, 37.564330197101647 ], [ 127.018568828129546, 37.564278586262894 ], [ 127.017730622450728, 37.564181980191378 ], [ 127.017728317923343, 37.564168335586281 ], [ 127.017704075212251, 37.56405900719605 ], [ 127.017655116350596, 37.563881207192082 ], [ 127.017620917453456, 37.56377703364744 ], [ 127.017563462357074, 37.563626757501346 ], [ 127.017541221086262, 37.563572694910363 ], [ 127.017455001255911, 37.563377127416942 ], [ 127.0174044025093, 37.56327566536681 ], [ 127.017132067374931, 37.562787963611406 ], [ 127.01711753693705, 37.56276264743277 ], [ 127.016442458918718, 37.561617774287051 ], [ 127.01643838301608, 37.56161091194528 ], [ 127.016008644307334, 37.560892605143238 ], [ 127.016094218571695, 37.560859171205301 ], [ 127.016120387156079, 37.560848723352983 ], [ 127.016317671827963, 37.560768255359612 ], [ 127.016460245154491, 37.560702979133609 ], [ 127.016594218123558, 37.560627030465525 ], [ 127.016718334274884, 37.560541121651859 ], [ 127.01683142960357, 37.560446058399499 ], [ 127.01696974164885, 37.560317900860227 ], [ 127.017061979676072, 37.56022441483681 ], [ 127.017328239805664, 37.559928652592561 ], [ 127.017360152661979, 37.559891938003595 ], [ 127.017742838347516, 37.559435750460864 ], [ 127.018284095746679, 37.558797745932218 ], [ 127.01838910786249, 37.558656083186968 ], [ 127.018835870404757, 37.557959802717313 ], [ 127.019771863024118, 37.55651224930962 ], [ 127.020103618721919, 37.556176918934177 ], [ 127.020383050148169, 37.555959495191949 ], [ 127.020566902553313, 37.555867677431529 ], [ 127.020685886834443, 37.555828906681498 ], [ 127.02072753433157, 37.555820610928201 ], [ 127.02126332642159, 37.555788734087599 ], [ 127.021472996682235, 37.555804690804074 ], [ 127.021550914970206, 37.555818885290861 ], [ 127.021830273984733, 37.555912312958 ], [ 127.021869794317837, 37.555925067568715 ], [ 127.023521637145521, 37.556439031768711 ], [ 127.025148589787847, 37.556954788382775 ], [ 127.025161850229864, 37.556958940699943 ], [ 127.025843589893924, 37.557169790222474 ], [ 127.02860626007876, 37.558503723438193 ], [ 127.029302424798217, 37.558845598087487 ], [ 127.029516510323589, 37.558934662247111 ], [ 127.030285649996216, 37.559201055876272 ], [ 127.030471372772652, 37.55930285129827 ], [ 127.030920582606413, 37.559576369393568 ], [ 127.032126528901202, 37.560415800260834 ], [ 127.032140600564603, 37.56042548728788 ], [ 127.033079027779351, 37.561064379961863 ], [ 127.031688852140334, 37.561820784739041 ], [ 127.0307108429691, 37.562275631911845 ], [ 127.028611410390624, 37.563165061637385 ], [ 127.028164857717101, 37.563310186789188 ], [ 127.027297014905798, 37.563508352015759 ], [ 127.026472719109378, 37.563637259958959 ], [ 127.024520100333746, 37.563758966875838 ] ], [ [ 127.011352799080697, 37.568641456236925 ], [ 127.011305880937826, 37.568464180227295 ], [ 127.011212097502366, 37.568199277395607 ], [ 127.011189340736621, 37.568140203342821 ], [ 127.010996639467777, 37.567677932732011 ], [ 127.01099606693117, 37.56767656171759 ], [ 127.010549682033968, 37.566609523249085 ], [ 127.011232591312009, 37.566372033053106 ], [ 127.011611556054774, 37.566265720141836 ], [ 127.01173927853506, 37.566243221697484 ], [ 127.01195539113678, 37.566244208423072 ], [ 127.012693510273564, 37.566333498614561 ], [ 127.012705217844001, 37.566334881636386 ], [ 127.014425087952773, 37.566533165184367 ], [ 127.014371655519597, 37.567950020761288 ], [ 127.014291148173783, 37.569096139968472 ], [ 127.014171322142019, 37.570342221968758 ], [ 127.011402845597473, 37.569824903413412 ], [ 127.011420081464749, 37.569643391769645 ], [ 127.011424818791454, 37.569555697372081 ], [ 127.011429723961839, 37.569184057900678 ], [ 127.011426226608521, 37.569081985708955 ], [ 127.011413061165001, 37.568980414723562 ], [ 127.011352799080697, 37.568641456236925 ] ], [ [ 127.01336956315285, 37.56277012460977 ], [ 127.013944690969083, 37.563745561460927 ], [ 127.013198010578861, 37.563659473850464 ], [ 127.012343742815503, 37.563556132946196 ], [ 127.012098294140998, 37.563540807866019 ], [ 127.01156815703213, 37.563538387351819 ], [ 127.011378676895688, 37.563545956590346 ], [ 127.011191439266909, 37.563570300427621 ], [ 127.010777114831996, 37.563643284276338 ], [ 127.010579542041896, 37.563688220177241 ], [ 127.010044967529453, 37.563838186773658 ], [ 127.009929539448933, 37.563874392453314 ], [ 127.00983010712936, 37.563908971510536 ], [ 127.010682668717024, 37.563260191890294 ], [ 127.010697091062326, 37.563249086130625 ], [ 127.011763566886501, 37.562418080712504 ], [ 127.011924451790406, 37.562330489008261 ], [ 127.012356289083755, 37.562197623771837 ], [ 127.012407214529802, 37.562181196603831 ], [ 127.012854945106938, 37.562030012188643 ], [ 127.012916072112915, 37.562012063286041 ], [ 127.01336956315285, 37.56277012460977 ] ], [ [ 127.021470401554183, 37.577937844508227 ], [ 127.021417607057955, 37.578114499067169 ], [ 127.018584549448548, 37.583403287907259 ], [ 127.018436255589378, 37.583292808586251 ], [ 127.018084270885694, 37.582990010264091 ], [ 127.017670975918278, 37.582531720348648 ], [ 127.017391026211456, 37.582127483676878 ], [ 127.017107014517421, 37.581578391393542 ], [ 127.016954916615688, 37.581082461620959 ], [ 127.016938908724768, 37.580469373509132 ], [ 127.016987672062001, 37.579556488439351 ], [ 127.017120539338009, 37.578053633007457 ], [ 127.017123457191587, 37.578011042450136 ], [ 127.017174900935146, 37.576953492477053 ], [ 127.01725869433362, 37.576371220369786 ], [ 127.01737809254422, 37.575597765511972 ], [ 127.017387512263412, 37.575516590324618 ], [ 127.017408782879869, 37.575243638425874 ], [ 127.017411467055908, 37.57512480636283 ], [ 127.017404977053417, 37.574926117675005 ], [ 127.017522164467351, 37.574957854363369 ], [ 127.020308095547591, 37.575971271116799 ], [ 127.020312179989673, 37.575972751626352 ], [ 127.021495902476431, 37.576400311627474 ], [ 127.021470567949081, 37.577502265243844 ], [ 127.021470283676109, 37.577527309253419 ], [ 127.021470401554183, 37.577937844508227 ] ], [ [ 127.039678343584157, 37.572153053468305 ], [ 127.039677256349535, 37.572135661565468 ], [ 127.039686970989209, 37.572148222910535 ], [ 127.039678343584157, 37.572153053468305 ] ], [ [ 127.059916082109638, 37.560763879281353 ], [ 127.059813063377646, 37.560781935924638 ], [ 127.058909164626655, 37.560963964894754 ], [ 127.058893899388437, 37.560967099052114 ], [ 127.05866834489359, 37.561014297989608 ], [ 127.058478165130026, 37.561063795312378 ], [ 127.058296617299902, 37.561130753745118 ], [ 127.057483398352858, 37.561478383281319 ], [ 127.057352372921514, 37.561540583071363 ], [ 127.057228887054677, 37.561611891215229 ], [ 127.05711393703568, 37.56169173241166 ], [ 127.054346266643648, 37.563795563522262 ], [ 127.051433741177846, 37.565961346099748 ], [ 127.050225593384368, 37.566853805688055 ], [ 127.052419628367062, 37.562807980497695 ], [ 127.052422612819072, 37.562801638297991 ], [ 127.052426308190363, 37.562795494525503 ], [ 127.05243466757419, 37.562777172205067 ], [ 127.05244457856746, 37.562759398763681 ], [ 127.053392577022194, 37.560806042801005 ], [ 127.053404316686368, 37.560781125697517 ], [ 127.054071245542332, 37.559322044203277 ], [ 127.054467830538698, 37.558549187771902 ], [ 127.054524717956113, 37.558419997949379 ], [ 127.054564902966163, 37.558286890675973 ], [ 127.054741933452959, 37.557534697133796 ], [ 127.054765231677294, 37.557396857052531 ], [ 127.054941182896499, 37.555698616653601 ], [ 127.054943592436203, 37.555672204903559 ], [ 127.055046773740415, 37.554363965100606 ], [ 127.055047244851025, 37.554200713978219 ], [ 127.055022997991571, 37.554038607733851 ], [ 127.054891826993355, 37.553461219297738 ], [ 127.05486780635141, 37.553372572713648 ], [ 127.054455825127476, 37.552066340720117 ], [ 127.054426231955944, 37.551983719281893 ], [ 127.052815017713925, 37.547972980275055 ], [ 127.052799358354434, 37.54793585931354 ], [ 127.052563651488242, 37.547402808585993 ], [ 127.052562824406124, 37.547352926098945 ], [ 127.05257473258682, 37.547290723767695 ], [ 127.052782395096258, 37.547136280407265 ], [ 127.053007413968515, 37.546977237850548 ], [ 127.056991647723748, 37.545809003547191 ], [ 127.057019099977182, 37.545799711620134 ], [ 127.057047233039285, 37.545791815526272 ], [ 127.057078010486123, 37.545780366110407 ], [ 127.057109571943428, 37.545770360921416 ], [ 127.057126974453837, 37.545763198621579 ], [ 127.057145002951316, 37.545757096381806 ], [ 127.057171179116239, 37.54574570668683 ], [ 127.057198204643356, 37.545735652969817 ], [ 127.057227424390305, 37.545721856660371 ], [ 127.057257602161542, 37.545709436435146 ], [ 127.057274039149362, 37.545700950445017 ], [ 127.057291229606903, 37.545693470555165 ], [ 127.057315877583505, 37.545680092786277 ], [ 127.057341535295507, 37.545667978273578 ], [ 127.057368915931264, 37.545651967942533 ], [ 127.057397419378191, 37.545637252300288 ], [ 127.057412732541621, 37.54562752434822 ], [ 127.057428919400493, 37.545618738847061 ], [ 127.05744841823541, 37.545605754909204 ], [ 127.063737259339447, 37.543678809504868 ], [ 127.063785325805625, 37.543663405446715 ], [ 127.069290064913233, 37.541820905347571 ], [ 127.069768972819674, 37.541919983825302 ], [ 127.071611370949839, 37.545787211658514 ], [ 127.071613380197633, 37.5457914078466 ], [ 127.07244807263649, 37.547525908046893 ], [ 127.072508298929222, 37.547636123540244 ], [ 127.073074123867997, 37.548557326500443 ], [ 127.074217183252941, 37.550525322730678 ], [ 127.076417383019788, 37.554906082190399 ], [ 127.076434111621822, 37.554938184791546 ], [ 127.077286065161644, 37.556515476189531 ], [ 127.076271271919993, 37.556907499269158 ], [ 127.076237675136795, 37.556920845041667 ], [ 127.073448587699914, 37.558059541451868 ], [ 127.070178444733273, 37.559316530282821 ], [ 127.069515034455961, 37.559427599189313 ], [ 127.067972087434086, 37.55964029616316 ], [ 127.063307621041247, 37.560265900337903 ], [ 127.063297234473481, 37.560267714394328 ], [ 127.063286691022654, 37.560268814357165 ], [ 127.061564527351038, 37.560517420140279 ], [ 127.061554007207164, 37.56051896596945 ], [ 127.059916082109638, 37.560763879281353 ] ], [ [ 127.064121333343195, 37.510794052151404 ], [ 127.064125614783038, 37.510786701865634 ], [ 127.06412804353225, 37.510781166803106 ], [ 127.064131078247968, 37.510775836503022 ], [ 127.064175430639779, 37.51068652391988 ], [ 127.064565886794213, 37.510806854137719 ], [ 127.064730599891547, 37.510850048183102 ], [ 127.066906366453068, 37.511323953428274 ], [ 127.066958304348461, 37.511334566039537 ], [ 127.069840467557967, 37.51188494515867 ], [ 127.069908478555902, 37.511896762305327 ], [ 127.071228968596813, 37.512103692653163 ], [ 127.069848681397062, 37.512695053991642 ], [ 127.069792936636105, 37.512720026229836 ], [ 127.066886650112536, 37.514079944060725 ], [ 127.066826707593421, 37.514080424738822 ], [ 127.06618782562019, 37.513885662871161 ], [ 127.066060514780389, 37.513851389371993 ], [ 127.065930199117304, 37.5138252461959 ], [ 127.062751395345458, 37.51329311382478 ], [ 127.064108093083277, 37.51081983820351 ], [ 127.064112497874675, 37.510810596496015 ], [ 127.064117862179174, 37.510801668774398 ], [ 127.064121333343195, 37.510794052151404 ] ], [ [ 127.062916220321029, 37.50237500629823 ], [ 127.063102826858909, 37.503511018403088 ], [ 127.063068835492146, 37.504798230740029 ], [ 127.062781813438534, 37.506252850511608 ], [ 127.06212911667842, 37.507146320832526 ], [ 127.058944194337798, 37.506144629397838 ], [ 127.054272485126177, 37.504675749066493 ], [ 127.054254049237386, 37.504670050643938 ], [ 127.051208244181026, 37.503744788274368 ], [ 127.052493434815304, 37.501035356743621 ], [ 127.052496394991408, 37.501029068687075 ], [ 127.054487171738216, 37.496767807827922 ], [ 127.055228606781924, 37.495210358635674 ], [ 127.056078807325051, 37.495642203528853 ], [ 127.061985687881588, 37.500715717562535 ], [ 127.062916220321029, 37.50237500629823 ] ], [ [ 127.064049888961634, 37.593882809632824 ], [ 127.065435386476551, 37.594167931397614 ], [ 127.074393618856021, 37.59611876239974 ], [ 127.068241687411145, 37.599742106551027 ], [ 127.067619025316972, 37.59884461576344 ], [ 127.067577790089473, 37.598788419805977 ], [ 127.065322422575832, 37.595877834434624 ], [ 127.064049888961634, 37.593882809632824 ] ], [ [ 127.065537064071478, 37.645955121739625 ], [ 127.065550556578003, 37.6459249670093 ], [ 127.06556595879033, 37.645895396424891 ], [ 127.069051996558386, 37.638146476433548 ], [ 127.069343913990082, 37.638319274553524 ], [ 127.069409520681347, 37.638356225305955 ], [ 127.070036947074044, 37.63869217110922 ], [ 127.070219201911314, 37.638777169257921 ], [ 127.070828087571059, 37.639022045789609 ], [ 127.070964073160781, 37.639070899295575 ], [ 127.071104921878458, 37.639110082528283 ], [ 127.071619152612399, 37.639233280809485 ], [ 127.071805536182438, 37.639268956999288 ], [ 127.071995785671291, 37.639287720103781 ], [ 127.072838449957203, 37.639332668214649 ], [ 127.07347240590893, 37.639410097836475 ], [ 127.073960367697069, 37.639563974200698 ], [ 127.074224827982604, 37.639720754767438 ], [ 127.074395872799556, 37.639889720905764 ], [ 127.074470865553678, 37.63998509855746 ], [ 127.074520087082206, 37.640095391779184 ], [ 127.074540086839846, 37.640210444087735 ], [ 127.075039198961562, 37.65073091202391 ], [ 127.075043321331293, 37.650768580420291 ], [ 127.075045440295639, 37.650806367274107 ], [ 127.075048609249464, 37.650823900048401 ], [ 127.075050182813584, 37.650841557593424 ], [ 127.075132907100397, 37.651387839622167 ], [ 127.075162545335075, 37.651524262029646 ], [ 127.075218646012317, 37.651721624948514 ], [ 127.075264624163253, 37.651852429846222 ], [ 127.07532687658545, 37.651978906980474 ], [ 127.075404775119935, 37.65209977996723 ], [ 127.075497533699121, 37.65221382897245 ], [ 127.07642842167283, 37.653241231634155 ], [ 127.076444965842697, 37.655868045192491 ], [ 127.074834855468438, 37.656382023678205 ], [ 127.07461828214204, 37.656465765473456 ], [ 127.074159249589613, 37.656676436189187 ], [ 127.074015204898814, 37.656750485964984 ], [ 127.073881275864153, 37.656835695748669 ], [ 127.07351735861161, 37.657092206127871 ], [ 127.073411627437679, 37.65717348882729 ], [ 127.072591368226099, 37.657861073136218 ], [ 127.072339637955352, 37.65770438511688 ], [ 127.072191102589017, 37.657621691255706 ], [ 127.072032336551189, 37.657552041255677 ], [ 127.071566352498024, 37.657372678128695 ], [ 127.071445111204028, 37.657330556947691 ], [ 127.071320117951004, 37.65729605699768 ], [ 127.070739962528194, 37.65715577642947 ], [ 127.070663018537118, 37.657138730077456 ], [ 127.069855910270121, 37.65697605669731 ], [ 127.069386730468167, 37.656843517579844 ], [ 127.068968287500311, 37.656644154332909 ], [ 127.068964265472104, 37.656642244044534 ], [ 127.068066797858933, 37.656217312697365 ], [ 127.067944878819389, 37.656164816227189 ], [ 127.066758537010827, 37.655702680322044 ], [ 127.066621125604229, 37.655655002408793 ], [ 127.066478966361515, 37.655617132093909 ], [ 127.065027857051305, 37.655286351998996 ], [ 127.064985002078615, 37.655277062718667 ], [ 127.06407662091317, 37.655090255448435 ], [ 127.062408172119547, 37.654017057460173 ], [ 127.062580646795212, 37.653297144260577 ], [ 127.063463594960041, 37.650295499364788 ], [ 127.063767430546235, 37.649496291953383 ], [ 127.064490342022296, 37.647974649504903 ], [ 127.065537064071478, 37.645955121739625 ] ], [ [ 127.126796883377366, 37.397462250697451 ], [ 127.126799590383897, 37.397474186557595 ], [ 127.126916351287917, 37.397976148842147 ], [ 127.126974780736759, 37.398630327774953 ], [ 127.126976172384673, 37.399148141536173 ], [ 127.126810363411849, 37.400850504259047 ], [ 127.126609739951263, 37.402755068011238 ], [ 127.126603791576429, 37.402865105926004 ], [ 127.126601738783492, 37.403560046029995 ], [ 127.126607412025592, 37.403673812618933 ], [ 127.126737163161565, 37.404935150016868 ], [ 127.126743689052873, 37.404986529688166 ], [ 127.126897897235779, 37.406006072440313 ], [ 127.127020577669882, 37.40863235302141 ], [ 127.126990242111646, 37.411793829126161 ], [ 127.126990372249566, 37.411796333093704 ], [ 127.126990206191962, 37.411798827960965 ], [ 127.126990746841429, 37.411808376930772 ], [ 127.126990280235688, 37.411817937571008 ], [ 127.127072523902925, 37.418263535316015 ], [ 127.12707422648937, 37.423501656250473 ], [ 127.127075944934035, 37.423562168937544 ], [ 127.127162371453835, 37.425091814959742 ], [ 127.127169964273065, 37.425172463142147 ], [ 127.127275449982122, 37.425971816832678 ], [ 127.127300206002005, 37.426099989624156 ], [ 127.127615311176982, 37.427334523295222 ], [ 127.127814714533457, 37.428315054461471 ], [ 127.127825679024767, 37.429086358677367 ], [ 127.127384499923139, 37.432131205824589 ], [ 127.126124530371001, 37.439568014654434 ], [ 127.125519867443714, 37.442809730435499 ], [ 127.125511202612998, 37.442863595940622 ], [ 127.125272829674415, 37.444625116805753 ], [ 127.12526534338555, 37.44469977512005 ], [ 127.124997622576316, 37.448794541014109 ], [ 127.124997530582547, 37.448819029961641 ], [ 127.12499553666531, 37.448843467367723 ], [ 127.124948647008438, 37.451198421881898 ], [ 127.124762197177276, 37.454151828988692 ], [ 127.124761378429753, 37.454166352547176 ], [ 127.124678388893443, 37.455838891669984 ], [ 127.124418462612354, 37.456901338010752 ], [ 127.124415393458747, 37.456914214856283 ], [ 127.124231311661191, 37.457707482524015 ], [ 127.124212326623876, 37.457811944573905 ], [ 127.124203621839442, 37.457917268909327 ], [ 127.124170084850434, 37.458916643137584 ], [ 127.124170905783274, 37.459008259243618 ], [ 127.124248352835835, 37.460512049156371 ], [ 127.124526890308061, 37.466123368299684 ], [ 127.124528139404674, 37.466144388413106 ], [ 127.124861717841029, 37.470963684423566 ], [ 127.12486254859482, 37.470970015692146 ], [ 127.124862671873572, 37.470976380731983 ], [ 127.124987213932613, 37.472512638000474 ], [ 127.124908543484537, 37.47355637827318 ], [ 127.124775955709978, 37.4740609024579 ], [ 127.124382767668607, 37.474438336291115 ], [ 127.123839467260453, 37.474666497863829 ], [ 127.122348293987656, 37.475046623580546 ], [ 127.118658497874577, 37.475553225851023 ], [ 127.118635772952544, 37.475556472610975 ], [ 127.114750833291083, 37.476133226354278 ], [ 127.114603791975895, 37.476160499063106 ], [ 127.114460375079005, 37.476198082055738 ], [ 127.114321718341344, 37.476245677707638 ], [ 127.114188919813131, 37.476302909102273 ], [ 127.112497847276344, 37.477111173987609 ], [ 127.112308908855709, 37.477215991175385 ], [ 127.111227110776809, 37.477907492154394 ], [ 127.115002892055458, 37.472194189503668 ], [ 127.115032062933011, 37.472147917740358 ], [ 127.118350101214176, 37.466623030411846 ], [ 127.118422931401653, 37.4664817718823 ], [ 127.118475310471609, 37.466334867671819 ], [ 127.119716076798312, 37.4619200540631 ], [ 127.11974679033392, 37.461773330913935 ], [ 127.120252531908392, 37.458133075613745 ], [ 127.120262803140179, 37.457992899598693 ], [ 127.120427505656025, 37.437453174116179 ], [ 127.120425423425928, 37.437376993486573 ], [ 127.119974593151696, 37.430188866868278 ], [ 127.119413549903939, 37.421398232719035 ], [ 127.119557651454784, 37.41645868077623 ], [ 127.122427952768987, 37.396085949774026 ], [ 127.126225602716787, 37.396069010926119 ], [ 127.126657178170703, 37.396830078715091 ], [ 127.126796883377366, 37.397462250697451 ] ], [ [ 127.13369311604275, 37.436006539722705 ], [ 127.133700408129314, 37.436007676457351 ], [ 127.134942012288576, 37.436198966965208 ], [ 127.136088695260639, 37.436569409678384 ], [ 127.1367806511564, 37.436872935314909 ], [ 127.138086805096933, 37.437619495178851 ], [ 127.138116799930557, 37.437636250989513 ], [ 127.139873738344562, 37.438595304701849 ], [ 127.142698636042098, 37.440262718001527 ], [ 127.142790689647228, 37.440313390589594 ], [ 127.143847915981709, 37.440855186080654 ], [ 127.144824351509129, 37.441354589099959 ], [ 127.144887204284544, 37.441385219278523 ], [ 127.145602141213089, 37.441716838679199 ], [ 127.145714182983042, 37.441764424680144 ], [ 127.145830375688007, 37.441805193883987 ], [ 127.146936225040179, 37.442154417077319 ], [ 127.149778292248826, 37.443195983395533 ], [ 127.153151700472023, 37.444726364644822 ], [ 127.155059934991229, 37.445687346714266 ], [ 127.155265741573018, 37.445812870466597 ], [ 127.15536734644111, 37.445905236466132 ], [ 127.155607015488442, 37.446201214456309 ], [ 127.15574625418688, 37.446424952813743 ], [ 127.155996217617869, 37.446934066340312 ], [ 127.15708564279366, 37.449527508796805 ], [ 127.157099863526739, 37.449559983156647 ], [ 127.158438806950542, 37.452496864520043 ], [ 127.158445110729957, 37.452508827123566 ], [ 127.158450210736078, 37.452521149006031 ], [ 127.158884497840177, 37.453419620811061 ], [ 127.158900372179403, 37.453528656992809 ], [ 127.158832877586448, 37.453645728362865 ], [ 127.158256353827042, 37.454230652774818 ], [ 127.157485588242153, 37.454688700510907 ], [ 127.156406405611648, 37.454899761983626 ], [ 127.154290174858829, 37.455135787192056 ], [ 127.15194242085731, 37.455376953518709 ], [ 127.14984046646471, 37.455524855129333 ], [ 127.149835104321895, 37.455525444940712 ], [ 127.149829600824759, 37.4555256441352 ], [ 127.1497715508618, 37.455532333011341 ], [ 127.149713579965223, 37.455537641451407 ], [ 127.149694712142946, 37.455540887353465 ], [ 127.149675591141062, 37.455542990551251 ], [ 127.149670326881093, 37.455543996593946 ], [ 127.149664875260555, 37.455544624757032 ], [ 127.149607929604741, 37.455555816835691 ], [ 127.149550887655266, 37.455565629909714 ], [ 127.149091469304537, 37.455663695887417 ], [ 127.148926823206537, 37.455706124895251 ], [ 127.14876845679558, 37.455761706740269 ], [ 127.148618018461249, 37.455829862891996 ], [ 127.147858309605425, 37.45621619407332 ], [ 127.147672200459766, 37.456325754540138 ], [ 127.145513033194987, 37.457788291253074 ], [ 127.143449698547741, 37.45881273424699 ], [ 127.143390518821519, 37.458843497882974 ], [ 127.13876706017534, 37.46135768894397 ], [ 127.136867706114671, 37.462296527281403 ], [ 127.129255887813258, 37.465339243466872 ], [ 127.129172704503659, 37.465374833482223 ], [ 127.127913409489338, 37.465950154140451 ], [ 127.127637860963631, 37.460404089987229 ], [ 127.127637759360539, 37.460402082566915 ], [ 127.127562553397439, 37.45894308770535 ], [ 127.127590965588382, 37.458095288406824 ], [ 127.127749381917781, 37.457412490112574 ], [ 127.128032582129279, 37.456254700647094 ], [ 127.128052528319202, 37.456152472830532 ], [ 127.128062610815221, 37.456049328459812 ], [ 127.128150301134625, 37.454280446133154 ], [ 127.128337625995798, 37.451311056539581 ], [ 127.128339553975792, 37.451264557023492 ], [ 127.128386313260805, 37.448910815877241 ], [ 127.128649808446141, 37.444877901516605 ], [ 127.128879411916643, 37.443180622381632 ], [ 127.129480588130832, 37.439956827419067 ], [ 127.129481702148681, 37.43994784018517 ], [ 127.129483767121343, 37.439938960526895 ], [ 127.130242057911488, 37.435462250775203 ], [ 127.13369311604275, 37.436006539722705 ] ], [ [ 127.106749163271772, 37.310151473798271 ], [ 127.106771680956925, 37.310547177722746 ], [ 127.106746906352555, 37.311428056460713 ], [ 127.106728091810211, 37.312090705330291 ], [ 127.106655831113017, 37.31266247659957 ], [ 127.106654931124467, 37.312676417996592 ], [ 127.10665268177236, 37.312690261819405 ], [ 127.106624509484675, 37.312971043841515 ], [ 127.106509425693446, 37.313401933960364 ], [ 127.106141521354814, 37.314746008815312 ], [ 127.10612203570011, 37.314829758392406 ], [ 127.106044441361561, 37.315233722152925 ], [ 127.106092324378821, 37.309137862511477 ], [ 127.106122417490411, 37.309162795238848 ], [ 127.106498756856851, 37.309534880457839 ], [ 127.106687863836655, 37.309880776100755 ], [ 127.106749163271772, 37.310151473798271 ] ], [ [ 127.10630478241869, 37.329044959550195 ], [ 127.107041770906235, 37.333631389625758 ], [ 127.107226457063376, 37.335067013928622 ], [ 127.107312811398259, 37.336485568983477 ], [ 127.107272033993524, 37.339847789954419 ], [ 127.107242406588313, 37.341869357535415 ], [ 127.106922541137507, 37.341756521247824 ], [ 127.106830967580166, 37.341726737228676 ], [ 127.105838525436326, 37.341430609650075 ], [ 127.105961802881865, 37.325750548496885 ], [ 127.106114331116999, 37.327476533616696 ], [ 127.106118014743274, 37.32751168116922 ], [ 127.106298899102711, 37.329003217118348 ], [ 127.10630478241869, 37.329044959550195 ] ], [ [ 127.106987605450954, 37.344968846763344 ], [ 127.10705585856492, 37.345135870811916 ], [ 127.107090393636284, 37.345417453127226 ], [ 127.107126719361844, 37.350040428938762 ], [ 127.10708424910932, 37.353075936966412 ], [ 127.107030054400653, 37.354499521055025 ], [ 127.106918328510901, 37.355267487307678 ], [ 127.106550316107885, 37.35710519221098 ], [ 127.106541158382001, 37.357157441745038 ], [ 127.106357980859428, 37.358375255220842 ], [ 127.106346645418682, 37.358496378939115 ], [ 127.106308474008387, 37.359524298233865 ], [ 127.106317112483083, 37.359706469083058 ], [ 127.106409026695673, 37.360400635372436 ], [ 127.106403003902315, 37.360530657297957 ], [ 127.10640188064022, 37.36057212412247 ], [ 127.106356387170266, 37.366353724070471 ], [ 127.106314181209981, 37.368221519197867 ], [ 127.106314016820079, 37.36826138285268 ], [ 127.106358502315473, 37.371361769771013 ], [ 127.10635336797678, 37.372166875706668 ], [ 127.106333446901303, 37.372892622477536 ], [ 127.106333060228394, 37.372928754962665 ], [ 127.106336102014922, 37.373432152386464 ], [ 127.10634487992715, 37.373563243262268 ], [ 127.106369546354415, 37.373693036816832 ], [ 127.10640986883584, 37.373820309424154 ], [ 127.106635236846074, 37.374409621237369 ], [ 127.106680944979772, 37.374512558948844 ], [ 127.106685033396616, 37.37477168181497 ], [ 127.106477687083697, 37.374424303789077 ], [ 127.105919180177921, 37.373068279965644 ], [ 127.105639012860038, 37.371776658401082 ], [ 127.105646520336748, 37.370342460824524 ], [ 127.105807614211187, 37.345360694930541 ], [ 127.105815781054559, 37.344322416869659 ], [ 127.106531577814735, 37.344574920373994 ], [ 127.106835712636794, 37.344760833193973 ], [ 127.106863371660424, 37.34478391499227 ], [ 127.106987605450954, 37.344968846763344 ] ], [ [ 127.118033019825106, 37.390008802963031 ], [ 127.118727589412103, 37.391650397024719 ], [ 127.119065765552619, 37.392942059742374 ], [ 127.119087448717835, 37.393396596912261 ], [ 127.112847693631309, 37.393423989490032 ], [ 127.112821291296925, 37.384865163985552 ], [ 127.115076478472133, 37.386860409516913 ], [ 127.117081305530306, 37.388703719319835 ], [ 127.118033019825106, 37.390008802963031 ] ], [ [ 127.113222640053934, 37.379462666112353 ], [ 127.122308794608941, 37.386023807372091 ], [ 127.125457962462136, 37.388365767252161 ], [ 127.126338713709401, 37.389024101262436 ], [ 127.126482534821676, 37.389167212957403 ], [ 127.126527107889842, 37.389738362772789 ], [ 127.126582175099514, 37.390633357460544 ], [ 127.126657170739193, 37.393031289242124 ], [ 127.126651024467904, 37.393362951246104 ], [ 127.122478374470404, 37.393381572617685 ], [ 127.122447046755056, 37.392725478598408 ], [ 127.122435674552847, 37.392612374848753 ], [ 127.122412456438653, 37.392500430182494 ], [ 127.122024305995282, 37.3910181411526 ], [ 127.121971079778703, 37.390862140288426 ], [ 127.12118920844641, 37.389014396331859 ], [ 127.121126581527605, 37.388887803649688 ], [ 127.121048322119989, 37.388766875968017 ], [ 127.119930199283544, 37.387233678751329 ], [ 127.119843841977016, 37.387127103354004 ], [ 127.119745342069891, 37.3870274582587 ], [ 127.117625279859482, 37.385078261190841 ], [ 127.117603805765157, 37.385058894357215 ], [ 127.110645866902246, 37.378902660752807 ], [ 127.110333841489734, 37.378311886525061 ], [ 127.110137137458807, 37.377402902247184 ], [ 127.110134074457349, 37.377284762464271 ], [ 127.113222640053934, 37.379462666112353 ] ], [ [ 127.106376851819164, 37.288384728278992 ], [ 127.106251090764445, 37.28851732990762 ], [ 127.106444146169551, 37.262956716919838 ], [ 127.106759618672754, 37.262967219398796 ], [ 127.107380875279489, 37.263080428606585 ], [ 127.107521117692741, 37.263101057075275 ], [ 127.107663035560719, 37.263112171936065 ], [ 127.108676411153951, 37.263157180011724 ], [ 127.108680187312387, 37.263157199385468 ], [ 127.108683944632546, 37.263157501105127 ], [ 127.111189738922832, 37.263259798843094 ], [ 127.111876392787892, 37.263329387221866 ], [ 127.11252993497807, 37.263501949001842 ], [ 127.113087557115293, 37.263766341419064 ], [ 127.113631950724809, 37.264167934112699 ], [ 127.113899302857618, 37.264436839922993 ], [ 127.114084279973994, 37.264723047913414 ], [ 127.114263620999353, 37.265355585890433 ], [ 127.114315733175559, 37.266225150963116 ], [ 127.114306646999836, 37.267946963219671 ], [ 127.114292367711315, 37.270614058898211 ], [ 127.114292358501444, 37.270616160848519 ], [ 127.114285404918078, 37.272655843543774 ], [ 127.114269267804801, 37.275478535095878 ], [ 127.114228898089877, 37.278448740896017 ], [ 127.114170030603304, 37.281137578687016 ], [ 127.114106242150882, 37.281543953664304 ], [ 127.114020571008894, 37.281739593068579 ], [ 127.113814398188907, 37.281989278656432 ], [ 127.113513284010381, 37.282287792877213 ], [ 127.112345660711838, 37.283296045836508 ], [ 127.110097835253967, 37.285212821213172 ], [ 127.106947748903039, 37.287867873128818 ], [ 127.106913080703336, 37.287897991725089 ], [ 127.106462846116642, 37.288301216950863 ], [ 127.106376851819164, 37.288384728278992 ] ], [ [ 127.10539483567625, 37.486980976688756 ], [ 127.104782358846677, 37.486799624415319 ], [ 127.105600558599633, 37.486186992752586 ], [ 127.105648367979256, 37.486149754498285 ], [ 127.110504617375824, 37.482214920715428 ], [ 127.112825296545793, 37.480352324300732 ], [ 127.11434188720699, 37.479382889912834 ], [ 127.115672243617638, 37.478747027956253 ], [ 127.119245844938845, 37.478216490784455 ], [ 127.123040724810664, 37.47769545897652 ], [ 127.123269493576274, 37.477650823745542 ], [ 127.12501520253339, 37.477205811231286 ], [ 127.125138059987265, 37.477169688904361 ], [ 127.125130720895783, 37.477194959365185 ], [ 127.124664488885429, 37.47804393807165 ], [ 127.124660232804885, 37.478052855625521 ], [ 127.124655052117049, 37.478061456846746 ], [ 127.122674539450344, 37.481810655678103 ], [ 127.122663957739519, 37.481831154486805 ], [ 127.120816220504111, 37.485495471771195 ], [ 127.1208103946732, 37.485508893484585 ], [ 127.120803287505424, 37.485521917283101 ], [ 127.119531935520428, 37.488204374076894 ], [ 127.118770806955396, 37.489689246892048 ], [ 127.118380775802365, 37.490342879954866 ], [ 127.118003227538196, 37.490886463603353 ], [ 127.109749632401474, 37.488390439670489 ], [ 127.105442649797936, 37.486995793445054 ], [ 127.10539483567625, 37.486980976688756 ] ], [ [ 127.095546696917651, 37.485798769375116 ], [ 127.095699772259664, 37.485925367656087 ], [ 127.097286049523362, 37.487077009441279 ], [ 127.097377382518459, 37.487138758313932 ], [ 127.098193866343649, 37.487652392782977 ], [ 127.098332074829798, 37.4877307297415 ], [ 127.098479407782904, 37.487797680039257 ], [ 127.098550546146583, 37.487826351288142 ], [ 127.097208358422336, 37.48917471103664 ], [ 127.097113519351311, 37.489279976351476 ], [ 127.097031762383764, 37.489391992774692 ], [ 127.094837465803479, 37.492759990511978 ], [ 127.094666978421301, 37.492903356406366 ], [ 127.093862082808016, 37.493318074442641 ], [ 127.092000212968671, 37.493944674549866 ], [ 127.090352771937489, 37.494497043058999 ], [ 127.090338999001375, 37.494501717925175 ], [ 127.088598233808312, 37.495099800121551 ], [ 127.088340973058578, 37.495018855186814 ], [ 127.08827443580978, 37.4949991909359 ], [ 127.08727018365208, 37.494721282879119 ], [ 127.08496313372153, 37.493971950840589 ], [ 127.081734612067748, 37.492907242480079 ], [ 127.083059497420933, 37.489998952702621 ], [ 127.083063161167928, 37.489990829216048 ], [ 127.084931268171076, 37.485806575634236 ], [ 127.084950152538326, 37.485761814693227 ], [ 127.085227816682774, 37.485063527544568 ], [ 127.085363971234528, 37.484938232792217 ], [ 127.085501264353439, 37.484871897057239 ], [ 127.087708929748146, 37.48446808568319 ], [ 127.089947685502665, 37.484431048019538 ], [ 127.091704922697673, 37.484510686848125 ], [ 127.093239215931888, 37.484587390361156 ], [ 127.093985641394838, 37.484651473576733 ], [ 127.094570231003985, 37.484878243822614 ], [ 127.095546696917651, 37.485798769375116 ] ], [ [ 127.119168473425077, 37.494332208869253 ], [ 127.121142337688511, 37.495382489794054 ], [ 127.122367023670833, 37.49607452944386 ], [ 127.123014982961152, 37.496647978597025 ], [ 127.123265468417685, 37.496976529089856 ], [ 127.124548042369028, 37.499784380119607 ], [ 127.124572911284943, 37.499835564302948 ], [ 127.124912648786051, 37.500494726321008 ], [ 127.124950725835618, 37.500563149141215 ], [ 127.125227032743183, 37.501024733818959 ], [ 127.125285053725463, 37.501113113841427 ], [ 127.125351094798518, 37.501197845612644 ], [ 127.125845980716079, 37.501783425957612 ], [ 127.124627399021023, 37.502598550117618 ], [ 127.124013379567216, 37.50300644902164 ], [ 127.123836973274877, 37.503141992812076 ], [ 127.12370804474466, 37.50325648642707 ], [ 127.123568429468719, 37.503398488164741 ], [ 127.123435486101329, 37.503554062659767 ], [ 127.123346143501848, 37.503670916128442 ], [ 127.123272082591825, 37.503794365056955 ], [ 127.12311374280641, 37.504096736570958 ], [ 127.123069173128869, 37.504191725349898 ], [ 127.12289716625844, 37.504604938389079 ], [ 127.12284291158312, 37.504769148901389 ], [ 127.122767975114414, 37.505072138220847 ], [ 127.122744953890248, 37.505194508289975 ], [ 127.122712325677185, 37.505446000241129 ], [ 127.122703449316845, 37.505600860308704 ], [ 127.122706799486892, 37.505828403021077 ], [ 127.12271508153475, 37.505946888107289 ], [ 127.122736373137514, 37.506064338254397 ], [ 127.122787246955497, 37.506278154243191 ], [ 127.122829481342492, 37.506415792397434 ], [ 127.122889565305385, 37.506549153484961 ], [ 127.122977048630929, 37.506715371941993 ], [ 127.123013930071622, 37.506780557049069 ], [ 127.123448446533473, 37.507497304581442 ], [ 127.123449783699471, 37.507499505169193 ], [ 127.124502736029584, 37.509228327456974 ], [ 127.124511201125159, 37.509240647115057 ], [ 127.124518444856022, 37.509253451395466 ], [ 127.127040615474897, 37.513184272764789 ], [ 127.127578423647563, 37.51402470923766 ], [ 127.126705133747038, 37.514108865090641 ], [ 127.126521285151824, 37.514134821257059 ], [ 127.119791930787258, 37.515392228225963 ], [ 127.119733632283726, 37.515403991369922 ], [ 127.118789351387079, 37.515608764936793 ], [ 127.118779127738065, 37.515611009304251 ], [ 127.11792762919606, 37.515800214414014 ], [ 127.117846936468894, 37.515790208465312 ], [ 127.117587620967782, 37.515699701543134 ], [ 127.117484009596808, 37.515644194515943 ], [ 127.117352067207435, 37.515499140503955 ], [ 127.116787513428903, 37.514648075939171 ], [ 127.113744189366514, 37.509709414650274 ], [ 127.112903956218886, 37.50834074421811 ], [ 127.112881398736292, 37.50830532692077 ], [ 127.112542909227258, 37.507792665956899 ], [ 127.112454386877261, 37.507673772979089 ], [ 127.11186606671761, 37.506968458407826 ], [ 127.111793712058358, 37.506888234614159 ], [ 127.111184923586848, 37.506262779207127 ], [ 127.111125582118703, 37.506205164489444 ], [ 127.110426591082998, 37.505563422153912 ], [ 127.110288133004588, 37.505450378515178 ], [ 127.109573749382221, 37.504931525647955 ], [ 127.113834042903704, 37.500246472345601 ], [ 127.113835797236192, 37.500244328928304 ], [ 127.113837797330717, 37.500242326791742 ], [ 127.119168473425077, 37.494332208869253 ] ], [ [ 127.114366431463125, 37.517192685440676 ], [ 127.114331885439356, 37.517146346256297 ], [ 127.11429832158737, 37.517099384738842 ], [ 127.114296142953279, 37.517096931759241 ], [ 127.114294262123209, 37.517094327122599 ], [ 127.114287394249757, 37.517086666772521 ], [ 127.114281381914992, 37.51707860195296 ], [ 127.114241306898776, 37.517035190382579 ], [ 127.114202119425997, 37.516991068083712 ], [ 127.114199649439058, 37.516988797008644 ], [ 127.114197457159833, 37.516986351756252 ], [ 127.113871108599014, 37.51665772070443 ], [ 127.113753376059407, 37.516551173473275 ], [ 127.113622269262791, 37.516455044804928 ], [ 127.113479233173891, 37.516370394124763 ], [ 127.113325844212412, 37.516298154356768 ], [ 127.112693641709726, 37.516035056663469 ], [ 127.112568942239491, 37.515988194031976 ], [ 127.110312144211505, 37.515227706351659 ], [ 127.107489010404009, 37.514247315909351 ], [ 127.103883555828844, 37.512989373871392 ], [ 127.103870903864959, 37.512985537015922 ], [ 127.103858687218477, 37.512980884111208 ], [ 127.103856198847552, 37.512980165446265 ], [ 127.103853809925738, 37.512979262855389 ], [ 127.10270630360732, 37.512599456097462 ], [ 127.103981554705555, 37.511111495172159 ], [ 127.107440333447741, 37.507285129413653 ], [ 127.107765702524659, 37.507521447950829 ], [ 127.108356176565351, 37.50806357885935 ], [ 127.108889372570872, 37.508611393905703 ], [ 127.109384272637854, 37.509204739518943 ], [ 127.109663762587445, 37.509628069539403 ], [ 127.110492224712161, 37.510977660600318 ], [ 127.11049332043477, 37.510979442217767 ], [ 127.113551212687582, 37.515941911371897 ], [ 127.113574134365066, 37.515977749137157 ], [ 127.114206420155469, 37.516930980177882 ], [ 127.114265961437482, 37.517013563429508 ], [ 127.114282792623939, 37.517035113278062 ], [ 127.11434948531361, 37.517114153848205 ], [ 127.114728660236509, 37.517531025969376 ], [ 127.114821423218871, 37.517624107918842 ], [ 127.114847480564038, 37.517648016694274 ], [ 127.114950147746669, 37.517734250584027 ], [ 127.115061925628368, 37.517812969919873 ], [ 127.115092832643072, 37.517832878677162 ], [ 127.115212857219191, 37.517903474961116 ], [ 127.115693207568313, 37.518160814058746 ], [ 127.115822960045875, 37.518223797534567 ], [ 127.115858434207965, 37.518239327102599 ], [ 127.115994737963561, 37.51829281543052 ], [ 127.116595755454441, 37.518502585260663 ], [ 127.116801855138291, 37.51856220205913 ], [ 127.116857872296919, 37.518575211904867 ], [ 127.117071901192901, 37.518613168909049 ], [ 127.117733785208245, 37.518695242685915 ], [ 127.117913749527688, 37.518709788072151 ], [ 127.117961862921874, 37.51871162191199 ], [ 127.11814274887449, 37.518710830298936 ], [ 127.118322501899073, 37.518694710723111 ], [ 127.11837001276848, 37.518688392842897 ], [ 127.118546591360257, 37.518657128304667 ], [ 127.119746349557104, 37.518390540757707 ], [ 127.120651975764829, 37.518194149587842 ], [ 127.125433281773624, 37.517300785287055 ], [ 127.127245216514325, 37.516962177629871 ], [ 127.128167810863317, 37.516873269624526 ], [ 127.128710652937315, 37.516864922400089 ], [ 127.128988373399991, 37.516912406021838 ], [ 127.129508787331417, 37.517037008310972 ], [ 127.130968411521124, 37.519115728824417 ], [ 127.131088563636681, 37.51929784845106 ], [ 127.131310689944826, 37.519679578999607 ], [ 127.131588559651746, 37.520173687888771 ], [ 127.132216602019881, 37.521732232449416 ], [ 127.133054258447842, 37.523940500090262 ], [ 127.134587881610059, 37.528048148426898 ], [ 127.134588331213024, 37.528049166747877 ], [ 127.134588658764528, 37.528050225625748 ], [ 127.134589331541719, 37.528051741659624 ], [ 127.134589815717149, 37.528053291042227 ], [ 127.135558677093783, 37.530610830435833 ], [ 127.136351833029366, 37.532773722284041 ], [ 127.136288736104376, 37.532887541513261 ], [ 127.136159385484078, 37.532988261283762 ], [ 127.135666370145799, 37.533306672440062 ], [ 127.135017671491809, 37.533584017091499 ], [ 127.131786971253788, 37.53463286266031 ], [ 127.124566402677303, 37.536864393885345 ], [ 127.123118921662552, 37.532932700359005 ], [ 127.122164028939494, 37.530065867437891 ], [ 127.122155977920571, 37.53004573828823 ], [ 127.122149641500627, 37.530025243370567 ], [ 127.122134958570072, 37.529992143819882 ], [ 127.122122200032976, 37.529958507289678 ], [ 127.122117334042471, 37.52994912074449 ], [ 127.122113463954733, 37.529939444724796 ], [ 127.122102971738641, 37.529920036190006 ], [ 127.12209414556807, 37.52990013940628 ], [ 127.122075463595905, 37.529868352121746 ], [ 127.122058623183506, 37.529835866699358 ], [ 127.119194941886974, 37.524998989480103 ], [ 127.119186328131235, 37.524984658349823 ], [ 127.115225401480004, 37.518492260851211 ], [ 127.115177770115594, 37.51841983659741 ], [ 127.114867276678751, 37.517980569574426 ], [ 127.114380731930666, 37.517214690654278 ], [ 127.114378865631679, 37.517212079392991 ], [ 127.114377314365072, 37.517209340455466 ], [ 127.114371423507023, 37.517201182625193 ], [ 127.114366431463125, 37.517192685440676 ] ], [ [ 127.105455211841843, 37.604486825443381 ], [ 127.105027676825486, 37.604234653188271 ], [ 127.104590377608218, 37.603922431371778 ], [ 127.104070743596381, 37.603508541949999 ], [ 127.102875161675328, 37.602490338281726 ], [ 127.10276464152129, 37.602404402466135 ], [ 127.102000335883773, 37.601861913387779 ], [ 127.10190274807411, 37.601797679102823 ], [ 127.101799418247339, 37.601739406112188 ], [ 127.100969388827281, 37.601307352042191 ], [ 127.100874378136069, 37.601261355925466 ], [ 127.099542753594122, 37.600663287139497 ], [ 127.099467233041906, 37.600631334900939 ], [ 127.097904143383388, 37.600009618864576 ], [ 127.0977978463212, 37.599970915035996 ], [ 127.097296820412481, 37.599804820765144 ], [ 127.095247171334591, 37.5988621566446 ], [ 127.095141551673578, 37.598817449458807 ], [ 127.092983306717599, 37.597980046963563 ], [ 127.092968229085315, 37.59797426956375 ], [ 127.0891056542482, 37.596512728110518 ], [ 127.087560759790875, 37.595291781986006 ], [ 127.08915578993907, 37.589044925804849 ], [ 127.089713042791146, 37.587342407748885 ], [ 127.089726069666042, 37.587299783705383 ], [ 127.089891306019311, 37.586718191634866 ], [ 127.089912011841605, 37.586632558549205 ], [ 127.090056299403201, 37.585911142699828 ], [ 127.090068530513051, 37.585836741424188 ], [ 127.09012907687638, 37.585367536956007 ], [ 127.09013740295471, 37.58526418120212 ], [ 127.09013576296465, 37.585160621502524 ], [ 127.090087204096847, 37.584402260072018 ], [ 127.090057842169131, 37.583735685316299 ], [ 127.090227601291815, 37.58283939445262 ], [ 127.090343937636817, 37.582237788132652 ], [ 127.090360873111933, 37.58211016843736 ], [ 127.090362528473065, 37.581981845783481 ], [ 127.090353063695247, 37.58177951295454 ], [ 127.090338388846718, 37.58164555159 ], [ 127.090190131117978, 37.580787865684272 ], [ 127.090189870968629, 37.58078676420098 ], [ 127.090189745408267, 37.580785647892164 ], [ 127.089834462185962, 37.578755131236697 ], [ 127.089286469404669, 37.575634139806454 ], [ 127.089285569369338, 37.575629083305579 ], [ 127.089017974275052, 37.574145850268472 ], [ 127.088988719770853, 37.574023838861038 ], [ 127.088945519971332, 37.573904479303195 ], [ 127.088888739571217, 37.573788779052066 ], [ 127.088818857886324, 37.573677714673714 ], [ 127.088736464806203, 37.573572223600962 ], [ 127.088242798091954, 37.573000515158824 ], [ 127.088222132402294, 37.572978933044183 ], [ 127.088203074645762, 37.572956433012621 ], [ 127.087935014797196, 37.572671219075339 ], [ 127.087891506554726, 37.572606750758283 ], [ 127.087879591321411, 37.572502532450095 ], [ 127.087860746300251, 37.572034530246135 ], [ 127.087849986942686, 37.570214785624017 ], [ 127.087849389151955, 37.57018472210784 ], [ 127.087829094629967, 37.56958536814448 ], [ 127.087820580148957, 37.569481793499627 ], [ 127.087802108349351, 37.569379043997934 ], [ 127.087718802131121, 37.569015729090246 ], [ 127.087681155921985, 37.56888734474483 ], [ 127.087585359044425, 37.568620232933263 ], [ 127.087509191360269, 37.568451267057263 ], [ 127.087214819120589, 37.567913541392414 ], [ 127.085932377978722, 37.565522171244375 ], [ 127.085928489706731, 37.56551580521915 ], [ 127.085925316964108, 37.565509192531323 ], [ 127.083843261562095, 37.561736234885586 ], [ 127.081696758326316, 37.557817431569944 ], [ 127.088151467012366, 37.555325306932438 ], [ 127.088283908952548, 37.555268259195209 ], [ 127.08882820982906, 37.555008333956685 ], [ 127.08897560195598, 37.554929317072457 ], [ 127.089274519383096, 37.554750283080573 ], [ 127.089427491536384, 37.55464684562611 ], [ 127.089861585889054, 37.554316235424956 ], [ 127.089933205228164, 37.554258307792018 ], [ 127.090222348955336, 37.554009927821042 ], [ 127.090334974720051, 37.553902530155511 ], [ 127.090433056459617, 37.553786441173195 ], [ 127.090632201500028, 37.553522162646686 ], [ 127.090718623520289, 37.553391866998197 ], [ 127.09124172069285, 37.552486952452952 ], [ 127.091251150958811, 37.552468276187099 ], [ 127.091262162793626, 37.552450156866385 ], [ 127.091819520680232, 37.551405140154067 ], [ 127.092170947250111, 37.550965539615042 ], [ 127.092401304146023, 37.550786781292366 ], [ 127.09263888264708, 37.550644701200419 ], [ 127.092929593659036, 37.55051459699218 ], [ 127.095974739697596, 37.549381500799214 ], [ 127.101604357654764, 37.547428680676866 ], [ 127.104244736243544, 37.546524260903048 ], [ 127.10467286204991, 37.546408981630222 ], [ 127.105017253281517, 37.546351710386361 ], [ 127.105412208378837, 37.546310959682224 ], [ 127.105964469989857, 37.546299955910449 ], [ 127.106088318506409, 37.546293876957741 ], [ 127.106807209438713, 37.546237533795313 ], [ 127.106946506268343, 37.546221954472067 ], [ 127.10763695274909, 37.546121354914717 ], [ 127.107781772065692, 37.546094993871577 ], [ 127.108450328054204, 37.545948522123282 ], [ 127.108600815870261, 37.545909459438569 ], [ 127.118625705406046, 37.54288832929975 ], [ 127.11879017509689, 37.542830658098431 ], [ 127.119691985439658, 37.542467914186517 ], [ 127.119874512888629, 37.542382734916806 ], [ 127.120775729285526, 37.541899696095832 ], [ 127.120887024503631, 37.541834655620249 ], [ 127.12099131597941, 37.541762630618869 ], [ 127.121535334075759, 37.541354908566255 ], [ 127.122363052509314, 37.540777503953713 ], [ 127.122376627592359, 37.540767931544984 ], [ 127.122400197116377, 37.540751131935991 ], [ 127.123830419142507, 37.544726814488712 ], [ 127.125892899879389, 37.550503566698936 ], [ 127.125896040800271, 37.550510962416396 ], [ 127.125898366173033, 37.55051854677891 ], [ 127.127617292250449, 37.555129414367336 ], [ 127.12767806061359, 37.555265350922234 ], [ 127.127756679610968, 37.555395357592133 ], [ 127.128148284021279, 37.555963229651347 ], [ 127.128247182375802, 37.556089605672888 ], [ 127.128362936735229, 37.556206557457443 ], [ 127.128494143223818, 37.556312666530573 ], [ 127.128639210530935, 37.556406645920134 ], [ 127.129640342631802, 37.556985281106932 ], [ 127.129766383034578, 37.557051522277561 ], [ 127.129899317451461, 37.55710858689654 ], [ 127.130821253070323, 37.557463161887419 ], [ 127.130974131474659, 37.557514779734468 ], [ 127.131132611536145, 37.557554264422535 ], [ 127.131295177976142, 37.557581238423758 ], [ 127.134934965778641, 37.558038611233478 ], [ 127.136135615682861, 37.558204181816137 ], [ 127.13771951739156, 37.558567234503606 ], [ 127.139407363471193, 37.559233893624764 ], [ 127.140229243675037, 37.559558503764414 ], [ 127.140297818069669, 37.559679833386028 ], [ 127.140413013179341, 37.560147653604709 ], [ 127.140393398785761, 37.560355085077354 ], [ 127.136373050411294, 37.580075949713333 ], [ 127.136361351550931, 37.580144307450517 ], [ 127.136153179058113, 37.581646330045139 ], [ 127.13614311600017, 37.581814136374533 ], [ 127.136249672627628, 37.58766999125784 ], [ 127.136131781421653, 37.592382166146258 ], [ 127.13613566435609, 37.592504303240403 ], [ 127.136153387805138, 37.59262566271876 ], [ 127.1361848071043, 37.592745253547655 ], [ 127.136229665744196, 37.592862099131764 ], [ 127.136587388416515, 37.593662488818445 ], [ 127.136643525667509, 37.593772526100096 ], [ 127.136711581812719, 37.593878218994433 ], [ 127.136791031798381, 37.593978752003245 ], [ 127.136881262651826, 37.594073349437458 ], [ 127.138321070393417, 37.595452544853771 ], [ 127.138325001729683, 37.59545629678621 ], [ 127.140969854959479, 37.597971088465314 ], [ 127.141060326968557, 37.598134737873139 ], [ 127.141070315376837, 37.598354447155018 ], [ 127.140678778355792, 37.599032910510957 ], [ 127.139850670068796, 37.600072272231465 ], [ 127.139762096448109, 37.600197743566426 ], [ 127.13969078594323, 37.600329994565861 ], [ 127.139637546538694, 37.600467526930522 ], [ 127.139439250963932, 37.601097129521705 ], [ 127.138557797644026, 37.601025747135289 ], [ 127.138462796799587, 37.601020188567645 ], [ 127.137779337551308, 37.600995494894583 ], [ 127.137699772872992, 37.600994104193717 ], [ 127.137233320529404, 37.600994642676952 ], [ 127.1370091016896, 37.601006724341538 ], [ 127.136777716160651, 37.601031503116346 ], [ 127.136540155447491, 37.601070851368902 ], [ 127.136305967472396, 37.601123766475176 ], [ 127.136207406430302, 37.601148638232914 ], [ 127.135277882860024, 37.601408214202294 ], [ 127.135276216648521, 37.601408680269252 ], [ 127.131748333890727, 37.602397060720193 ], [ 127.131743075449648, 37.602398541562053 ], [ 127.126690997664454, 37.603828560821214 ], [ 127.121421815434275, 37.60526723420746 ], [ 127.119150857524417, 37.605746541527004 ], [ 127.117514125998326, 37.606005130129404 ], [ 127.11643248590596, 37.606094599007726 ], [ 127.11525785373388, 37.60612749240736 ], [ 127.113410509312686, 37.606087817545841 ], [ 127.111670525568357, 37.605930538181184 ], [ 127.11046593215255, 37.605756966919785 ], [ 127.108640514478665, 37.60534690366346 ], [ 127.106298982040613, 37.604743665257473 ], [ 127.105671904059676, 37.604581173987107 ], [ 127.105455211841843, 37.604486825443381 ] ], [ [ 127.138680530919643, 37.494401408381428 ], [ 127.134136939138429, 37.496812774018764 ], [ 127.134132707028996, 37.496815267151753 ], [ 127.134128205404053, 37.496817440038349 ], [ 127.130008183473535, 37.499033208253429 ], [ 127.129874035439414, 37.49911330847047 ], [ 127.128467054687093, 37.500043305684208 ], [ 127.128236469604275, 37.49977047429396 ], [ 127.128034379463827, 37.499432895265265 ], [ 127.127725557039057, 37.498833763624987 ], [ 127.126397355063844, 37.495926287075072 ], [ 127.126332608266836, 37.495803680076854 ], [ 127.126253053973457, 37.495686735667121 ], [ 127.125832905423138, 37.495135673767535 ], [ 127.12581425714707, 37.49511372002906 ], [ 127.125797291191788, 37.495090961946765 ], [ 127.12577229189182, 37.495063880284327 ], [ 127.125748931255231, 37.495035823426669 ], [ 127.125743969751042, 37.49503097384121 ], [ 127.125739568407795, 37.495025792330438 ], [ 127.125718306526991, 37.495005398024944 ], [ 127.125698625133964, 37.49498407717455 ], [ 127.125670418163338, 37.494959081289117 ], [ 127.125643715480251, 37.494932980868533 ], [ 127.124763278893383, 37.494153810408115 ], [ 127.124630414628143, 37.494048544683785 ], [ 127.124483794955566, 37.493955592200763 ], [ 127.123086135701513, 37.493165822962851 ], [ 127.123046852882268, 37.493144279699379 ], [ 127.12105121650724, 37.492082428521492 ], [ 127.121375335000167, 37.491615744143097 ], [ 127.121423122394347, 37.491541634323944 ], [ 127.121856020558226, 37.490816113352466 ], [ 127.121894435830711, 37.490746783147159 ], [ 127.122682048606947, 37.489210118272979 ], [ 127.122698583599785, 37.489176587586584 ], [ 127.123971534150726, 37.486490520427282 ], [ 127.125807317998465, 37.482849606774963 ], [ 127.127777666465121, 37.479119356500256 ], [ 127.128302201523283, 37.478164138301445 ], [ 127.128358406868699, 37.478047350317446 ], [ 127.128400828666287, 37.477926922519835 ], [ 127.128540675112006, 37.477445319392004 ], [ 127.128567036276991, 37.47733318855316 ], [ 127.128665197477687, 37.476789893192624 ], [ 127.128677656824422, 37.476699455039196 ], [ 127.128730360107667, 37.476145687870599 ], [ 127.128734810060422, 37.476073119793028 ], [ 127.128761639246747, 37.475099603427694 ], [ 127.128759920004612, 37.475002210723716 ], [ 127.128592553870433, 37.472341708176913 ], [ 127.128590851699343, 37.472318604703069 ], [ 127.128586119153368, 37.47226256980138 ], [ 127.129379220167834, 37.472275684721943 ], [ 127.12953705831616, 37.472272436496141 ], [ 127.129693833820696, 37.472257505955 ], [ 127.130456514276332, 37.472155984148102 ], [ 127.13061901221046, 37.472127765428581 ], [ 127.130777262122862, 37.472086999979439 ], [ 127.130929742904897, 37.472034079642242 ], [ 127.131492438152648, 37.471812030721097 ], [ 127.131625921840282, 37.471753259117577 ], [ 127.131752243765689, 37.471685170482338 ], [ 127.132235019820314, 37.471398924577777 ], [ 127.132356628082235, 37.471319589214573 ], [ 127.132468502752303, 37.471231624602424 ], [ 127.133022409545774, 37.47075376366967 ], [ 127.133150296018925, 37.470629333742487 ], [ 127.133345973476821, 37.470413985069349 ], [ 127.134800414376741, 37.47036499439681 ], [ 127.134803835506418, 37.470364744663854 ], [ 127.134807270940726, 37.47036475232494 ], [ 127.136957133407407, 37.470285357905034 ], [ 127.137013384989103, 37.470296500799691 ], [ 127.137017790140277, 37.47029811309897 ], [ 127.138194917728867, 37.470839033825648 ], [ 127.138479638563041, 37.470976380631434 ], [ 127.138628922122336, 37.471040496556341 ], [ 127.138785491608274, 37.471092412387975 ], [ 127.138947782304896, 37.471131609288015 ], [ 127.139114172310528, 37.471157695528184 ], [ 127.139282998749167, 37.471170410405797 ], [ 127.139452574391328, 37.471169626849573 ], [ 127.140372778670681, 37.471128653585133 ], [ 127.14056115128281, 37.474218369678944 ], [ 127.140561947367743, 37.474224847001118 ], [ 127.140562021557656, 37.474231355055103 ], [ 127.14064673180242, 37.475390603257154 ], [ 127.140670080089421, 37.475548777032493 ], [ 127.140728991381749, 37.475812726399866 ], [ 127.14075930762516, 37.475922074647926 ], [ 127.1408008744434, 37.476029048290904 ], [ 127.140890179785373, 37.476229145657584 ], [ 127.140982769105463, 37.476398821821135 ], [ 127.141287148862375, 37.476866257302007 ], [ 127.14132794476113, 37.476939682420905 ], [ 127.141368138006044, 37.477536738669578 ], [ 127.141368205782214, 37.477537262834552 ], [ 127.141368209280387, 37.477537789767922 ], [ 127.141593151567946, 37.480831131935467 ], [ 127.14166805185863, 37.481941920419708 ], [ 127.141681758293331, 37.482055483234504 ], [ 127.141730571840142, 37.482335387262232 ], [ 127.141763820665318, 37.482473159752274 ], [ 127.141814806169933, 37.482607444738456 ], [ 127.141882979445313, 37.482736796265762 ], [ 127.142072061494204, 37.483049097306662 ], [ 127.142141329530318, 37.483151914837336 ], [ 127.142221465609069, 37.483249589321304 ], [ 127.142311872748436, 37.483341393072152 ], [ 127.142691339181155, 37.48369423445429 ], [ 127.142775344500237, 37.483766805302082 ], [ 127.143358671063496, 37.484235190785618 ], [ 127.143528166260964, 37.484388856135446 ], [ 127.143583438429033, 37.484463682105307 ], [ 127.14411892186925, 37.485444891153229 ], [ 127.14414380867521, 37.485484988728501 ], [ 127.144167072911969, 37.485525700252609 ], [ 127.144416012688922, 37.485910114910553 ], [ 127.144502834607749, 37.486028938805774 ], [ 127.14460435263949, 37.486140121269479 ], [ 127.144719516882915, 37.486242512381921 ], [ 127.145119221453953, 37.486563434614261 ], [ 127.145203974542767, 37.486626968605933 ], [ 127.145903806535216, 37.487116642568502 ], [ 127.145949366707541, 37.487147406318442 ], [ 127.146479366016649, 37.487492693370982 ], [ 127.146571304675575, 37.487548536139172 ], [ 127.148532134732704, 37.488657422715981 ], [ 127.148544244121894, 37.488663581831219 ], [ 127.148555686196829, 37.488670503811598 ], [ 127.152858110146681, 37.491017186020599 ], [ 127.152863523960463, 37.491019837613734 ], [ 127.152868626430092, 37.491022876264346 ], [ 127.15290623008859, 37.491040986002595 ], [ 127.152942714058, 37.491060453121158 ], [ 127.153009901389979, 37.491092614805773 ], [ 127.152409301536011, 37.491398351545747 ], [ 127.152309745686665, 37.49145310738345 ], [ 127.151585499632148, 37.491882596666755 ], [ 127.151438349566391, 37.491980625197996 ], [ 127.151306023608882, 37.492091259724795 ], [ 127.151190212550034, 37.49221308667466 ], [ 127.15118350153223, 37.492221043665857 ], [ 127.150891323325865, 37.49204835204754 ], [ 127.150698784807986, 37.491922585174649 ], [ 127.150557514705284, 37.491839654487592 ], [ 127.150406251749814, 37.491768791913813 ], [ 127.150246613474451, 37.491710755211216 ], [ 127.149958481063166, 37.491620033422663 ], [ 127.149793098412516, 37.491575648940206 ], [ 127.14962286931771, 37.491545033976436 ], [ 127.149449594273065, 37.491528512341318 ], [ 127.149111983842985, 37.491510284798956 ], [ 127.148906342238959, 37.491509134197429 ], [ 127.146230870133024, 37.491623506121712 ], [ 127.144288093781896, 37.491702618747205 ], [ 127.144128660623409, 37.491715143784816 ], [ 127.143971420467025, 37.491739593771953 ], [ 127.143817774934831, 37.491775750763935 ], [ 127.143655659437002, 37.491820632032017 ], [ 127.143523526632549, 37.491862229565157 ], [ 127.143396224063252, 37.491912488717858 ], [ 127.143274644146871, 37.491971057166566 ], [ 127.142835437792783, 37.492203177130214 ], [ 127.142008533965083, 37.492632516031065 ], [ 127.141992682377918, 37.492640847323386 ], [ 127.140770144606819, 37.493291229086275 ], [ 127.138680530919643, 37.494401408381428 ] ], [ [ 127.138284660131006, 37.467786245198134 ], [ 127.138137738390469, 37.467738961832261 ], [ 127.137985922662637, 37.467702811299226 ], [ 127.137535089960082, 37.467613505754763 ], [ 127.137374346049853, 37.467588163600475 ], [ 127.13721128448033, 37.46757530165398 ], [ 127.137047426762336, 37.467575039928356 ], [ 127.134653715383166, 37.467663442728686 ], [ 127.132701346000857, 37.467729201591361 ], [ 127.132497358541315, 37.46774595932991 ], [ 127.132297398627045, 37.467782214553225 ], [ 127.132026330757739, 37.467845315111759 ], [ 127.131880717707645, 37.467885008035147 ], [ 127.131740217054855, 37.467935056312754 ], [ 127.131605985197368, 37.467995048022964 ], [ 127.131479126945322, 37.468064489404028 ], [ 127.131267911240442, 37.468191719233623 ], [ 127.131139240549118, 37.468277513671161 ], [ 127.131021830847473, 37.468373018675585 ], [ 127.130916830464187, 37.468477300193307 ], [ 127.130461899526608, 37.468977948434251 ], [ 127.130083572888182, 37.469304325679204 ], [ 127.129850022458328, 37.469442799474486 ], [ 127.129649692191506, 37.469521852697767 ], [ 127.129291213390616, 37.469569570371675 ], [ 127.128409393537737, 37.469554987023734 ], [ 127.128491223968595, 37.469034976366693 ], [ 127.128537151318241, 37.468938017357068 ], [ 127.128671056828921, 37.46880012583015 ], [ 127.129115648645069, 37.468517663623217 ], [ 127.130818766247458, 37.467739577494704 ], [ 127.138456965517349, 37.46468628865027 ], [ 127.138590417603751, 37.46462678990973 ], [ 127.138812338365, 37.464517097744611 ], [ 127.139503212398026, 37.465456667394626 ], [ 127.139508769820424, 37.465464169710003 ], [ 127.139932511018102, 37.466032012684323 ], [ 127.13999732959121, 37.466215495149278 ], [ 127.140088243306224, 37.466762515633043 ], [ 127.140112607309348, 37.467236772812512 ], [ 127.140113652543761, 37.46724600345388 ], [ 127.140113716911117, 37.467255271474514 ], [ 127.140194186133115, 37.468428309246569 ], [ 127.139781258902531, 37.468446696369675 ], [ 127.13864427944003, 37.467924228799731 ], [ 127.13850489013916, 37.467866849606452 ], [ 127.138284660131006, 37.467786245198134 ] ] ] } }
]
}
